<additional xmlns:xsi="http://www.w3.org/2001/XMLSchema-instance" xsi:noNamespaceSchemaLocation="http://sumo.dlr.de/xsd/additional_file.xsd">


	<poi id="t0" color="40,160,0" x="40.0" y="-16.75" width="10" height="15" imgFile="tree1.png" />
	<poi id="s0" color="40,160,0" x="40.0" y="23.25" width="15" height="15" imgFile="tree.png" />
	<poi id="s1" color="40,160,0" x="80.0" y="23.25" width="15" height="15" imgFile="tree.png" />
	<poi id="s2" color="40,160,0" x="120.0" y="23.25" width="15" height="15" imgFile="tree.png" />
	<poi id="t5" color="40,160,0" x="240.0" y="-16.75" width="10" height="15" imgFile="tree1.png" />
	<poi id="s5" color="40,160,0" x="240.0" y="23.25" width="15" height="15" imgFile="tree.png" />
	<poi id="t7" color="40,160,0" x="320.0" y="-16.75" width="10" height="15" imgFile="tree.png" />
	<poi id="s8" color="40,160,0" x="360.0" y="23.25" width="15" height="15" imgFile="tree1.png" />
	<poi id="s9" color="40,160,0" x="400.0" y="23.25" width="15" height="15" imgFile="tree.png" />
	<poi id="t10" color="40,160,0" x="440.0" y="-16.75" width="10" height="15" imgFile="tree1.png" />
	<poi id="t11" color="40,160,0" x="480.0" y="-16.75" width="10" height="15" imgFile="tree.png" />
	<poi id="s11" color="40,160,0" x="480.0" y="23.25" width="15" height="15" imgFile="tree.png" />
	<poi id="t12" color="40,160,0" x="520.0" y="-16.75" width="10" height="15" imgFile="tree.png" />
	<poi id="t14" color="40,160,0" x="600.0" y="-16.75" width="10" height="15" imgFile="tree.png" />
	<poi id="s14" color="40,160,0" x="600.0" y="23.25" width="15" height="15" imgFile="tree.png" />
	<poi id="t15" color="40,160,0" x="640.0" y="-16.75" width="10" height="15" imgFile="tree1.png" />
	<poi id="t17" color="40,160,0" x="720.0" y="-16.75" width="10" height="15" imgFile="tree1.png" />
	<poi id="s17" color="40,160,0" x="720.0" y="23.25" width="15" height="15" imgFile="tree.png" />
	<poi id="t19" color="40,160,0" x="800.0" y="-16.75" width="10" height="15" imgFile="tree1.png" />
	<poi id="t20" color="40,160,0" x="840.0" y="-16.75" width="10" height="15" imgFile="tree1.png" />
	<poi id="s20" color="40,160,0" x="840.0" y="23.25" width="15" height="15" imgFile="tree.png" />
	<poi id="t22" color="40,160,0" x="920.0" y="-16.75" width="10" height="15" imgFile="tree1.png" />
	<poi id="s22" color="40,160,0" x="920.0" y="23.25" width="15" height="15" imgFile="tree.png" />
	<poi id="t23" color="40,160,0" x="960.0" y="-16.75" width="10" height="15" imgFile="tree.png" />
	<poi id="s23" color="40,160,0" x="960.0" y="23.25" width="15" height="15" imgFile="tree1.png" />
	<poi id="s24" color="40,160,0" x="1000.0" y="23.25" width="15" height="15" imgFile="tree.png" />
	<poi id="s25" color="40,160,0" x="1040.0" y="23.25" width="15" height="15" imgFile="tree.png" />
	<poi id="t27" color="40,160,0" x="1120.0" y="-16.75" width="10" height="15" imgFile="tree1.png" />
	<poi id="s31" color="40,160,0" x="1280.0" y="23.25" width="15" height="15" imgFile="tree.png" />
	<poi id="t32" color="40,160,0" x="1320.0" y="-16.75" width="10" height="15" imgFile="tree.png" />
	<poi id="s32" color="40,160,0" x="1320.0" y="23.25" width="15" height="15" imgFile="tree1.png" />
	<poi id="t33" color="40,160,0" x="1360.0" y="-16.75" width="10" height="15" imgFile="tree.png" />
	<poi id="t34" color="40,160,0" x="1400.0" y="-16.75" width="10" height="15" imgFile="tree1.png" />
	<poi id="s36" color="40,160,0" x="1480.0" y="23.25" width="15" height="15" imgFile="tree1.png" />
	<poi id="t37" color="40,160,0" x="1520.0" y="-16.75" width="10" height="15" imgFile="tree1.png" />
	<poi id="s37" color="40,160,0" x="1520.0" y="23.25" width="15" height="15" imgFile="tree.png" />
	<poi id="t38" color="40,160,0" x="1560.0" y="-16.75" width="10" height="15" imgFile="tree.png" />
	<poi id="s40" color="40,160,0" x="1640.0" y="23.25" width="15" height="15" imgFile="tree1.png" />
	<poi id="t41" color="40,160,0" x="1680.0" y="-16.75" width="10" height="15" imgFile="tree1.png" />
	<poi id="t42" color="40,160,0" x="1720.0" y="-16.75" width="10" height="15" imgFile="tree.png" />
	<poi id="s42" color="40,160,0" x="1720.0" y="23.25" width="15" height="15" imgFile="tree1.png" />
	<poi id="s43" color="40,160,0" x="1760.0" y="23.25" width="15" height="15" imgFile="tree.png" />
	<poi id="t47" color="40,160,0" x="1920.0" y="-16.75" width="10" height="15" imgFile="tree1.png" />
	<poi id="s47" color="40,160,0" x="1920.0" y="23.25" width="15" height="15" imgFile="tree1.png" />
	<poi id="t50" color="40,160,0" x="2040.0" y="-16.75" width="10" height="15" imgFile="tree1.png" />
	<poi id="s51" color="40,160,0" x="2080.0" y="23.25" width="15" height="15" imgFile="tree1.png" />
	<poi id="s53" color="40,160,0" x="2160.0" y="23.25" width="15" height="15" imgFile="tree1.png" />
	<poi id="t54" color="40,160,0" x="2200.0" y="-16.75" width="10" height="15" imgFile="tree.png" />
	<poi id="t55" color="40,160,0" x="2240.0" y="-16.75" width="10" height="15" imgFile="tree1.png" />
	<poi id="s55" color="40,160,0" x="2240.0" y="23.25" width="15" height="15" imgFile="tree.png" />
	<poi id="t56" color="40,160,0" x="2280.0" y="-16.75" width="10" height="15" imgFile="tree1.png" />
	<poi id="s56" color="40,160,0" x="2280.0" y="23.25" width="15" height="15" imgFile="tree.png" />
	<poi id="s57" color="40,160,0" x="2320.0" y="23.25" width="15" height="15" imgFile="tree1.png" />
	<poi id="t61" color="40,160,0" x="2480.0" y="-16.75" width="10" height="15" imgFile="tree.png" />
	<poi id="s61" color="40,160,0" x="2480.0" y="23.25" width="15" height="15" imgFile="tree1.png" />
	<poi id="t62" color="40,160,0" x="2520.0" y="-16.75" width="10" height="15" imgFile="tree1.png" />
	<poi id="s62" color="40,160,0" x="2520.0" y="23.25" width="15" height="15" imgFile="tree.png" />
	<poi id="t64" color="40,160,0" x="2600.0" y="-16.75" width="10" height="15" imgFile="tree.png" />
	<poi id="t65" color="40,160,0" x="2640.0" y="-16.75" width="10" height="15" imgFile="tree.png" />
	<poi id="s66" color="40,160,0" x="2680.0" y="23.25" width="15" height="15" imgFile="tree1.png" />
	<poi id="t67" color="40,160,0" x="2720.0" y="-16.75" width="10" height="15" imgFile="tree.png" />
	<poi id="t69" color="40,160,0" x="2800.0" y="-16.75" width="10" height="15" imgFile="tree1.png" />
	<poi id="s70" color="40,160,0" x="2840.0" y="23.25" width="15" height="15" imgFile="tree.png" />
	<poi id="t72" color="40,160,0" x="2920.0" y="-16.75" width="10" height="15" imgFile="tree1.png" />
	<poi id="t73" color="40,160,0" x="2960.0" y="-16.75" width="10" height="15" imgFile="tree1.png" />
	<poi id="s73" color="40,160,0" x="2960.0" y="23.25" width="15" height="15" imgFile="tree1.png" />
	<poi id="t75" color="40,160,0" x="3040.0" y="-16.75" width="10" height="15" imgFile="tree1.png" />
	<poi id="s75" color="40,160,0" x="3040.0" y="23.25" width="15" height="15" imgFile="tree1.png" />
	<poi id="t76" color="40,160,0" x="3080.0" y="-16.75" width="10" height="15" imgFile="tree1.png" />
	<poi id="t77" color="40,160,0" x="3120.0" y="-16.75" width="10" height="15" imgFile="tree1.png" />
	<poi id="s78" color="40,160,0" x="3160.0" y="23.25" width="15" height="15" imgFile="tree1.png" />
	<poi id="t79" color="40,160,0" x="3200.0" y="-16.75" width="10" height="15" imgFile="tree1.png" />
	<poi id="s79" color="40,160,0" x="3200.0" y="23.25" width="15" height="15" imgFile="tree.png" />
	<poi id="t80" color="40,160,0" x="3240.0" y="-16.75" width="10" height="15" imgFile="tree.png" />
	<poi id="s80" color="40,160,0" x="3240.0" y="23.25" width="15" height="15" imgFile="tree1.png" />
	<poi id="t81" color="40,160,0" x="3280.0" y="-16.75" width="10" height="15" imgFile="tree.png" />
	<poi id="s82" color="40,160,0" x="3320.0" y="23.25" width="15" height="15" imgFile="tree.png" />
	<poi id="t83" color="40,160,0" x="3360.0" y="-16.75" width="10" height="15" imgFile="tree.png" />
	<poi id="t84" color="40,160,0" x="3400.0" y="-16.75" width="10" height="15" imgFile="tree1.png" />
	<poi id="s84" color="40,160,0" x="3400.0" y="23.25" width="15" height="15" imgFile="tree1.png" />
	<poi id="s86" color="40,160,0" x="3480.0" y="23.25" width="15" height="15" imgFile="tree1.png" />
	<poi id="t87" color="40,160,0" x="3520.0" y="-16.75" width="10" height="15" imgFile="tree1.png" />
	<poi id="s88" color="40,160,0" x="3560.0" y="23.25" width="15" height="15" imgFile="tree1.png" />
	<poi id="t93" color="40,160,0" x="3760.0" y="-16.75" width="10" height="15" imgFile="tree.png" />
	<poi id="s93" color="40,160,0" x="3760.0" y="23.25" width="15" height="15" imgFile="tree1.png" />
	<poi id="t94" color="40,160,0" x="3800.0" y="-16.75" width="10" height="15" imgFile="tree1.png" />
	<poi id="s94" color="40,160,0" x="3800.0" y="23.25" width="15" height="15" imgFile="tree1.png" />
	<poi id="t95" color="40,160,0" x="3840.0" y="-16.75" width="10" height="15" imgFile="tree.png" />
	<poi id="s95" color="40,160,0" x="3840.0" y="23.25" width="15" height="15" imgFile="tree1.png" />
	<poi id="s96" color="40,160,0" x="3880.0" y="23.25" width="15" height="15" imgFile="tree.png" />
	<poi id="s98" color="40,160,0" x="3960.0" y="23.25" width="15" height="15" imgFile="tree.png" />
	<poi id="t99" color="40,160,0" x="4000.0" y="-16.75" width="10" height="15" imgFile="tree.png" />
	<poi id="s99" color="40,160,0" x="4000.0" y="23.25" width="15" height="15" imgFile="tree1.png" />
	<poi id="t100" color="40,160,0" x="4040.0" y="-16.75" width="10" height="15" imgFile="tree1.png" />
	<poi id="s100" color="40,160,0" x="4040.0" y="23.25" width="15" height="15" imgFile="tree1.png" />
	<poi id="t101" color="40,160,0" x="4080.0" y="-16.75" width="10" height="15" imgFile="tree1.png" />
	<poi id="t102" color="40,160,0" x="4120.0" y="-16.75" width="10" height="15" imgFile="tree1.png" />
	<poi id="s102" color="40,160,0" x="4120.0" y="23.25" width="15" height="15" imgFile="tree1.png" />
	<poi id="s103" color="40,160,0" x="4160.0" y="23.25" width="15" height="15" imgFile="tree.png" />
	<poi id="s104" color="40,160,0" x="4200.0" y="23.25" width="15" height="15" imgFile="tree1.png" />
	<poi id="s105" color="40,160,0" x="4240.0" y="23.25" width="15" height="15" imgFile="tree.png" />
	<poi id="s106" color="40,160,0" x="4280.0" y="23.25" width="15" height="15" imgFile="tree.png" />
	<poi id="t111" color="40,160,0" x="4480.0" y="-16.75" width="10" height="15" imgFile="tree1.png" />
	<poi id="s112" color="40,160,0" x="4520.0" y="23.25" width="15" height="15" imgFile="tree1.png" />
	<poi id="t113" color="40,160,0" x="4560.0" y="-16.75" width="10" height="15" imgFile="tree.png" />
	<poi id="t114" color="40,160,0" x="4600.0" y="-16.75" width="10" height="15" imgFile="tree1.png" />
	<poi id="t115" color="40,160,0" x="4640.0" y="-16.75" width="10" height="15" imgFile="tree.png" />
	<poi id="s115" color="40,160,0" x="4640.0" y="23.25" width="15" height="15" imgFile="tree.png" />
	<poi id="s117" color="40,160,0" x="4720.0" y="23.25" width="15" height="15" imgFile="tree1.png" />
	<poi id="t120" color="40,160,0" x="4840.0" y="-16.75" width="10" height="15" imgFile="tree.png" />
	<poi id="s120" color="40,160,0" x="4840.0" y="23.25" width="15" height="15" imgFile="tree1.png" />
	<poi id="t123" color="40,160,0" x="4960.0" y="-16.75" width="10" height="15" imgFile="tree1.png" />
	<poi id="s123" color="40,160,0" x="4960.0" y="23.25" width="15" height="15" imgFile="tree.png" />
	<poi id="s124" color="40,160,0" x="5000.0" y="23.25" width="15" height="15" imgFile="tree1.png" />
	<poi id="s125" color="40,160,0" x="5040.0" y="23.25" width="15" height="15" imgFile="tree1.png" />
	<poi id="t126" color="40,160,0" x="5080.0" y="-16.75" width="10" height="15" imgFile="tree1.png" />
	<poi id="s126" color="40,160,0" x="5080.0" y="23.25" width="15" height="15" imgFile="tree1.png" />
	<poi id="t127" color="40,160,0" x="5120.0" y="-16.75" width="10" height="15" imgFile="tree1.png" />
	<poi id="t128" color="40,160,0" x="5160.0" y="-16.75" width="10" height="15" imgFile="tree.png" />
	<poi id="s129" color="40,160,0" x="5200.0" y="23.25" width="15" height="15" imgFile="tree.png" />
	<poi id="t130" color="40,160,0" x="5240.0" y="-16.75" width="10" height="15" imgFile="tree.png" />
	<poi id="s131" color="40,160,0" x="5280.0" y="23.25" width="15" height="15" imgFile="tree1.png" />
	<poi id="t132" color="40,160,0" x="5320.0" y="-16.75" width="10" height="15" imgFile="tree1.png" />
	<poi id="s133" color="40,160,0" x="5360.0" y="23.25" width="15" height="15" imgFile="tree.png" />
	<poi id="t134" color="40,160,0" x="5400.0" y="-16.75" width="10" height="15" imgFile="tree.png" />
	<poi id="t136" color="40,160,0" x="5480.0" y="-16.75" width="10" height="15" imgFile="tree1.png" />
	<poi id="s136" color="40,160,0" x="5480.0" y="23.25" width="15" height="15" imgFile="tree.png" />
	<poi id="s138" color="40,160,0" x="5560.0" y="23.25" width="15" height="15" imgFile="tree1.png" />
	<poi id="t139" color="40,160,0" x="5600.0" y="-16.75" width="10" height="15" imgFile="tree1.png" />
	<poi id="t140" color="40,160,0" x="5640.0" y="-16.75" width="10" height="15" imgFile="tree.png" />
	<poi id="t141" color="40,160,0" x="5680.0" y="-16.75" width="10" height="15" imgFile="tree1.png" />
	<poi id="s141" color="40,160,0" x="5680.0" y="23.25" width="15" height="15" imgFile="tree1.png" />
	<poi id="s142" color="40,160,0" x="5720.0" y="23.25" width="15" height="15" imgFile="tree.png" />
	<poi id="t143" color="40,160,0" x="5760.0" y="-16.75" width="10" height="15" imgFile="tree.png" />
	<poi id="s143" color="40,160,0" x="5760.0" y="23.25" width="15" height="15" imgFile="tree.png" />
	<poi id="t144" color="40,160,0" x="5800.0" y="-16.75" width="10" height="15" imgFile="tree.png" />
	<poi id="t145" color="40,160,0" x="5840.0" y="-16.75" width="10" height="15" imgFile="tree.png" />
	<poi id="t147" color="40,160,0" x="5920.0" y="-16.75" width="10" height="15" imgFile="tree.png" />
	<poi id="s148" color="40,160,0" x="5960.0" y="23.25" width="15" height="15" imgFile="tree.png" />
	<poi id="s150" color="40,160,0" x="6040.0" y="23.25" width="15" height="15" imgFile="tree1.png" />
	<poi id="s151" color="40,160,0" x="6080.0" y="23.25" width="15" height="15" imgFile="tree.png" />
	<poi id="s152" color="40,160,0" x="6120.0" y="23.25" width="15" height="15" imgFile="tree1.png" />
	<poi id="t153" color="40,160,0" x="6160.0" y="-16.75" width="10" height="15" imgFile="tree.png" />
	<poi id="t158" color="40,160,0" x="6360.0" y="-16.75" width="10" height="15" imgFile="tree1.png" />
	<poi id="t160" color="40,160,0" x="6440.0" y="-16.75" width="10" height="15" imgFile="tree.png" />
	<poi id="s161" color="40,160,0" x="6480.0" y="23.25" width="15" height="15" imgFile="tree.png" />
	<poi id="t162" color="40,160,0" x="6520.0" y="-16.75" width="10" height="15" imgFile="tree.png" />
	<poi id="s163" color="40,160,0" x="6560.0" y="23.25" width="15" height="15" imgFile="tree.png" />
	<poi id="t164" color="40,160,0" x="6600.0" y="-16.75" width="10" height="15" imgFile="tree1.png" />
	<poi id="t166" color="40,160,0" x="6680.0" y="-16.75" width="10" height="15" imgFile="tree1.png" />
	<poi id="t167" color="40,160,0" x="6720.0" y="-16.75" width="10" height="15" imgFile="tree.png" />
	<poi id="s167" color="40,160,0" x="6720.0" y="23.25" width="15" height="15" imgFile="tree.png" />
	<poi id="t168" color="40,160,0" x="6760.0" y="-16.75" width="10" height="15" imgFile="tree.png" />
	<poi id="s169" color="40,160,0" x="6800.0" y="23.25" width="15" height="15" imgFile="tree.png" />
	<poi id="t170" color="40,160,0" x="6840.0" y="-16.75" width="10" height="15" imgFile="tree.png" />
	<poi id="t171" color="40,160,0" x="6880.0" y="-16.75" width="10" height="15" imgFile="tree.png" />
	<poi id="s171" color="40,160,0" x="6880.0" y="23.25" width="15" height="15" imgFile="tree.png" />
	<poi id="t174" color="40,160,0" x="7000.0" y="-16.75" width="10" height="15" imgFile="tree1.png" />
	<poi id="s177" color="40,160,0" x="7120.0" y="23.25" width="15" height="15" imgFile="tree.png" />
	<poi id="t179" color="40,160,0" x="7200.0" y="-16.75" width="10" height="15" imgFile="tree1.png" />
	<poi id="s179" color="40,160,0" x="7200.0" y="23.25" width="15" height="15" imgFile="tree.png" />
	<poi id="t181" color="40,160,0" x="7280.0" y="-16.75" width="10" height="15" imgFile="tree1.png" />
	<poi id="s182" color="40,160,0" x="7320.0" y="23.25" width="15" height="15" imgFile="tree.png" />
	<poi id="t184" color="40,160,0" x="7400.0" y="-16.75" width="10" height="15" imgFile="tree.png" />
	<poi id="t186" color="40,160,0" x="7480.0" y="-16.75" width="10" height="15" imgFile="tree.png" />
	<poi id="s186" color="40,160,0" x="7480.0" y="23.25" width="15" height="15" imgFile="tree1.png" />
	<poi id="t189" color="40,160,0" x="7600.0" y="-16.75" width="10" height="15" imgFile="tree.png" />
	<poi id="t190" color="40,160,0" x="7640.0" y="-16.75" width="10" height="15" imgFile="tree1.png" />
	<poi id="t191" color="40,160,0" x="7680.0" y="-16.75" width="10" height="15" imgFile="tree1.png" />
	<poi id="s192" color="40,160,0" x="7720.0" y="23.25" width="15" height="15" imgFile="tree1.png" />
	<poi id="s193" color="40,160,0" x="7760.0" y="23.25" width="15" height="15" imgFile="tree.png" />
	<poi id="s194" color="40,160,0" x="7800.0" y="23.25" width="15" height="15" imgFile="tree.png" />
	<poi id="s195" color="40,160,0" x="7840.0" y="23.25" width="15" height="15" imgFile="tree1.png" />
	<poi id="t197" color="40,160,0" x="7920.0" y="-16.75" width="10" height="15" imgFile="tree1.png" />
	<poi id="t202" color="40,160,0" x="8120.0" y="-16.75" width="10" height="15" imgFile="tree.png" />
	<poi id="t203" color="40,160,0" x="8160.0" y="-16.75" width="10" height="15" imgFile="tree1.png" />
	<poi id="s203" color="40,160,0" x="8160.0" y="23.25" width="15" height="15" imgFile="tree.png" />
	<poi id="s209" color="40,160,0" x="8400.0" y="23.25" width="15" height="15" imgFile="tree1.png" />
	<poi id="t210" color="40,160,0" x="8440.0" y="-16.75" width="10" height="15" imgFile="tree1.png" />
	<poi id="t211" color="40,160,0" x="8480.0" y="-16.75" width="10" height="15" imgFile="tree.png" />
	<poi id="s211" color="40,160,0" x="8480.0" y="23.25" width="15" height="15" imgFile="tree.png" />
	<poi id="s212" color="40,160,0" x="8520.0" y="23.25" width="15" height="15" imgFile="tree.png" />
	<poi id="t215" color="40,160,0" x="8640.0" y="-16.75" width="10" height="15" imgFile="tree1.png" />
	<poi id="t216" color="40,160,0" x="8680.0" y="-16.75" width="10" height="15" imgFile="tree.png" />
	<poi id="t217" color="40,160,0" x="8720.0" y="-16.75" width="10" height="15" imgFile="tree1.png" />
	<poi id="s217" color="40,160,0" x="8720.0" y="23.25" width="15" height="15" imgFile="tree.png" />
	<poi id="s218" color="40,160,0" x="8760.0" y="23.25" width="15" height="15" imgFile="tree.png" />
	<poi id="s219" color="40,160,0" x="8800.0" y="23.25" width="15" height="15" imgFile="tree1.png" />
	<poi id="t221" color="40,160,0" x="8880.0" y="-16.75" width="10" height="15" imgFile="tree1.png" />
	<poi id="t223" color="40,160,0" x="8960.0" y="-16.75" width="10" height="15" imgFile="tree1.png" />
	<poi id="s223" color="40,160,0" x="8960.0" y="23.25" width="15" height="15" imgFile="tree1.png" />
	<poi id="s224" color="40,160,0" x="9000.0" y="23.25" width="15" height="15" imgFile="tree.png" />
	<poi id="t228" color="40,160,0" x="9160.0" y="-16.75" width="10" height="15" imgFile="tree1.png" />
	<poi id="s228" color="40,160,0" x="9160.0" y="23.25" width="15" height="15" imgFile="tree.png" />
	<poi id="t230" color="40,160,0" x="9240.0" y="-16.75" width="10" height="15" imgFile="tree.png" />
	<poi id="t232" color="40,160,0" x="9320.0" y="-16.75" width="10" height="15" imgFile="tree1.png" />
	<poi id="s236" color="40,160,0" x="9480.0" y="23.25" width="15" height="15" imgFile="tree.png" />
	<poi id="s238" color="40,160,0" x="9560.0" y="23.25" width="15" height="15" imgFile="tree.png" />
	<poi id="t240" color="40,160,0" x="9640.0" y="-16.75" width="10" height="15" imgFile="tree.png" />
	<poi id="t243" color="40,160,0" x="9760.0" y="-16.75" width="10" height="15" imgFile="tree1.png" />
	<poi id="t245" color="40,160,0" x="9840.0" y="-16.75" width="10" height="15" imgFile="tree1.png" />
	
</additional>
