<?xml version="1.0" encoding="UTF-8"?>

<!-- generated on Thu Apr 18 00:13:39 2019 by Eclipse SUMO netconvert Version v1_2_0+0017-2a947141e5
This data file and the accompanying materials
are made available under the terms of the Eclipse Public License v2.0
which accompanies this distribution, and is available at
http://www.eclipse.org/legal/epl-v20.html
SPDX-License-Identifier: EPL-2.0
<configuration xmlns:xsi="http://www.w3.org/2001/XMLSchema-instance" xsi:noNamespaceSchemaLocation="http://sumo.dlr.de/xsd/netconvertConfiguration.xsd">

    <input>
        <node-files value="input_nodes.nod.xml"/>
        <edge-files value="input_edges.edg.xml"/>
    </input>

    <output>
        <write-license value="true"/>
        <output-file value="net.net.xml"/>
    </output>

    <processing>
        <speed-in-kmh value="true"/>
    </processing>

    <junctions>
        <no-turnarounds value="true"/>
    </junctions>

</configuration>
-->

<net version="1.1" junctionCornerDetail="5" limitTurnSpeed="5.50" xmlns:xsi="http://www.w3.org/2001/XMLSchema-instance" xsi:noNamespaceSchemaLocation="http://sumo.dlr.de/xsd/net_file.xsd">

    <location netOffset="500.00,500.00" convBoundary="0.00,0.00,1000.00,1000.00" origBoundary="-500.00,-500.00,500.00,500.00" projParameter="!"/>

    <edge id=":0_0" function="internal">
        <lane id=":0_0_0" index="0" speed="8.10" length="14.57" shape="492.00,513.60 491.65,508.35 490.60,504.60 488.85,502.35 486.40,501.60"/>
    </edge>
    <edge id=":0_1" function="internal">
        <lane id=":0_1_0" index="0" speed="12.50" length="27.42" shape="495.20,513.60 495.70,504.28 496.80,496.74 497.90,490.83 498.40,486.40"/>
    </edge>
    <edge id=":0_2" function="internal">
        <lane id=":0_2_0" index="0" speed="10.36" length="11.04" shape="498.40,513.60 499.35,506.95 501.58,503.24"/>
    </edge>
    <edge id=":0_12" function="internal">
        <lane id=":0_12_0" index="0" speed="10.36" length="13.47" shape="501.58,503.24 502.20,502.20 506.95,499.35 513.60,498.40"/>
    </edge>
    <edge id=":0_3" function="internal">
        <lane id=":0_3_0" index="0" speed="8.10" length="14.57" shape="513.60,508.00 508.35,508.35 504.60,509.40 502.35,511.15 501.60,513.60"/>
    </edge>
    <edge id=":0_4" function="internal">
        <lane id=":0_4_0" index="0" speed="12.50" length="27.42" shape="513.60,504.80 504.28,504.30 496.74,503.20 490.83,502.10 486.40,501.60"/>
    </edge>
    <edge id=":0_5" function="internal">
        <lane id=":0_5_0" index="0" speed="10.36" length="24.51" shape="513.60,501.60 506.95,500.65 502.20,497.80 499.35,493.05 498.40,486.40"/>
    </edge>
    <edge id=":0_6" function="internal">
        <lane id=":0_6_0" index="0" speed="8.10" length="14.57" shape="508.00,486.40 508.35,491.65 509.40,495.40 511.15,497.65 513.60,498.40"/>
    </edge>
    <edge id=":0_7" function="internal">
        <lane id=":0_7_0" index="0" speed="12.50" length="27.42" shape="504.80,486.40 504.30,495.72 503.20,503.26 502.10,509.17 501.60,513.60"/>
    </edge>
    <edge id=":0_8" function="internal">
        <lane id=":0_8_0" index="0" speed="10.36" length="11.04" shape="501.60,486.40 500.65,493.05 498.42,496.76"/>
    </edge>
    <edge id=":0_13" function="internal">
        <lane id=":0_13_0" index="0" speed="10.36" length="13.47" shape="498.42,496.76 497.80,497.80 493.05,500.65 486.40,501.60"/>
    </edge>
    <edge id=":0_9" function="internal">
        <lane id=":0_9_0" index="0" speed="8.10" length="14.57" shape="486.40,492.00 491.65,491.65 495.40,490.60 497.65,488.85 498.40,486.40"/>
    </edge>
    <edge id=":0_10" function="internal">
        <lane id=":0_10_0" index="0" speed="12.50" length="27.42" shape="486.40,495.20 495.72,495.70 503.26,496.80 509.17,497.90 513.60,498.40"/>
    </edge>
    <edge id=":0_11" function="internal">
        <lane id=":0_11_0" index="0" speed="10.36" length="24.51" shape="486.40,498.40 493.05,499.35 497.80,502.20 500.65,506.95 501.60,513.60"/>
    </edge>
    <edge id=":m1_0" function="internal">
        <lane id=":m1_0_0" index="0" speed="12.50" length="8.27" shape="246.00,495.20 248.46,494.70 250.00,493.60 251.54,492.50 254.00,492.00"/>
        <lane id=":m1_0_1" index="1" speed="12.50" length="8.27" shape="246.00,495.20 254.00,495.20"/>
        <lane id=":m1_0_2" index="2" speed="12.50" length="8.27" shape="246.00,498.40 254.00,498.40"/>
    </edge>
    <edge id=":m2_0" function="internal">
        <lane id=":m2_0_0" index="0" speed="12.50" length="8.27" shape="754.00,504.80 751.54,505.30 750.00,506.40 748.46,507.50 746.00,508.00"/>
        <lane id=":m2_0_1" index="1" speed="12.50" length="8.27" shape="754.00,504.80 746.00,504.80"/>
        <lane id=":m2_0_2" index="2" speed="12.50" length="8.27" shape="754.00,501.60 746.00,501.60"/>
    </edge>
    <edge id=":m3_0" function="internal">
        <lane id=":m3_0_0" index="0" speed="12.50" length="8.27" shape="504.80,246.00 505.30,248.46 506.40,250.00 507.50,251.54 508.00,254.00"/>
        <lane id=":m3_0_1" index="1" speed="12.50" length="8.27" shape="504.80,246.00 504.80,254.00"/>
        <lane id=":m3_0_2" index="2" speed="12.50" length="8.27" shape="501.60,246.00 501.60,254.00"/>
    </edge>
    <edge id=":m4_0" function="internal">
        <lane id=":m4_0_0" index="0" speed="12.50" length="8.27" shape="495.20,754.00 494.70,751.54 493.60,750.00 492.50,748.46 492.00,746.00"/>
        <lane id=":m4_0_1" index="1" speed="12.50" length="8.27" shape="495.20,754.00 495.20,746.00"/>
        <lane id=":m4_0_2" index="2" speed="12.50" length="8.27" shape="498.40,754.00 498.40,746.00"/>
    </edge>

    <edge id="1fi" from="1" to="m1" priority="2">
        <lane id="1fi_0" index="0" speed="11.11" length="246.00" shape="0.00,495.20 246.00,495.20"/>
        <lane id="1fi_1" index="1" speed="11.11" length="246.00" shape="0.00,498.40 246.00,498.40"/>
    </edge>
    <edge id="1o" from="0" to="1" priority="1">
        <lane id="1o_0" index="0" speed="11.11" length="486.40" shape="486.40,501.60 0.00,501.60"/>
    </edge>
    <edge id="1si" from="m1" to="0" priority="3">
        <lane id="1si_0" index="0" speed="13.89" length="232.40" shape="254.00,492.00 486.40,492.00"/>
        <lane id="1si_1" index="1" speed="13.89" length="232.40" shape="254.00,495.20 486.40,495.20"/>
        <lane id="1si_2" index="2" speed="13.89" length="232.40" shape="254.00,498.40 486.40,498.40"/>
    </edge>
    <edge id="2fi" from="2" to="m2" priority="2">
        <lane id="2fi_0" index="0" speed="11.11" length="246.00" shape="1000.00,504.80 754.00,504.80"/>
        <lane id="2fi_1" index="1" speed="11.11" length="246.00" shape="1000.00,501.60 754.00,501.60"/>
    </edge>
    <edge id="2o" from="0" to="2" priority="1">
        <lane id="2o_0" index="0" speed="11.11" length="486.40" shape="513.60,498.40 1000.00,498.40"/>
    </edge>
    <edge id="2si" from="m2" to="0" priority="3">
        <lane id="2si_0" index="0" speed="13.89" length="232.40" shape="746.00,508.00 513.60,508.00"/>
        <lane id="2si_1" index="1" speed="13.89" length="232.40" shape="746.00,504.80 513.60,504.80"/>
        <lane id="2si_2" index="2" speed="13.89" length="232.40" shape="746.00,501.60 513.60,501.60"/>
    </edge>
    <edge id="3fi" from="3" to="m3" priority="2">
        <lane id="3fi_0" index="0" speed="11.11" length="246.00" shape="504.80,0.00 504.80,246.00"/>
        <lane id="3fi_1" index="1" speed="11.11" length="246.00" shape="501.60,0.00 501.60,246.00"/>
    </edge>
    <edge id="3o" from="0" to="3" priority="1">
        <lane id="3o_0" index="0" speed="11.11" length="486.40" shape="498.40,486.40 498.40,0.00"/>
    </edge>
    <edge id="3si" from="m3" to="0" priority="3">
        <lane id="3si_0" index="0" speed="13.89" length="232.40" shape="508.00,254.00 508.00,486.40"/>
        <lane id="3si_1" index="1" speed="13.89" length="232.40" shape="504.80,254.00 504.80,486.40"/>
        <lane id="3si_2" index="2" speed="13.89" length="232.40" shape="501.60,254.00 501.60,486.40"/>
    </edge>
    <edge id="4fi" from="4" to="m4" priority="2">
        <lane id="4fi_0" index="0" speed="11.11" length="246.00" shape="495.20,1000.00 495.20,754.00"/>
        <lane id="4fi_1" index="1" speed="11.11" length="246.00" shape="498.40,1000.00 498.40,754.00"/>
    </edge>
    <edge id="4o" from="0" to="4" priority="1">
        <lane id="4o_0" index="0" speed="11.11" length="486.40" shape="501.60,513.60 501.60,1000.00"/>
    </edge>
    <edge id="4si" from="m4" to="0" priority="3">
        <lane id="4si_0" index="0" speed="13.89" length="232.40" shape="492.00,746.00 492.00,513.60"/>
        <lane id="4si_1" index="1" speed="13.89" length="232.40" shape="495.20,746.00 495.20,513.60"/>
        <lane id="4si_2" index="2" speed="13.89" length="232.40" shape="498.40,746.00 498.40,513.60"/>
    </edge>

    <junction id="0" type="priority" x="500.00" y="500.00" incLanes="4si_0 4si_1 4si_2 2si_0 2si_1 2si_2 3si_0 3si_1 3si_2 1si_0 1si_1 1si_2" intLanes=":0_0_0 :0_1_0 :0_12_0 :0_3_0 :0_4_0 :0_5_0 :0_6_0 :0_7_0 :0_13_0 :0_9_0 :0_10_0 :0_11_0" shape="490.40,513.60 503.20,513.60 504.36,511.38 505.80,510.60 507.82,510.04 510.42,509.71 513.60,509.60 513.60,496.80 511.38,495.64 510.60,494.20 510.04,492.18 509.71,489.58 509.60,486.40 496.80,486.40 495.64,488.62 494.20,489.40 492.18,489.96 489.58,490.29 486.40,490.40 486.40,503.20 488.62,504.36 489.40,505.80 489.96,507.82 490.29,510.42">
        <request index="0"  response="000000000000" foes="000100010000" cont="0"/>
        <request index="1"  response="000000000000" foes="111100110000" cont="0"/>
        <request index="2"  response="000011000000" foes="110011110000" cont="1"/>
        <request index="3"  response="000010000000" foes="100010000000" cont="0"/>
        <request index="4"  response="000110000111" foes="100110000111" cont="0"/>
        <request index="5"  response="011110000110" foes="011110000110" cont="0"/>
        <request index="6"  response="000000000000" foes="010000000100" cont="0"/>
        <request index="7"  response="000000000000" foes="110000111100" cont="0"/>
        <request index="8"  response="000000000011" foes="110000110011" cont="1"/>
        <request index="9"  response="000000000010" foes="000000100010" cont="0"/>
        <request index="10" response="000111000110" foes="000111100110" cont="0"/>
        <request index="11" response="000110011110" foes="000110011110" cont="0"/>
    </junction>
    <junction id="1" type="dead_end" x="0.00" y="500.00" incLanes="1o_0" intLanes="" shape="0.00,500.00 0.00,503.20 0.00,500.00"/>
    <junction id="2" type="dead_end" x="1000.00" y="500.00" incLanes="2o_0" intLanes="" shape="1000.00,500.00 1000.00,496.80 1000.00,500.00"/>
    <junction id="3" type="dead_end" x="500.00" y="0.00" incLanes="3o_0" intLanes="" shape="500.00,0.00 496.80,0.00 500.00,0.00"/>
    <junction id="4" type="dead_end" x="500.00" y="1000.00" incLanes="4o_0" intLanes="" shape="500.00,1000.00 503.20,1000.00 500.00,1000.00"/>
    <junction id="m1" type="priority" x="250.00" y="500.00" incLanes="1fi_0 1fi_1" intLanes=":m1_0_0 :m1_0_1 :m1_0_2" shape="254.00,500.00 254.00,490.40 250.97,491.23 249.03,492.77 247.79,493.36 246.00,493.60 246.00,500.00">
        <request index="0" response="000" foes="000" cont="0"/>
        <request index="1" response="000" foes="000" cont="0"/>
        <request index="2" response="000" foes="000" cont="0"/>
    </junction>
    <junction id="m2" type="priority" x="750.00" y="500.00" incLanes="2fi_0 2fi_1" intLanes=":m2_0_0 :m2_0_1 :m2_0_2" shape="754.00,506.40 754.00,500.00 746.00,500.00 746.00,509.60 749.03,508.77 750.97,507.23 752.21,506.64">
        <request index="0" response="000" foes="000" cont="0"/>
        <request index="1" response="000" foes="000" cont="0"/>
        <request index="2" response="000" foes="000" cont="0"/>
    </junction>
    <junction id="m3" type="priority" x="500.00" y="250.00" incLanes="3fi_0 3fi_1" intLanes=":m3_0_0 :m3_0_1 :m3_0_2" shape="500.00,254.00 509.60,254.00 508.77,250.97 507.23,249.03 506.64,247.79 506.40,246.00 500.00,246.00">
        <request index="0" response="000" foes="000" cont="0"/>
        <request index="1" response="000" foes="000" cont="0"/>
        <request index="2" response="000" foes="000" cont="0"/>
    </junction>
    <junction id="m4" type="priority" x="500.00" y="750.00" incLanes="4fi_0 4fi_1" intLanes=":m4_0_0 :m4_0_1 :m4_0_2" shape="493.60,754.00 500.00,754.00 500.00,746.00 490.40,746.00 491.23,749.03 492.77,750.97 493.36,752.21">
        <request index="0" response="000" foes="000" cont="0"/>
        <request index="1" response="000" foes="000" cont="0"/>
        <request index="2" response="000" foes="000" cont="0"/>
    </junction>

    <junction id=":0_12_0" type="internal" x="501.58" y="503.24" incLanes=":0_2_0 3si_0 3si_1" intLanes=":0_4_0 :0_5_0 :0_6_0 :0_7_0 :0_10_0 :0_11_0"/>
    <junction id=":0_13_0" type="internal" x="498.42" y="496.76" incLanes=":0_8_0 4si_0 4si_1" intLanes=":0_0_0 :0_1_0 :0_4_0 :0_5_0 :0_10_0 :0_11_0"/>

    <connection from="1fi" to="1si" fromLane="0" toLane="0" via=":m1_0_0" dir="s" state="M"/>
    <connection from="1fi" to="1si" fromLane="0" toLane="1" via=":m1_0_1" dir="s" state="M"/>
    <connection from="1fi" to="1si" fromLane="1" toLane="2" via=":m1_0_2" dir="s" state="M"/>
    <connection from="1si" to="3o" fromLane="0" toLane="0" via=":0_9_0" dir="r" state="m"/>
    <connection from="1si" to="2o" fromLane="1" toLane="0" via=":0_10_0" dir="s" state="m"/>
    <connection from="1si" to="4o" fromLane="2" toLane="0" via=":0_11_0" dir="l" state="m"/>
    <connection from="2fi" to="2si" fromLane="0" toLane="0" via=":m2_0_0" dir="s" state="M"/>
    <connection from="2fi" to="2si" fromLane="0" toLane="1" via=":m2_0_1" dir="s" state="M"/>
    <connection from="2fi" to="2si" fromLane="1" toLane="2" via=":m2_0_2" dir="s" state="M"/>
    <connection from="2si" to="4o" fromLane="0" toLane="0" via=":0_3_0" dir="r" state="m"/>
    <connection from="2si" to="1o" fromLane="1" toLane="0" via=":0_4_0" dir="s" state="m"/>
    <connection from="2si" to="3o" fromLane="2" toLane="0" via=":0_5_0" dir="l" state="m"/>
    <connection from="3fi" to="3si" fromLane="0" toLane="0" via=":m3_0_0" dir="s" state="M"/>
    <connection from="3fi" to="3si" fromLane="0" toLane="1" via=":m3_0_1" dir="s" state="M"/>
    <connection from="3fi" to="3si" fromLane="1" toLane="2" via=":m3_0_2" dir="s" state="M"/>
    <connection from="3si" to="2o" fromLane="0" toLane="0" via=":0_6_0" dir="r" state="M"/>
    <connection from="3si" to="4o" fromLane="1" toLane="0" via=":0_7_0" dir="s" state="M"/>
    <connection from="3si" to="1o" fromLane="2" toLane="0" via=":0_8_0" dir="l" state="m"/>
    <connection from="4fi" to="4si" fromLane="0" toLane="0" via=":m4_0_0" dir="s" state="M"/>
    <connection from="4fi" to="4si" fromLane="0" toLane="1" via=":m4_0_1" dir="s" state="M"/>
    <connection from="4fi" to="4si" fromLane="1" toLane="2" via=":m4_0_2" dir="s" state="M"/>
    <connection from="4si" to="1o" fromLane="0" toLane="0" via=":0_0_0" dir="r" state="M"/>
    <connection from="4si" to="3o" fromLane="1" toLane="0" via=":0_1_0" dir="s" state="M"/>
    <connection from="4si" to="2o" fromLane="2" toLane="0" via=":0_2_0" dir="l" state="m"/>

    <connection from=":0_0" to="1o" fromLane="0" toLane="0" dir="r" state="M"/>
    <connection from=":0_1" to="3o" fromLane="0" toLane="0" dir="s" state="M"/>
    <connection from=":0_2" to="2o" fromLane="0" toLane="0" via=":0_12_0" dir="l" state="m"/>
    <connection from=":0_12" to="2o" fromLane="0" toLane="0" dir="l" state="M"/>
    <connection from=":0_3" to="4o" fromLane="0" toLane="0" dir="r" state="M"/>
    <connection from=":0_4" to="1o" fromLane="0" toLane="0" dir="s" state="M"/>
    <connection from=":0_5" to="3o" fromLane="0" toLane="0" dir="l" state="M"/>
    <connection from=":0_6" to="2o" fromLane="0" toLane="0" dir="r" state="M"/>
    <connection from=":0_7" to="4o" fromLane="0" toLane="0" dir="s" state="M"/>
    <connection from=":0_8" to="1o" fromLane="0" toLane="0" via=":0_13_0" dir="l" state="m"/>
    <connection from=":0_13" to="1o" fromLane="0" toLane="0" dir="l" state="M"/>
    <connection from=":0_9" to="3o" fromLane="0" toLane="0" dir="r" state="M"/>
    <connection from=":0_10" to="2o" fromLane="0" toLane="0" dir="s" state="M"/>
    <connection from=":0_11" to="4o" fromLane="0" toLane="0" dir="l" state="M"/>
    <connection from=":m1_0" to="1si" fromLane="0" toLane="0" dir="s" state="M"/>
    <connection from=":m1_0" to="1si" fromLane="1" toLane="1" dir="s" state="M"/>
    <connection from=":m1_0" to="1si" fromLane="2" toLane="2" dir="s" state="M"/>
    <connection from=":m2_0" to="2si" fromLane="0" toLane="0" dir="s" state="M"/>
    <connection from=":m2_0" to="2si" fromLane="1" toLane="1" dir="s" state="M"/>
    <connection from=":m2_0" to="2si" fromLane="2" toLane="2" dir="s" state="M"/>
    <connection from=":m3_0" to="3si" fromLane="0" toLane="0" dir="s" state="M"/>
    <connection from=":m3_0" to="3si" fromLane="1" toLane="1" dir="s" state="M"/>
    <connection from=":m3_0" to="3si" fromLane="2" toLane="2" dir="s" state="M"/>
    <connection from=":m4_0" to="4si" fromLane="0" toLane="0" dir="s" state="M"/>
    <connection from=":m4_0" to="4si" fromLane="1" toLane="1" dir="s" state="M"/>
    <connection from=":m4_0" to="4si" fromLane="2" toLane="2" dir="s" state="M"/>

</net>
