{
    "seed": 42,
    "maxNumTry": 10,
    "outputPrefix": "most/rou/most.example.",
    "mergeRoutesFiles": false,

    "sumocfg": "most.duarouter.sumocfg",

    "SUMOnetFile": "MoSTScenario/tools/out/most.net.xml",
    "SUMOadditionals": {
        "vTypes": "MoSTScenario/scenario/in/add/basic.vType.xml",
        "parkings": "MoSTScenario/tools/out/most.parking.add.xml"
    },

    "intermodalOptions": {
        "parkingAreaBlacklist": [],
        "vehicleAllowedParking": ["passenger", "ptw", "evehicle"],
        "taxiFleetSize": 1000,
        "taxiFleetInitialTAZs": ["1", "11", "12", "13", "14", "15", "16"],
        "taxiStands": "",
        "taxiStandsBlacklist": [],
        "modeSelection": "PROBABILITY"
    },

    "population": {
        "entities" : 10000,
        "tazDefinition": "MoSTScenario/tools/out/taz/most.complete.taz.xml",
        "tazWeights": "MoSTScenario/tools/out/taz/most.complete.taz.weight.csv",
        "buildingsWeight": "MoSTScenario/tools/out/taz/buildings/"
    },

    "taz": {
        "MonacoArea1Generic": ["1"],
        "MonacoArea1Detailed": ["2", "3", "4", "5", "6", "7", "8", "9", "10"],
        "FranceArea2": ["11", "12", "13", "14"],
        "FranceArea3": ["15", "16"],
        "PrimaryGW": ["31", "32", "33"],
        "SecondaryGW": ["41", "42", "43", "44", "45"]
    },

    "activities": {
        "P-D": {
            "duration": {
                "m": 27000,
                "s": 3600
            },
            "start": {
                "m": 28800,
                "s": 3600
            }
        },
        "P-M": {
            "duration": {
                "m": 14400,
                "s": 3600
            },
            "start": {
                "m": 28800,
                "s": 3600
            }
        },
        "P-A": {
            "duration": {
                "m": 14400,
                "s": 3600
            },
            "start": {
                "m": 50400,
                "s": 3600
            }
        },
        "S-S": {
            "duration": {
                "m": 3600,
                "s": 3600
            },
            "start": {}
        },
        "S-L": {
            "duration": {
                "m": 10800,
                "s": 3600
            },
            "start": {}
        },
        "Home": {
            "duration": {
                "m": 1800,
                "s": 900
            },
            "start": {}
        }
    },

    "slices": {
        "3to1": {
            "perc": 0.25,
            "loc_origin": "FranceArea3",
            "loc_primary": "MonacoArea1Generic",
            "activityChains": [
                [0.2, ["Home", "P-D", "Home"], [["passenger", 0.5], ["ptw", 0.3], ["on-demand", 0.2]]],
                [0.2, ["Home", "P-M", "S-S", "P-A", "Home"], [["passenger", 0.5], ["ptw", 0.3], ["on-demand", 0.2]]],
                [0.2, ["Home", "P-D", "S-L", "Home"], [["passenger", 0.5], ["ptw", 0.3], ["on-demand", 0.2]]],
                [0.2, ["Home", "P-D", "Home", "S-S", "Home"], [["passenger", 0.5], ["ptw", 0.3], ["on-demand", 0.2]]],
                [0.2, ["Home", "S-L", "P-A", "Home" ], [["passenger", 0.5], ["ptw", 0.3], ["on-demand", 0.2]]]
            ]
        },
        "2to1": {
            "perc": 0.25,
            "loc_origin": "FranceArea2",
            "loc_primary": "MonacoArea1Generic",
            "activityChains": [
                [0.2, ["Home", "P-D", "Home"], [["public", 0.25], ["passenger", 0.25], ["ptw", 0.25], ["on-demand", 0.25]]],
                [0.2, ["Home", "P-M", "S-S", "P-A", "Home"], [["public", 0.25], ["passenger", 0.25], ["ptw", 0.25], ["on-demand", 0.25]]],
                [0.2, ["Home", "P-D", "S-L", "Home"], [["public", 0.25], ["passenger", 0.25], ["ptw", 0.25], ["on-demand", 0.25]]],
                [0.2, ["Home", "P-D", "Home", "S-S", "Home"], [["public", 0.25], ["passenger", 0.25], ["ptw", 0.25], ["on-demand", 0.25]]],
                [0.2, ["Home", "S-L", "P-A", "Home" ], [["public", 0.25], ["passenger", 0.25], ["ptw", 0.25], ["on-demand", 0.25]]]
            ]
        },
        "1to2": {
            "perc": 0.25,
            "loc_origin": "MonacoArea1Generic",
            "loc_primary": "FranceArea2",
            "activityChains": [
                [0.2, ["Home", "P-D", "Home"], [["public", 0.25], ["passenger", 0.25], ["ptw", 0.25], ["on-demand", 0.25]]],
                [0.2, ["Home", "P-M", "S-S", "P-A", "Home"], [["public", 0.25], ["passenger", 0.25], ["ptw", 0.25], ["on-demand", 0.25]]],
                [0.2, ["Home", "P-D", "S-L", "Home"], [["public", 0.25], ["passenger", 0.25], ["ptw", 0.25], ["on-demand", 0.25]]],
                [0.2, ["Home", "P-D", "Home", "S-S", "Home"], [["public", 0.25], ["passenger", 0.25], ["ptw", 0.25], ["on-demand", 0.25]]],
                [0.2, ["Home", "S-L", "P-A", "Home" ], [["public", 0.25], ["passenger", 0.25], ["ptw", 0.25], ["on-demand", 0.25]]]
            ]
        },
        "1to1": {
            "perc": 0.25,
            "loc_origin": "MonacoArea1Detailed",
            "loc_primary": "MonacoArea1Detailed",
            "activityChains": [
                [0.2, ["Home", "P-D", "Home"], [["public", 0.2], ["bicycle", 0.2], ["passenger", 0.2], ["ptw", 0.2], ["on-demand", 0.2]]],
                [0.2, ["Home", "P-M", "S-S", "P-A", "Home"], [["public", 0.2], ["bicycle", 0.2], ["passenger", 0.2], ["ptw", 0.2], ["on-demand", 0.2]]],
                [0.2, ["Home", "P-D", "S-L", "Home"], [["public", 0.2], ["bicycle", 0.2], ["passenger", 0.2], ["ptw", 0.2], ["on-demand", 0.2]]],
                [0.2, ["Home", "P-D", "Home", "S-S", "Home"], [["public", 0.2], ["bicycle", 0.2], ["passenger", 0.2], ["ptw", 0.2], ["on-demand", 0.2]]],
                [0.2, ["Home", "S-L", "P-A", "Home" ], [["public", 0.2], ["bicycle", 0.2], ["passenger", 0.2], ["ptw", 0.2], ["on-demand", 0.2]]]
            ]
        }
    },

    "minEdgeAllowed": 30.0,
    "stopBufferDistance": 20.0
}
