<?xml version="1.0" encoding="UTF-8"?>

<!-- generated on Thu Apr 18 00:13:39 2019 by Eclipse SUMO Version v1_2_0+0017-2a947141e5
This data file and the accompanying materials
are made available under the terms of the Eclipse Public License v2.0
which accompanies this distribution, and is available at
http://www.eclipse.org/legal/epl-v20.html
SPDX-License-Identifier: EPL-2.0
<configuration xmlns:xsi="http://www.w3.org/2001/XMLSchema-instance" xsi:noNamespaceSchemaLocation="http://sumo.dlr.de/xsd/sumoConfiguration.xsd">

    <input>
        <net-file value="net.net.xml"/>
        <route-files value="input_routes.rou.xml"/>
    </input>

    <output>
        <write-license value="true"/>
        <tripinfo-output value="tripinfos.xml"/>
    </output>

    <processing>
        <lateral-resolution value="0.64"/>
        <default.speeddev value="0"/>
    </processing>

    <report>
        <verbose value="true"/>
        <duration-log.statistics value="true"/>
        <no-step-log value="true"/>
    </report>

</configuration>
-->

<tripinfos xmlns:xsi="http://www.w3.org/2001/XMLSchema-instance" xsi:noNamespaceSchemaLocation="http://sumo.dlr.de/xsd/tripinfo_file.xsd">
    <tripinfo id="mixed.8" depart="13.00" departLane="beg_1" departPos="5.10" departPosLat="0.07" departSpeed="0.00" departDelay="5.00" arrival="216.00" arrivalLane="end_0" arrivalPos="200.00" arrivalPosLat="-0.70" arrivalSpeed="16.08" duration="203.00" routeLength="494.90" waitingTime="161.00" waitingCount="1" stopTime="0.00" timeLoss="173.63" rerouteNo="0" devices="tripinfo_mixed.8" vType="car" speedFactor="1.25" vaporized=""/>
    <tripinfo id="mixed.5" depart="10.00" departLane="beg_1" departPos="5.10" departPosLat="-0.33" departSpeed="0.00" departDelay="5.00" arrival="217.00" arrivalLane="end_0" arrivalPos="200.00" arrivalPosLat="-0.70" arrivalSpeed="13.16" duration="207.00" routeLength="494.90" waitingTime="163.00" waitingCount="1" stopTime="0.00" timeLoss="172.05" rerouteNo="0" devices="tripinfo_mixed.5" vType="car" speedFactor="1.03" vaporized=""/>
    <tripinfo id="mixed.13" depart="15.00" departLane="beg_1" departPos="2.20" departPosLat="0.78" departSpeed="0.00" departDelay="2.00" arrival="221.00" arrivalLane="end_0" arrivalPos="200.00" arrivalPosLat="-1.20" arrivalSpeed="16.54" duration="206.00" routeLength="497.80" waitingTime="149.00" waitingCount="1" stopTime="0.00" timeLoss="175.74" rerouteNo="0" devices="tripinfo_mixed.13" vType="moped" speedFactor="1.33" vaporized=""/>
    <tripinfo id="mixed.3" depart="3.00" departLane="beg_1" departPos="2.20" departPosLat="0.59" departSpeed="0.00" departDelay="0.00" arrival="223.00" arrivalLane="end_0" arrivalPos="200.00" arrivalPosLat="-1.20" arrivalSpeed="13.26" duration="220.00" routeLength="497.80" waitingTime="165.00" waitingCount="1" stopTime="0.00" timeLoss="182.57" rerouteNo="0" devices="tripinfo_mixed.3" vType="moped" speedFactor="0.98" vaporized=""/>
    <tripinfo id="mixed.6" depart="11.00" departLane="beg_0" departPos="2.20" departPosLat="0.52" departSpeed="0.00" departDelay="5.00" arrival="223.00" arrivalLane="end_0" arrivalPos="200.00" arrivalPosLat="0.08" arrivalSpeed="16.48" duration="212.00" routeLength="497.80" waitingTime="159.00" waitingCount="1" stopTime="0.00" timeLoss="181.48" rerouteNo="0" devices="tripinfo_mixed.6" vType="moped" speedFactor="1.36" vaporized=""/>
    <tripinfo id="mixed.15" depart="22.00" departLane="beg_1" departPos="2.20" departPosLat="1.15" departSpeed="0.00" departDelay="7.00" arrival="223.00" arrivalLane="end_0" arrivalPos="200.00" arrivalPosLat="1.36" arrivalSpeed="15.21" duration="201.00" routeLength="497.80" waitingTime="147.00" waitingCount="1" stopTime="0.00" timeLoss="168.13" rerouteNo="0" devices="tripinfo_mixed.15" vType="moped" speedFactor="1.12" vaporized=""/>
    <tripinfo id="mixed.14" depart="20.00" departLane="beg_1" departPos="2.20" departPosLat="0.83" departSpeed="0.00" departDelay="6.00" arrival="226.00" arrivalLane="end_1" arrivalPos="200.00" arrivalPosLat="-1.60" arrivalSpeed="14.11" duration="206.00" routeLength="497.80" waitingTime="148.00" waitingCount="2" stopTime="0.00" timeLoss="171.35" rerouteNo="0" devices="tripinfo_mixed.14" vType="moped" speedFactor="1.04" vaporized=""/>
    <tripinfo id="mixed.0" depart="0.00" departLane="beg_0" departPos="2.20" departPosLat="0.51" departSpeed="0.00" departDelay="0.00" arrival="228.00" arrivalLane="end_0" arrivalPos="200.00" arrivalPosLat="-1.20" arrivalSpeed="9.95" duration="228.00" routeLength="497.80" waitingTime="164.00" waitingCount="1" stopTime="0.00" timeLoss="179.49" rerouteNo="0" devices="tripinfo_mixed.0" vType="moped" speedFactor="0.75" vaporized=""/>
    <tripinfo id="mixed.7" depart="8.00" departLane="beg_0" departPos="2.20" departPosLat="-0.82" departSpeed="0.00" departDelay="1.00" arrival="228.00" arrivalLane="end_0" arrivalPos="200.00" arrivalPosLat="0.60" arrivalSpeed="9.54" duration="220.00" routeLength="497.80" waitingTime="149.00" waitingCount="1" stopTime="0.00" timeLoss="168.16" rerouteNo="0" devices="tripinfo_mixed.7" vType="moped" speedFactor="0.69" vaporized=""/>
    <tripinfo id="mixed.20" depart="24.00" departLane="beg_0" departPos="5.10" departPosLat="0.40" departSpeed="0.00" departDelay="4.00" arrival="228.00" arrivalLane="end_1" arrivalPos="200.00" arrivalPosLat="-0.70" arrivalSpeed="16.90" duration="204.00" routeLength="494.90" waitingTime="145.00" waitingCount="1" stopTime="0.00" timeLoss="175.09" rerouteNo="0" devices="tripinfo_mixed.20" vType="car" speedFactor="1.26" vaporized=""/>
    <tripinfo id="mixed.11" depart="16.00" departLane="beg_0" departPos="5.10" departPosLat="-0.55" departSpeed="0.00" departDelay="5.00" arrival="230.00" arrivalLane="end_0" arrivalPos="200.00" arrivalPosLat="-0.70" arrivalSpeed="13.57" duration="214.00" routeLength="494.90" waitingTime="156.00" waitingCount="1" stopTime="0.00" timeLoss="180.72" rerouteNo="0" devices="tripinfo_mixed.11" vType="car" speedFactor="1.08" vaporized=""/>
    <tripinfo id="mixed.12" depart="15.00" departLane="beg_1" departPos="2.20" departPosLat="-0.26" departSpeed="0.00" departDelay="3.00" arrival="230.00" arrivalLane="end_0" arrivalPos="200.00" arrivalPosLat="0.84" arrivalSpeed="10.32" duration="215.00" routeLength="497.80" waitingTime="147.00" waitingCount="1" stopTime="0.00" timeLoss="166.38" rerouteNo="0" devices="tripinfo_mixed.12" vType="moped" speedFactor="0.74" vaporized=""/>
    <tripinfo id="mixed.17" depart="29.00" departLane="beg_1" departPos="5.10" departPosLat="-0.68" departSpeed="0.00" departDelay="12.00" arrival="230.00" arrivalLane="end_1" arrivalPos="200.00" arrivalPosLat="-0.46" arrivalSpeed="13.57" duration="201.00" routeLength="494.90" waitingTime="143.00" waitingCount="1" stopTime="0.00" timeLoss="165.77" rerouteNo="0" devices="tripinfo_mixed.17" vType="car" speedFactor="1.02" vaporized=""/>
    <tripinfo id="mixed.9" depart="13.00" departLane="beg_0" departPos="5.10" departPosLat="-0.61" departSpeed="0.00" departDelay="4.00" arrival="232.00" arrivalLane="end_0" arrivalPos="200.00" arrivalPosLat="-0.70" arrivalSpeed="9.84" duration="219.00" routeLength="494.90" waitingTime="154.00" waitingCount="1" stopTime="0.00" timeLoss="174.34" rerouteNo="0" devices="tripinfo_mixed.9" vType="car" speedFactor="0.80" vaporized=""/>
    <tripinfo id="mixed.24" depart="28.00" departLane="beg_0" departPos="2.20" departPosLat="0.57" departSpeed="0.00" departDelay="4.00" arrival="232.00" arrivalLane="end_0" arrivalPos="200.00" arrivalPosLat="1.32" arrivalSpeed="13.13" duration="204.00" routeLength="497.80" waitingTime="144.00" waitingCount="1" stopTime="0.00" timeLoss="167.18" rerouteNo="0" devices="tripinfo_mixed.24" vType="moped" speedFactor="0.98" vaporized=""/>
    <tripinfo id="mixed.22" depart="28.00" departLane="beg_0" departPos="2.20" departPosLat="-1.00" departSpeed="0.00" departDelay="6.00" arrival="233.00" arrivalLane="end_1" arrivalPos="200.00" arrivalPosLat="0.72" arrivalSpeed="16.36" duration="205.00" routeLength="497.80" waitingTime="141.00" waitingCount="1" stopTime="0.00" timeLoss="174.31" rerouteNo="0" devices="tripinfo_mixed.22" vType="moped" speedFactor="1.62" vaporized=""/>
    <tripinfo id="mixed.10" depart="19.00" departLane="beg_0" departPos="2.20" departPosLat="-0.90" departSpeed="0.00" departDelay="9.00" arrival="234.00" arrivalLane="end_0" arrivalPos="200.00" arrivalPosLat="-1.20" arrivalSpeed="9.80" duration="215.00" routeLength="497.80" waitingTime="146.00" waitingCount="1" stopTime="0.00" timeLoss="164.07" rerouteNo="0" devices="tripinfo_mixed.10" vType="moped" speedFactor="0.71" vaporized=""/>
    <tripinfo id="mixed.19" depart="32.00" departLane="beg_0" departPos="5.10" departPosLat="0.29" departSpeed="0.00" departDelay="13.00" arrival="235.00" arrivalLane="end_1" arrivalPos="200.00" arrivalPosLat="-1.10" arrivalSpeed="13.85" duration="203.00" routeLength="494.90" waitingTime="138.00" waitingCount="1" stopTime="0.00" timeLoss="169.13" rerouteNo="0" devices="tripinfo_mixed.19" vType="car" speedFactor="1.06" vaporized=""/>
    <tripinfo id="mixed.4" depart="6.00" departLane="beg_0" departPos="2.20" departPosLat="0.44" departSpeed="0.00" departDelay="2.00" arrival="237.00" arrivalLane="end_0" arrivalPos="200.00" arrivalPosLat="-1.20" arrivalSpeed="7.54" duration="231.00" routeLength="497.80" waitingTime="148.00" waitingCount="2" stopTime="0.00" timeLoss="164.85" rerouteNo="0" devices="tripinfo_mixed.4" vType="moped" speedFactor="0.54" vaporized=""/>
    <tripinfo id="mixed.31" depart="44.00" departLane="beg_1" departPos="2.20" departPosLat="-0.50" departSpeed="0.00" departDelay="13.00" arrival="237.00" arrivalLane="end_1" arrivalPos="200.00" arrivalPosLat="-0.60" arrivalSpeed="16.00" duration="193.00" routeLength="497.80" waitingTime="137.00" waitingCount="1" stopTime="0.00" timeLoss="162.27" rerouteNo="0" devices="tripinfo_mixed.31" vType="moped" speedFactor="1.26" vaporized=""/>
    <tripinfo id="mixed.18" depart="26.00" departLane="beg_1" departPos="5.10" departPosLat="-0.38" departSpeed="0.00" departDelay="8.00" arrival="238.00" arrivalLane="end_0" arrivalPos="200.00" arrivalPosLat="0.58" arrivalSpeed="10.13" duration="212.00" routeLength="494.90" waitingTime="144.00" waitingCount="1" stopTime="0.00" timeLoss="163.23" rerouteNo="0" devices="tripinfo_mixed.18" vType="car" speedFactor="0.75" vaporized=""/>
    <tripinfo id="mixed.37" depart="47.00" departLane="beg_1" departPos="2.20" departPosLat="0.88" departSpeed="0.00" departDelay="10.00" arrival="238.00" arrivalLane="end_1" arrivalPos="200.00" arrivalPosLat="0.20" arrivalSpeed="16.03" duration="191.00" routeLength="497.80" waitingTime="135.00" waitingCount="1" stopTime="0.00" timeLoss="160.01" rerouteNo="0" devices="tripinfo_mixed.37" vType="moped" speedFactor="1.19" vaporized=""/>
    <tripinfo id="mixed.23" depart="32.00" departLane="beg_1" departPos="2.20" departPosLat="-0.38" departSpeed="0.00" departDelay="9.00" arrival="239.00" arrivalLane="end_0" arrivalPos="200.00" arrivalPosLat="-1.20" arrivalSpeed="11.20" duration="207.00" routeLength="497.80" waitingTime="144.00" waitingCount="1" stopTime="0.00" timeLoss="176.59" rerouteNo="0" devices="tripinfo_mixed.23" vType="moped" speedFactor="1.49" vaporized=""/>
    <tripinfo id="mixed.36" depart="44.00" departLane="beg_0" departPos="2.20" departPosLat="-0.13" departSpeed="0.00" departDelay="8.00" arrival="239.00" arrivalLane="end_1" arrivalPos="200.00" arrivalPosLat="0.72" arrivalSpeed="16.49" duration="195.00" routeLength="497.80" waitingTime="137.00" waitingCount="1" stopTime="0.00" timeLoss="164.53" rerouteNo="0" devices="tripinfo_mixed.36" vType="moped" speedFactor="1.68" vaporized=""/>
    <tripinfo id="mixed.21" depart="37.00" departLane="beg_1" departPos="5.10" departPosLat="0.13" departSpeed="0.00" departDelay="16.00" arrival="240.00" arrivalLane="end_1" arrivalPos="200.00" arrivalPosLat="-1.34" arrivalSpeed="10.41" duration="203.00" routeLength="494.90" waitingTime="136.00" waitingCount="1" stopTime="0.00" timeLoss="157.48" rerouteNo="0" devices="tripinfo_mixed.21" vType="car" speedFactor="0.79" vaporized=""/>
    <tripinfo id="mixed.30" depart="36.00" departLane="beg_0" departPos="2.20" departPosLat="-0.60" departSpeed="0.00" departDelay="6.00" arrival="240.00" arrivalLane="end_0" arrivalPos="200.00" arrivalPosLat="-0.04" arrivalSpeed="11.68" duration="204.00" routeLength="497.80" waitingTime="137.00" waitingCount="1" stopTime="0.00" timeLoss="171.80" rerouteNo="0" devices="tripinfo_mixed.30" vType="moped" speedFactor="1.12" vaporized=""/>
    <tripinfo id="mixed.28" depart="40.00" departLane="beg_1" departPos="2.20" departPosLat="-1.17" departSpeed="0.00" departDelay="12.00" arrival="242.00" arrivalLane="end_0" arrivalPos="200.00" arrivalPosLat="0.20" arrivalSpeed="13.19" duration="202.00" routeLength="497.80" waitingTime="136.00" waitingCount="1" stopTime="0.00" timeLoss="171.54" rerouteNo="0" devices="tripinfo_mixed.28" vType="moped" speedFactor="1.41" vaporized=""/>
    <tripinfo id="mixed.32" depart="54.00" departLane="beg_1" departPos="5.10" departPosLat="0.28" departSpeed="0.00" departDelay="22.00" arrival="242.00" arrivalLane="end_1" arrivalPos="200.00" arrivalPosLat="0.58" arrivalSpeed="13.65" duration="188.00" routeLength="494.90" waitingTime="133.00" waitingCount="1" stopTime="0.00" timeLoss="153.98" rerouteNo="0" devices="tripinfo_mixed.32" vType="car" speedFactor="1.08" vaporized=""/>
    <tripinfo id="mixed.26" depart="40.00" departLane="beg_0" departPos="2.20" departPosLat="-0.85" departSpeed="0.00" departDelay="14.00" arrival="243.00" arrivalLane="end_0" arrivalPos="200.00" arrivalPosLat="0.68" arrivalSpeed="13.02" duration="203.00" routeLength="497.80" waitingTime="136.00" waitingCount="1" stopTime="0.00" timeLoss="169.47" rerouteNo="0" devices="tripinfo_mixed.26" vType="moped" speedFactor="1.08" vaporized=""/>
    <tripinfo id="mixed.16" depart="20.00" departLane="beg_0" departPos="2.20" departPosLat="0.39" departSpeed="0.00" departDelay="4.00" arrival="244.00" arrivalLane="end_0" arrivalPos="200.00" arrivalPosLat="-1.20" arrivalSpeed="7.25" duration="224.00" routeLength="497.80" waitingTime="139.00" waitingCount="2" stopTime="0.00" timeLoss="159.66" rerouteNo="0" devices="tripinfo_mixed.16" vType="moped" speedFactor="0.56" vaporized=""/>
    <tripinfo id="mixed.43" depart="57.00" departLane="beg_1" departPos="5.10" departPosLat="0.53" departSpeed="0.00" departDelay="14.00" arrival="244.00" arrivalLane="end_1" arrivalPos="200.00" arrivalPosLat="-0.46" arrivalSpeed="12.69" duration="187.00" routeLength="494.90" waitingTime="132.00" waitingCount="1" stopTime="0.00" timeLoss="150.37" rerouteNo="0" devices="tripinfo_mixed.43" vType="car" speedFactor="0.99" vaporized=""/>
    <tripinfo id="mixed.42" depart="51.00" departLane="beg_1" departPos="5.10" departPosLat="0.50" departSpeed="0.00" departDelay="9.00" arrival="245.00" arrivalLane="end_0" arrivalPos="200.00" arrivalPosLat="0.58" arrivalSpeed="13.73" duration="194.00" routeLength="494.90" waitingTime="135.00" waitingCount="1" stopTime="0.00" timeLoss="159.70" rerouteNo="0" devices="tripinfo_mixed.42" vType="car" speedFactor="1.05" vaporized=""/>
    <tripinfo id="mixed.54" depart="79.00" departLane="beg_1" departPos="5.10" departPosLat="0.53" departSpeed="0.00" departDelay="25.00" arrival="245.00" arrivalLane="end_1" arrivalPos="200.00" arrivalPosLat="0.54" arrivalSpeed="14.44" duration="166.00" routeLength="494.90" waitingTime="111.00" waitingCount="1" stopTime="0.00" timeLoss="132.35" rerouteNo="0" devices="tripinfo_mixed.54" vType="car" speedFactor="1.06" vaporized=""/>
    <tripinfo id="mixed.41" depart="53.00" departLane="beg_0" departPos="2.20" departPosLat="-1.14" departSpeed="0.00" departDelay="12.00" arrival="247.00" arrivalLane="end_0" arrivalPos="200.00" arrivalPosLat="-1.20" arrivalSpeed="11.71" duration="194.00" routeLength="497.80" waitingTime="126.00" waitingCount="1" stopTime="0.00" timeLoss="151.66" rerouteNo="0" devices="tripinfo_mixed.41" vType="moped" speedFactor="0.85" vaporized=""/>
    <tripinfo id="mixed.46" depart="60.00" departLane="beg_1" departPos="2.20" departPosLat="1.14" departSpeed="0.00" departDelay="14.00" arrival="248.00" arrivalLane="end_1" arrivalPos="200.00" arrivalPosLat="-0.56" arrivalSpeed="12.82" duration="188.00" routeLength="497.80" waitingTime="120.00" waitingCount="3" stopTime="0.00" timeLoss="149.67" rerouteNo="0" devices="tripinfo_mixed.46" vType="moped" speedFactor="0.95" vaporized=""/>
    <tripinfo id="mixed.25" depart="34.00" departLane="beg_1" departPos="5.10" departPosLat="0.04" departSpeed="0.00" departDelay="9.00" arrival="249.00" arrivalLane="end_0" arrivalPos="200.00" arrivalPosLat="0.58" arrivalSpeed="12.77" duration="215.00" routeLength="494.90" waitingTime="143.00" waitingCount="1" stopTime="0.00" timeLoss="176.81" rerouteNo="0" devices="tripinfo_mixed.25" vType="car" speedFactor="0.94" vaporized=""/>
    <tripinfo id="mixed.44" depart="53.00" departLane="beg_0" departPos="2.20" departPosLat="0.88" departSpeed="0.00" departDelay="9.00" arrival="249.00" arrivalLane="end_1" arrivalPos="200.00" arrivalPosLat="-0.60" arrivalSpeed="13.48" duration="196.00" routeLength="497.80" waitingTime="133.00" waitingCount="2" stopTime="0.00" timeLoss="165.99" rerouteNo="0" devices="tripinfo_mixed.44" vType="moped" speedFactor="1.48" vaporized=""/>
    <tripinfo id="mixed.56" depart="82.00" departLane="beg_1" departPos="5.10" departPosLat="0.30" departSpeed="0.00" departDelay="26.00" arrival="251.00" arrivalLane="end_1" arrivalPos="200.00" arrivalPosLat="-0.10" arrivalSpeed="15.41" duration="169.00" routeLength="494.90" waitingTime="110.00" waitingCount="1" stopTime="0.00" timeLoss="138.20" rerouteNo="0" devices="tripinfo_mixed.56" vType="car" speedFactor="1.17" vaporized=""/>
    <tripinfo id="mixed.49" depart="61.00" departLane="beg_0" departPos="2.20" departPosLat="0.28" departSpeed="0.00" departDelay="12.00" arrival="252.00" arrivalLane="end_0" arrivalPos="200.00" arrivalPosLat="0.60" arrivalSpeed="10.67" duration="191.00" routeLength="497.80" waitingTime="117.00" waitingCount="2" stopTime="0.00" timeLoss="145.27" rerouteNo="0" devices="tripinfo_mixed.49" vType="moped" speedFactor="0.79" vaporized=""/>
    <tripinfo id="mixed.47" depart="59.00" departLane="beg_1" departPos="2.20" departPosLat="-0.22" departSpeed="0.00" departDelay="12.00" arrival="253.00" arrivalLane="end_0" arrivalPos="200.00" arrivalPosLat="0.64" arrivalSpeed="11.30" duration="194.00" routeLength="497.80" waitingTime="122.00" waitingCount="2" stopTime="0.00" timeLoss="151.25" rerouteNo="0" devices="tripinfo_mixed.47" vType="moped" speedFactor="0.84" vaporized=""/>
    <tripinfo id="mixed.62" depart="85.00" departLane="beg_1" departPos="5.10" departPosLat="-0.40" departSpeed="0.00" departDelay="23.00" arrival="253.00" arrivalLane="end_1" arrivalPos="200.00" arrivalPosLat="0.70" arrivalSpeed="13.83" duration="168.00" routeLength="494.90" waitingTime="109.00" waitingCount="1" stopTime="0.00" timeLoss="132.29" rerouteNo="0" devices="tripinfo_mixed.62" vType="car" speedFactor="1.01" vaporized=""/>
    <tripinfo id="mixed.65" depart="80.00" departLane="beg_0" departPos="2.20" departPosLat="0.84" departSpeed="0.00" departDelay="15.00" arrival="253.00" arrivalLane="end_1" arrivalPos="200.00" arrivalPosLat="-1.20" arrivalSpeed="15.97" duration="173.00" routeLength="497.80" waitingTime="110.00" waitingCount="1" stopTime="0.00" timeLoss="142.34" rerouteNo="0" devices="tripinfo_mixed.65" vType="moped" speedFactor="1.21" vaporized=""/>
    <tripinfo id="mixed.59" depart="69.00" departLane="beg_0" departPos="2.20" departPosLat="-0.25" departSpeed="0.00" departDelay="10.00" arrival="254.00" arrivalLane="end_1" arrivalPos="200.00" arrivalPosLat="-0.32" arrivalSpeed="14.84" duration="185.00" routeLength="497.80" waitingTime="113.00" waitingCount="2" stopTime="0.00" timeLoss="155.09" rerouteNo="0" devices="tripinfo_mixed.59" vType="moped" speedFactor="1.33" vaporized=""/>
    <tripinfo id="mixed.39" depart="49.00" departLane="beg_0" departPos="2.20" departPosLat="-0.86" departSpeed="0.00" departDelay="10.00" arrival="255.00" arrivalLane="end_0" arrivalPos="200.00" arrivalPosLat="0.76" arrivalSpeed="13.55" duration="206.00" routeLength="497.80" waitingTime="128.00" waitingCount="2" stopTime="0.00" timeLoss="175.67" rerouteNo="0" devices="tripinfo_mixed.39" vType="moped" speedFactor="1.40" vaporized=""/>
    <tripinfo id="mixed.70" depart="90.00" departLane="beg_1" departPos="2.20" departPosLat="0.40" departSpeed="0.00" departDelay="20.00" arrival="255.00" arrivalLane="end_1" arrivalPos="200.00" arrivalPosLat="0.72" arrivalSpeed="16.56" duration="165.00" routeLength="497.80" waitingTime="101.00" waitingCount="1" stopTime="0.00" timeLoss="134.99" rerouteNo="0" devices="tripinfo_mixed.70" vType="moped" speedFactor="1.39" vaporized=""/>
    <tripinfo id="mixed.1" depart="1.00" departLane="beg_1" departPos="2.20" departPosLat="-0.02" departSpeed="0.00" departDelay="0.00" arrival="256.00" arrivalLane="end_0" arrivalPos="200.00" arrivalPosLat="-1.20" arrivalSpeed="4.67" duration="255.00" routeLength="497.80" waitingTime="141.00" waitingCount="1" stopTime="0.00" timeLoss="153.98" rerouteNo="0" devices="tripinfo_mixed.1" vType="moped" speedFactor="0.36" vaporized=""/>
    <tripinfo id="mixed.53" depart="68.00" departLane="beg_1" departPos="5.10" departPosLat="0.13" departSpeed="0.00" departDelay="15.00" arrival="257.00" arrivalLane="end_0" arrivalPos="200.00" arrivalPosLat="1.22" arrivalSpeed="16.60" duration="189.00" routeLength="494.90" waitingTime="120.00" waitingCount="3" stopTime="0.00" timeLoss="159.35" rerouteNo="0" devices="tripinfo_mixed.53" vType="car" speedFactor="1.24" vaporized=""/>
    <tripinfo id="mixed.71" depart="99.00" departLane="beg_1" departPos="2.20" departPosLat="0.13" departSpeed="0.00" departDelay="28.00" arrival="258.00" arrivalLane="end_1" arrivalPos="200.00" arrivalPosLat="1.20" arrivalSpeed="16.26" duration="159.00" routeLength="497.80" waitingTime="99.00" waitingCount="1" stopTime="0.00" timeLoss="128.90" rerouteNo="0" devices="tripinfo_mixed.71" vType="moped" speedFactor="1.58" vaporized=""/>
    <tripinfo id="mixed.51" depart="66.00" departLane="beg_0" departPos="2.20" departPosLat="0.65" departSpeed="0.00" departDelay="15.00" arrival="260.00" arrivalLane="end_0" arrivalPos="200.00" arrivalPosLat="-1.20" arrivalSpeed="9.45" duration="194.00" routeLength="497.80" waitingTime="112.00" waitingCount="2" stopTime="0.00" timeLoss="143.23" rerouteNo="0" devices="tripinfo_mixed.51" vType="moped" speedFactor="0.71" vaporized=""/>
    <tripinfo id="mixed.72" depart="96.00" departLane="beg_0" departPos="2.20" departPosLat="-0.77" departSpeed="0.00" departDelay="24.00" arrival="260.00" arrivalLane="end_0" arrivalPos="200.00" arrivalPosLat="0.72" arrivalSpeed="11.68" duration="164.00" routeLength="497.80" waitingTime="100.00" waitingCount="1" stopTime="0.00" timeLoss="122.56" rerouteNo="0" devices="tripinfo_mixed.72" vType="moped" speedFactor="0.87" vaporized=""/>
    <tripinfo id="mixed.75" depart="99.00" departLane="beg_0" departPos="2.20" departPosLat="0.35" departSpeed="0.00" departDelay="24.00" arrival="260.00" arrivalLane="end_1" arrivalPos="200.00" arrivalPosLat="0.72" arrivalSpeed="16.31" duration="161.00" routeLength="497.80" waitingTime="96.00" waitingCount="2" stopTime="0.00" timeLoss="130.30" rerouteNo="0" devices="tripinfo_mixed.75" vType="moped" speedFactor="1.30" vaporized=""/>
    <tripinfo id="mixed.27" depart="36.00" departLane="beg_0" departPos="2.20" departPosLat="0.85" departSpeed="0.00" departDelay="9.00" arrival="262.00" arrivalLane="end_0" arrivalPos="200.00" arrivalPosLat="0.08" arrivalSpeed="10.42" duration="226.00" routeLength="497.80" waitingTime="137.00" waitingCount="1" stopTime="0.00" timeLoss="178.66" rerouteNo="0" devices="tripinfo_mixed.27" vType="moped" speedFactor="0.76" vaporized=""/>
    <tripinfo id="mixed.69" depart="97.00" departLane="beg_1" departPos="5.10" departPosLat="0.61" departSpeed="0.00" departDelay="28.00" arrival="262.00" arrivalLane="end_1" arrivalPos="200.00" arrivalPosLat="0.70" arrivalSpeed="16.85" duration="165.00" routeLength="494.90" waitingTime="105.00" waitingCount="1" stopTime="0.00" timeLoss="136.47" rerouteNo="0" devices="tripinfo_mixed.69" vType="car" speedFactor="1.28" vaporized=""/>
    <tripinfo id="mixed.55" depart="71.00" departLane="beg_1" departPos="2.20" departPosLat="-0.29" departSpeed="0.00" departDelay="16.00" arrival="263.00" arrivalLane="end_1" arrivalPos="200.00" arrivalPosLat="-1.24" arrivalSpeed="8.91" duration="192.00" routeLength="497.80" waitingTime="111.00" waitingCount="2" stopTime="0.00" timeLoss="138.47" rerouteNo="0" devices="tripinfo_mixed.55" vType="moped" speedFactor="0.67" vaporized=""/>
    <tripinfo id="mixed.33" depart="40.00" departLane="beg_1" departPos="2.20" departPosLat="1.13" departSpeed="0.00" departDelay="7.00" arrival="264.00" arrivalLane="end_0" arrivalPos="200.00" arrivalPosLat="0.08" arrivalSpeed="10.86" duration="224.00" routeLength="497.80" waitingTime="136.00" waitingCount="1" stopTime="0.00" timeLoss="179.33" rerouteNo="0" devices="tripinfo_mixed.33" vType="moped" speedFactor="0.81" vaporized=""/>
    <tripinfo id="mixed.76" depart="104.00" departLane="beg_1" departPos="5.10" departPosLat="-0.60" departSpeed="0.00" departDelay="28.00" arrival="264.00" arrivalLane="end_1" arrivalPos="200.00" arrivalPosLat="0.70" arrivalSpeed="13.85" duration="160.00" routeLength="494.90" waitingTime="96.00" waitingCount="1" stopTime="0.00" timeLoss="126.51" rerouteNo="0" devices="tripinfo_mixed.76" vType="car" speedFactor="1.07" vaporized=""/>
    <tripinfo id="mixed.63" depart="80.00" departLane="beg_0" departPos="2.20" departPosLat="-1.12" departSpeed="0.00" departDelay="17.00" arrival="265.00" arrivalLane="end_0" arrivalPos="200.00" arrivalPosLat="0.96" arrivalSpeed="10.62" duration="185.00" routeLength="497.80" waitingTime="108.00" waitingCount="2" stopTime="0.00" timeLoss="137.56" rerouteNo="0" devices="tripinfo_mixed.63" vType="moped" speedFactor="0.77" vaporized=""/>
    <tripinfo id="mixed.81" depart="114.00" departLane="beg_1" departPos="2.20" departPosLat="1.07" departSpeed="0.00" departDelay="33.00" arrival="266.00" arrivalLane="end_1" arrivalPos="200.00" arrivalPosLat="0.40" arrivalSpeed="14.77" duration="152.00" routeLength="497.80" waitingTime="87.00" waitingCount="1" stopTime="0.00" timeLoss="118.33" rerouteNo="0" devices="tripinfo_mixed.81" vType="moped" speedFactor="1.08" vaporized=""/>
    <tripinfo id="mixed.2" depart="5.00" departLane="beg_1" departPos="2.20" departPosLat="0.16" departSpeed="0.00" departDelay="3.00" arrival="267.00" arrivalLane="end_0" arrivalPos="200.00" arrivalPosLat="-1.20" arrivalSpeed="4.22" duration="262.00" routeLength="497.80" waitingTime="137.00" waitingCount="1" stopTime="0.00" timeLoss="151.09" rerouteNo="0" devices="tripinfo_mixed.2" vType="moped" speedFactor="0.32" vaporized=""/>
    <tripinfo id="mixed.57" depart="71.00" departLane="beg_1" departPos="2.20" departPosLat="0.90" departSpeed="0.00" departDelay="14.00" arrival="268.00" arrivalLane="end_0" arrivalPos="200.00" arrivalPosLat="1.32" arrivalSpeed="7.97" duration="197.00" routeLength="497.80" waitingTime="110.00" waitingCount="2" stopTime="0.00" timeLoss="135.83" rerouteNo="0" devices="tripinfo_mixed.57" vType="moped" speedFactor="0.59" vaporized=""/>
    <tripinfo id="mixed.38" depart="49.00" departLane="beg_0" departPos="2.20" departPosLat="0.50" departSpeed="0.00" departDelay="11.00" arrival="269.00" arrivalLane="end_0" arrivalPos="200.00" arrivalPosLat="-0.08" arrivalSpeed="5.76" duration="220.00" routeLength="497.80" waitingTime="130.00" waitingCount="2" stopTime="0.00" timeLoss="184.41" rerouteNo="0" devices="tripinfo_mixed.38" vType="moped" speedFactor="1.01" vaporized=""/>
    <tripinfo id="mixed.66" depart="87.00" departLane="beg_1" departPos="2.20" departPosLat="-0.62" departSpeed="0.00" departDelay="21.00" arrival="270.00" arrivalLane="end_1" arrivalPos="200.00" arrivalPosLat="-1.32" arrivalSpeed="9.53" duration="183.00" routeLength="497.80" waitingTime="107.00" waitingCount="1" stopTime="0.00" timeLoss="152.63" rerouteNo="0" devices="tripinfo_mixed.66" vType="moped" speedFactor="1.23" vaporized=""/>
    <tripinfo id="mixed.83" depart="111.00" departLane="beg_1" departPos="2.20" departPosLat="-1.13" departSpeed="0.00" departDelay="28.00" arrival="270.00" arrivalLane="end_1" arrivalPos="200.00" arrivalPosLat="0.68" arrivalSpeed="12.06" duration="159.00" routeLength="497.80" waitingTime="87.00" waitingCount="2" stopTime="0.00" timeLoss="117.54" rerouteNo="0" devices="tripinfo_mixed.83" vType="moped" speedFactor="0.88" vaporized=""/>
    <tripinfo id="mixed.40" depart="47.00" departLane="beg_1" departPos="2.20" departPosLat="-0.30" departSpeed="0.00" departDelay="7.00" arrival="271.00" arrivalLane="end_0" arrivalPos="200.00" arrivalPosLat="-1.20" arrivalSpeed="6.51" duration="224.00" routeLength="497.80" waitingTime="129.00" waitingCount="1" stopTime="0.00" timeLoss="163.27" rerouteNo="0" devices="tripinfo_mixed.40" vType="moped" speedFactor="0.60" vaporized=""/>
    <tripinfo id="mixed.58" depart="90.00" departLane="beg_0" departPos="5.10" departPosLat="0.01" departSpeed="0.00" departDelay="32.00" arrival="271.00" arrivalLane="end_0" arrivalPos="200.00" arrivalPosLat="1.38" arrivalSpeed="11.55" duration="181.00" routeLength="494.90" waitingTime="109.00" waitingCount="2" stopTime="0.00" timeLoss="146.37" rerouteNo="0" devices="tripinfo_mixed.58" vType="car" speedFactor="1.03" vaporized=""/>
    <tripinfo id="mixed.95" depart="127.00" departLane="beg_1" departPos="2.20" departPosLat="-0.06" departSpeed="0.00" departDelay="32.00" arrival="271.00" arrivalLane="end_1" arrivalPos="200.00" arrivalPosLat="0.68" arrivalSpeed="12.78" duration="144.00" routeLength="497.80" waitingTime="83.00" waitingCount="1" stopTime="0.00" timeLoss="113.79" rerouteNo="0" devices="tripinfo_mixed.95" vType="moped" speedFactor="1.41" vaporized=""/>
    <tripinfo id="mixed.34" depart="46.00" departLane="beg_0" departPos="2.20" departPosLat="-0.87" departSpeed="0.00" departDelay="12.00" arrival="273.00" arrivalLane="end_0" arrivalPos="200.00" arrivalPosLat="-1.20" arrivalSpeed="6.82" duration="227.00" routeLength="497.80" waitingTime="123.00" waitingCount="1" stopTime="0.00" timeLoss="155.60" rerouteNo="0" devices="tripinfo_mixed.34" vType="moped" speedFactor="0.51" vaporized=""/>
    <tripinfo id="mixed.74" depart="100.00" departLane="beg_0" departPos="2.20" departPosLat="-1.03" departSpeed="0.00" departDelay="26.00" arrival="273.00" arrivalLane="end_0" arrivalPos="200.00" arrivalPosLat="1.32" arrivalSpeed="10.87" duration="173.00" routeLength="497.80" waitingTime="97.00" waitingCount="1" stopTime="0.00" timeLoss="142.99" rerouteNo="0" devices="tripinfo_mixed.74" vType="moped" speedFactor="1.29" vaporized=""/>
    <tripinfo id="mixed.77" depart="107.00" departLane="beg_1" departPos="5.10" departPosLat="0.41" departSpeed="0.00" departDelay="30.00" arrival="273.00" arrivalLane="end_1" arrivalPos="200.00" arrivalPosLat="0.58" arrivalSpeed="12.96" duration="166.00" routeLength="494.90" waitingTime="95.00" waitingCount="1" stopTime="0.00" timeLoss="128.19" rerouteNo="0" devices="tripinfo_mixed.77" vType="car" speedFactor="0.95" vaporized=""/>
    <tripinfo id="mixed.45" depart="60.00" departLane="beg_0" departPos="2.20" departPosLat="-0.91" departSpeed="0.00" departDelay="15.00" arrival="274.00" arrivalLane="end_0" arrivalPos="200.00" arrivalPosLat="-0.68" arrivalSpeed="7.27" duration="214.00" routeLength="497.80" waitingTime="123.00" waitingCount="2" stopTime="0.00" timeLoss="177.74" rerouteNo="0" devices="tripinfo_mixed.45" vType="moped" speedFactor="0.99" vaporized=""/>
    <tripinfo id="mixed.73" depart="104.00" departLane="beg_0" departPos="5.10" departPosLat="-0.34" departSpeed="0.00" departDelay="31.00" arrival="275.00" arrivalLane="end_0" arrivalPos="200.00" arrivalPosLat="1.60" arrivalSpeed="12.03" duration="171.00" routeLength="494.90" waitingTime="100.00" waitingCount="1" stopTime="0.00" timeLoss="131.05" rerouteNo="0" devices="tripinfo_mixed.73" vType="car" speedFactor="0.90" vaporized=""/>
    <tripinfo id="mixed.82" depart="118.00" departLane="beg_1" departPos="5.10" departPosLat="0.60" departSpeed="0.00" departDelay="36.00" arrival="275.00" arrivalLane="end_1" arrivalPos="200.00" arrivalPosLat="0.70" arrivalSpeed="16.30" duration="157.00" routeLength="494.90" waitingTime="85.00" waitingCount="1" stopTime="0.00" timeLoss="126.16" rerouteNo="0" devices="tripinfo_mixed.82" vType="car" speedFactor="1.19" vaporized=""/>
    <tripinfo id="mixed.48" depart="64.00" departLane="beg_1" departPos="2.20" departPosLat="0.72" departSpeed="0.00" departDelay="16.00" arrival="276.00" arrivalLane="end_0" arrivalPos="200.00" arrivalPosLat="-1.20" arrivalSpeed="8.35" duration="212.00" routeLength="497.80" waitingTime="113.00" waitingCount="2" stopTime="0.00" timeLoss="154.26" rerouteNo="0" devices="tripinfo_mixed.48" vType="moped" speedFactor="0.63" vaporized=""/>
    <tripinfo id="mixed.60" depart="75.00" departLane="beg_1" departPos="2.20" departPosLat="0.29" departSpeed="0.00" departDelay="15.00" arrival="277.00" arrivalLane="end_0" arrivalPos="200.00" arrivalPosLat="0.72" arrivalSpeed="12.07" duration="202.00" routeLength="497.80" waitingTime="111.00" waitingCount="3" stopTime="0.00" timeLoss="162.03" rerouteNo="0" devices="tripinfo_mixed.60" vType="moped" speedFactor="0.90" vaporized=""/>
    <tripinfo id="mixed.79" depart="115.00" departLane="beg_0" departPos="5.10" departPosLat="0.05" departSpeed="0.00" departDelay="36.00" arrival="277.00" arrivalLane="end_1" arrivalPos="200.00" arrivalPosLat="-0.64" arrivalSpeed="15.07" duration="162.00" routeLength="494.90" waitingTime="91.00" waitingCount="2" stopTime="0.00" timeLoss="137.73" rerouteNo="0" devices="tripinfo_mixed.79" vType="car" speedFactor="1.50" vaporized=""/>
    <tripinfo id="mixed.87" depart="117.00" departLane="beg_1" departPos="2.20" departPosLat="-1.09" departSpeed="0.00" departDelay="30.00" arrival="277.00" arrivalLane="end_1" arrivalPos="200.00" arrivalPosLat="1.20" arrivalSpeed="12.50" duration="160.00" routeLength="497.80" waitingTime="85.00" waitingCount="2" stopTime="0.00" timeLoss="119.56" rerouteNo="0" devices="tripinfo_mixed.87" vType="moped" speedFactor="0.91" vaporized=""/>
    <tripinfo id="mixed.61" depart="84.00" departLane="beg_0" departPos="2.20" departPosLat="0.83" departSpeed="0.00" departDelay="23.00" arrival="279.00" arrivalLane="end_0" arrivalPos="200.00" arrivalPosLat="0.60" arrivalSpeed="12.60" duration="195.00" routeLength="497.80" waitingTime="107.00" waitingCount="1" stopTime="0.00" timeLoss="155.09" rerouteNo="0" devices="tripinfo_mixed.61" vType="moped" speedFactor="0.92" vaporized=""/>
    <tripinfo id="mixed.85" depart="110.00" departLane="beg_0" departPos="2.20" departPosLat="0.15" departSpeed="0.00" departDelay="25.00" arrival="279.00" arrivalLane="end_1" arrivalPos="200.00" arrivalPosLat="-0.60" arrivalSpeed="13.43" duration="169.00" routeLength="497.80" waitingTime="89.00" waitingCount="1" stopTime="0.00" timeLoss="138.44" rerouteNo="0" devices="tripinfo_mixed.85" vType="moped" speedFactor="1.52" vaporized=""/>
    <tripinfo id="mixed.88" depart="122.00" departLane="beg_1" departPos="2.20" departPosLat="0.95" departSpeed="0.00" departDelay="34.00" arrival="280.00" arrivalLane="end_1" arrivalPos="200.00" arrivalPosLat="-0.32" arrivalSpeed="10.39" duration="158.00" routeLength="497.80" waitingTime="84.00" waitingCount="1" stopTime="0.00" timeLoss="110.92" rerouteNo="0" devices="tripinfo_mixed.88" vType="moped" speedFactor="0.77" vaporized=""/>
    <tripinfo id="mixed.89" depart="122.00" departLane="beg_1" departPos="2.20" departPosLat="-0.66" departSpeed="0.00" departDelay="33.00" arrival="280.00" arrivalLane="end_0" arrivalPos="200.00" arrivalPosLat="0.24" arrivalSpeed="13.63" duration="158.00" routeLength="497.80" waitingTime="84.00" waitingCount="2" stopTime="0.00" timeLoss="125.86" rerouteNo="0" devices="tripinfo_mixed.89" vType="moped" speedFactor="1.13" vaporized=""/>
    <tripinfo id="mixed.92" depart="126.00" departLane="beg_0" departPos="2.20" departPosLat="0.90" departSpeed="0.00" departDelay="34.00" arrival="281.00" arrivalLane="end_0" arrivalPos="200.00" arrivalPosLat="0.96" arrivalSpeed="13.26" duration="155.00" routeLength="497.80" waitingTime="84.00" waitingCount="3" stopTime="0.00" timeLoss="123.21" rerouteNo="0" devices="tripinfo_mixed.92" vType="moped" speedFactor="1.13" vaporized=""/>
    <tripinfo id="mixed.99" depart="139.00" departLane="beg_1" departPos="2.20" departPosLat="1.11" departSpeed="0.00" departDelay="40.00" arrival="281.00" arrivalLane="end_1" arrivalPos="200.00" arrivalPosLat="1.20" arrivalSpeed="15.74" duration="142.00" routeLength="497.80" waitingTime="81.00" waitingCount="1" stopTime="0.00" timeLoss="110.22" rerouteNo="0" devices="tripinfo_mixed.99" vType="moped" speedFactor="1.14" vaporized=""/>
    <tripinfo id="mixed.94" depart="131.00" departLane="beg_1" departPos="5.10" departPosLat="0.15" departSpeed="0.00" departDelay="37.00" arrival="282.00" arrivalLane="end_1" arrivalPos="200.00" arrivalPosLat="-0.64" arrivalSpeed="14.47" duration="151.00" routeLength="494.90" waitingTime="82.00" waitingCount="1" stopTime="0.00" timeLoss="121.63" rerouteNo="0" devices="tripinfo_mixed.94" vType="car" speedFactor="1.24" vaporized=""/>
    <tripinfo id="mixed.29" depart="40.00" departLane="beg_0" departPos="2.20" departPosLat="0.63" departSpeed="0.00" departDelay="11.00" arrival="283.00" arrivalLane="end_0" arrivalPos="200.00" arrivalPosLat="-1.20" arrivalSpeed="4.69" duration="243.00" routeLength="497.80" waitingTime="118.00" waitingCount="2" stopTime="0.00" timeLoss="136.71" rerouteNo="0" devices="tripinfo_mixed.29" vType="moped" speedFactor="0.34" vaporized=""/>
    <tripinfo id="mixed.90" depart="134.00" departLane="beg_1" departPos="5.10" departPosLat="0.34" departSpeed="0.00" departDelay="44.00" arrival="284.00" arrivalLane="end_0" arrivalPos="200.00" arrivalPosLat="1.38" arrivalSpeed="13.26" duration="150.00" routeLength="494.90" waitingTime="79.00" waitingCount="1" stopTime="0.00" timeLoss="115.13" rerouteNo="0" devices="tripinfo_mixed.90" vType="car" speedFactor="1.05" vaporized=""/>
    <tripinfo id="mixed.98" depart="137.00" departLane="beg_1" departPos="5.10" departPosLat="-0.16" departSpeed="0.00" departDelay="39.00" arrival="284.00" arrivalLane="end_1" arrivalPos="200.00" arrivalPosLat="0.70" arrivalSpeed="14.60" duration="147.00" routeLength="494.90" waitingTime="82.00" waitingCount="1" stopTime="0.00" timeLoss="113.00" rerouteNo="0" devices="tripinfo_mixed.98" vType="car" speedFactor="1.07" vaporized=""/>
    <tripinfo id="mixed.35" depart="58.00" departLane="beg_0" departPos="2.20" departPosLat="-0.37" departSpeed="0.00" departDelay="23.00" arrival="285.00" arrivalLane="end_0" arrivalPos="200.00" arrivalPosLat="-1.20" arrivalSpeed="5.80" duration="227.00" routeLength="497.80" waitingTime="119.00" waitingCount="3" stopTime="0.00" timeLoss="196.83" rerouteNo="0" devices="tripinfo_mixed.35" vType="moped" speedFactor="1.25" vaporized=""/>
    <tripinfo id="mixed.93" depart="130.00" departLane="beg_0" departPos="5.10" departPosLat="-0.07" departSpeed="0.00" departDelay="37.00" arrival="285.00" arrivalLane="end_1" arrivalPos="200.00" arrivalPosLat="-1.60" arrivalSpeed="13.96" duration="155.00" routeLength="494.90" waitingTime="81.00" waitingCount="1" stopTime="0.00" timeLoss="119.35" rerouteNo="0" devices="tripinfo_mixed.93" vType="car" speedFactor="1.01" vaporized=""/>
    <tripinfo id="mixed.96" depart="134.00" departLane="beg_0" departPos="5.10" departPosLat="0.52" departSpeed="0.00" departDelay="38.00" arrival="285.00" arrivalLane="end_1" arrivalPos="200.00" arrivalPosLat="0.70" arrivalSpeed="14.42" duration="151.00" routeLength="494.90" waitingTime="84.00" waitingCount="2" stopTime="0.00" timeLoss="117.38" rerouteNo="0" devices="tripinfo_mixed.96" vType="car" speedFactor="1.06" vaporized=""/>
    <tripinfo id="mixed.52" depart="74.00" departLane="beg_0" departPos="5.10" departPosLat="-0.43" departSpeed="0.00" departDelay="22.00" arrival="287.00" arrivalLane="end_0" arrivalPos="200.00" arrivalPosLat="-0.70" arrivalSpeed="7.58" duration="213.00" routeLength="494.90" waitingTime="112.00" waitingCount="2" stopTime="0.00" timeLoss="180.50" rerouteNo="0" devices="tripinfo_mixed.52" vType="car" speedFactor="1.11" vaporized=""/>
    <tripinfo id="mixed.86" depart="122.00" departLane="beg_0" departPos="5.10" departPosLat="0.03" departSpeed="0.00" departDelay="36.00" arrival="288.00" arrivalLane="end_1" arrivalPos="200.00" arrivalPosLat="-1.38" arrivalSpeed="13.05" duration="166.00" routeLength="494.90" waitingTime="91.00" waitingCount="1" stopTime="0.00" timeLoss="129.31" rerouteNo="0" devices="tripinfo_mixed.86" vType="car" speedFactor="0.98" vaporized=""/>
    <tripinfo id="mixed.50" depart="77.00" departLane="beg_0" departPos="5.10" departPosLat="-0.17" departSpeed="0.00" departDelay="27.00" arrival="289.00" arrivalLane="end_0" arrivalPos="200.00" arrivalPosLat="0.42" arrivalSpeed="10.42" duration="212.00" routeLength="494.90" waitingTime="111.00" waitingCount="2" stopTime="0.00" timeLoss="177.17" rerouteNo="0" devices="tripinfo_mixed.50" vType="car" speedFactor="1.04" vaporized=""/>
    <tripinfo id="mixed.67" depart="93.00" departLane="beg_0" departPos="5.10" departPosLat="-0.53" departSpeed="0.00" departDelay="26.00" arrival="291.00" arrivalLane="end_0" arrivalPos="200.00" arrivalPosLat="-0.70" arrivalSpeed="9.76" duration="198.00" routeLength="494.90" waitingTime="107.00" waitingCount="1" stopTime="0.00" timeLoss="147.66" rerouteNo="0" devices="tripinfo_mixed.67" vType="car" speedFactor="0.72" vaporized=""/>
    <tripinfo id="mixed.78" depart="107.00" departLane="beg_0" departPos="2.20" departPosLat="-1.19" departSpeed="0.00" departDelay="29.00" arrival="291.00" arrivalLane="end_1" arrivalPos="200.00" arrivalPosLat="-0.60" arrivalSpeed="16.64" duration="184.00" routeLength="497.80" waitingTime="99.00" waitingCount="1" stopTime="0.00" timeLoss="153.60" rerouteNo="0" devices="tripinfo_mixed.78" vType="moped" speedFactor="1.26" vaporized=""/>
    <tripinfo id="mixed.68" depart="94.00" departLane="beg_1" departPos="5.10" departPosLat="0.07" departSpeed="0.00" departDelay="26.00" arrival="292.00" arrivalLane="end_0" arrivalPos="200.00" arrivalPosLat="0.30" arrivalSpeed="11.15" duration="198.00" routeLength="494.90" waitingTime="105.00" waitingCount="2" stopTime="0.00" timeLoss="154.00" rerouteNo="0" devices="tripinfo_mixed.68" vType="car" speedFactor="0.81" vaporized=""/>
    <tripinfo id="mixed.84" depart="118.00" departLane="beg_0" departPos="2.20" departPosLat="-0.27" departSpeed="0.00" departDelay="34.00" arrival="293.00" arrivalLane="end_1" arrivalPos="200.00" arrivalPosLat="-1.20" arrivalSpeed="15.91" duration="175.00" routeLength="497.80" waitingTime="91.00" waitingCount="1" stopTime="0.00" timeLoss="144.57" rerouteNo="0" devices="tripinfo_mixed.84" vType="moped" speedFactor="1.71" vaporized=""/>
    <tripinfo id="mixed.91" depart="124.00" departLane="beg_0" departPos="2.20" departPosLat="1.13" departSpeed="0.00" departDelay="33.00" arrival="295.00" arrivalLane="end_0" arrivalPos="200.00" arrivalPosLat="-1.20" arrivalSpeed="6.98" duration="171.00" routeLength="497.80" waitingTime="85.00" waitingCount="1" stopTime="0.00" timeLoss="104.66" rerouteNo="0" devices="tripinfo_mixed.91" vType="moped" speedFactor="0.54" vaporized=""/>
    <tripinfo id="mixed.80" depart="107.00" departLane="beg_0" departPos="2.20" departPosLat="0.48" departSpeed="0.00" departDelay="27.00" arrival="302.00" arrivalLane="end_0" arrivalPos="200.00" arrivalPosLat="-1.20" arrivalSpeed="6.05" duration="195.00" routeLength="497.80" waitingTime="93.00" waitingCount="1" stopTime="0.00" timeLoss="117.46" rerouteNo="0" devices="tripinfo_mixed.80" vType="moped" speedFactor="0.46" vaporized=""/>
    <tripinfo id="mixed.64" depart="84.00" departLane="beg_0" departPos="2.20" departPosLat="-0.15" departSpeed="0.00" departDelay="20.00" arrival="308.00" arrivalLane="end_0" arrivalPos="200.00" arrivalPosLat="-1.20" arrivalSpeed="4.34" duration="224.00" routeLength="497.80" waitingTime="101.00" waitingCount="1" stopTime="0.00" timeLoss="116.34" rerouteNo="0" devices="tripinfo_mixed.64" vType="moped" speedFactor="0.33" vaporized=""/>
    <tripinfo id="mixed.97" depart="136.00" departLane="beg_0" departPos="2.20" departPosLat="-0.20" departSpeed="0.00" departDelay="39.00" arrival="325.00" arrivalLane="end_0" arrivalPos="200.00" arrivalPosLat="-1.20" arrivalSpeed="4.67" duration="189.00" routeLength="497.80" waitingTime="69.00" waitingCount="1" stopTime="0.00" timeLoss="85.12" rerouteNo="0" devices="tripinfo_mixed.97" vType="moped" speedFactor="0.35" vaporized=""/>
</tripinfos>
