<add>
    <tlLogic id="0" type="static" programID="o" offset="0.00">
      <phase duration="3.00" state="rryrrrrryrrr"/>
      <phase duration="3.00" state="rrrrrrrrrrrr"/>
      <phase duration="25" state="rrrGGrrrrGGr"/>
      <phase duration="3.00" state="rrryyrrrryyr"/>
      <phase duration="3.00" state="rrrrrrrrrrrr"/>
      <phase duration="5" state="rrrrrGrrrrrG"/>
      <phase duration="3.00" state="rrrrryrrrrry"/>
      <phase duration="3.00" state="rrrrrrrrrrrr"/>
      <phase duration="33" state="GGrrrrGGrrrr"/>
      <phase duration="3.00" state="yyrrrryyrrrr"/>
      <phase duration="3.00" state="rrrrrrrrrrrr"/>
      <phase duration="5" state="rrGrrrrrGrrr"/>
   </tlLogic>
</add>
