<?xml version="1.0" encoding="UTF-8"?>

<!-- generated on Thu Jun  7 17:05:37 2018 by Eclipse SUMO duarouter Version bd2c4bd
<configuration xmlns:xsi="http://www.w3.org/2001/XMLSchema-instance" xsi:noNamespaceSchemaLocation="http://sumo.dlr.de/xsd/duarouterConfiguration.xsd">

    <input>
        <net-file value="osm.net.xml"/>
        <route-files value="osm.truck_mw.trips.xml"/>
    </input>

    <output>
        <output-file value="osm.truck_mw.rou.xml"/>
        <alternatives-output value="osm.truck_mw.rou.alt.xml"/>
    </output>

    <processing>
        <ignore-errors value="true"/>
    </processing>

    <time>
        <begin value="0"/>
        <end value="1800.0"/>
    </time>

    <report>
        <no-warnings value="true"/>
        <no-step-log value="true"/>
    </report>

</configuration>
-->

<routes xmlns:xsi="http://www.w3.org/2001/XMLSchema-instance" xsi:noNamespaceSchemaLocation="http://sumo.dlr.de/xsd/routes_file.xsd">
    <vType id="truck_mw_truck" speedFactor="normc(1.00,0.10,0.20,2.00)" vClass="truck" sigma="0.8"/>
    <vehicle id="truck_mw0" type="truck_mw_truck" depart="0.00" departLane="free" departPos="last" departSpeed="max">
        <route edges="290296351 240042212 151495040 264308374 399250313 264308373"/>
    </vehicle>
    <vehicle id="truck_mw1" type="truck_mw_truck" depart="4.00" departLane="free" departPos="last" departSpeed="max">
        <route edges="290296351 240042212 151495040 264308374 399250313 264308373"/>
    </vehicle>
    <vehicle id="truck_mw2" type="truck_mw_truck" depart="8.00" departLane="free" departPos="last" departSpeed="max">
        <route edges="264306385 264308375 264308383 4054057 264308376"/>
    </vehicle>
    <vehicle id="truck_mw3" type="truck_mw_truck" depart="12.00" departLane="free" departPos="last" departSpeed="max">
        <route edges="264306385 264308375 264308383 4054057 264308376"/>
    </vehicle>
    <vehicle id="truck_mw4" type="truck_mw_truck" depart="16.00" departLane="free" departPos="last" departSpeed="max">
        <route edges="290296351 240042212 151495040 264308374 399250313 264308373"/>
    </vehicle>
    <vehicle id="truck_mw5" type="truck_mw_truck" depart="20.00" departLane="free" departPos="last" departSpeed="max">
        <route edges="290296351 240042212 151495040 264308374 399250313 264308373"/>
    </vehicle>
    <vehicle id="truck_mw6" type="truck_mw_truck" depart="24.00" departLane="free" departPos="last" departSpeed="max">
        <route edges="264306385 264308375 264308383 4054057 264308376"/>
    </vehicle>
    <vehicle id="truck_mw7" type="truck_mw_truck" depart="28.00" departLane="free" departPos="last" departSpeed="max">
        <route edges="290296351 240042212 151495040 264308374 399250313 264308373"/>
    </vehicle>
    <vehicle id="truck_mw8" type="truck_mw_truck" depart="32.00" departLane="free" departPos="last" departSpeed="max">
        <route edges="290296351 240042212 151495040 264308374 399250313 264308373"/>
    </vehicle>
    <vehicle id="truck_mw9" type="truck_mw_truck" depart="36.00" departLane="free" departPos="last" departSpeed="max">
        <route edges="264306385 264308375 264308383 4054057 264308376"/>
    </vehicle>
    <vehicle id="truck_mw10" type="truck_mw_truck" depart="40.00" departLane="free" departPos="last" departSpeed="max">
        <route edges="264306385 264308375 264308383 4054057 264308376"/>
    </vehicle>
    <vehicle id="truck_mw11" type="truck_mw_truck" depart="44.00" departLane="free" departPos="last" departSpeed="max">
        <route edges="264306385 264308375 264308383 4054057 264308376"/>
    </vehicle>
    <vehicle id="truck_mw12" type="truck_mw_truck" depart="48.00" departLane="free" departPos="last" departSpeed="max">
        <route edges="290296351 240042212 151495040 264308374 399250313 264308373"/>
    </vehicle>
    <vehicle id="truck_mw13" type="truck_mw_truck" depart="52.00" departLane="free" departPos="last" departSpeed="max">
        <route edges="290296351 240042212 151495040 264308374 399250313 264308373"/>
    </vehicle>
    <vehicle id="truck_mw14" type="truck_mw_truck" depart="56.00" departLane="free" departPos="last" departSpeed="max">
        <route edges="290296351 240042212 151495040 264308374 399250313 264308373"/>
    </vehicle>
    <vehicle id="truck_mw15" type="truck_mw_truck" depart="60.00" departLane="free" departPos="last" departSpeed="max">
        <route edges="290296351 240042212 151495040 264308374 399250313 264308373"/>
    </vehicle>
    <vehicle id="truck_mw16" type="truck_mw_truck" depart="64.00" departLane="free" departPos="last" departSpeed="max">
        <route edges="264306385 264308375 264308383 4054057 264308376"/>
    </vehicle>
    <vehicle id="truck_mw17" type="truck_mw_truck" depart="68.00" departLane="free" departPos="last" departSpeed="max">
        <route edges="290296351 240042212 151495040 264308374 399250313 264308373"/>
    </vehicle>
    <vehicle id="truck_mw18" type="truck_mw_truck" depart="72.00" departLane="free" departPos="last" departSpeed="max">
        <route edges="264306385 264308375 264308383 4054057 264308376"/>
    </vehicle>
    <vehicle id="truck_mw19" type="truck_mw_truck" depart="76.00" departLane="free" departPos="last" departSpeed="max">
        <route edges="264306385 264308375 264308383 4054057 264308376"/>
    </vehicle>
    <vehicle id="truck_mw20" type="truck_mw_truck" depart="80.00" departLane="free" departPos="last" departSpeed="max">
        <route edges="264306385 264308375 264308383 4054057 264308376"/>
    </vehicle>
    <vehicle id="truck_mw21" type="truck_mw_truck" depart="84.00" departLane="free" departPos="last" departSpeed="max">
        <route edges="290296351 240042212 151495040 264308374 399250313 264308373"/>
    </vehicle>
    <vehicle id="truck_mw23" type="truck_mw_truck" depart="92.00" departLane="free" departPos="last" departSpeed="max">
        <route edges="264306385 264308375 264308383 4054057 264308376"/>
    </vehicle>
    <vehicle id="truck_mw24" type="truck_mw_truck" depart="96.00" departLane="free" departPos="last" departSpeed="max">
        <route edges="290296351 240042212 151495040 264308374 399250313 264308373"/>
    </vehicle>
    <vehicle id="truck_mw25" type="truck_mw_truck" depart="100.00" departLane="free" departPos="last" departSpeed="max">
        <route edges="240042212 151495040 264308374 399250313 264308373"/>
    </vehicle>
    <vehicle id="truck_mw26" type="truck_mw_truck" depart="104.00" departLane="free" departPos="last" departSpeed="max">
        <route edges="264306385 264308375 264308383 4054057 264308376"/>
    </vehicle>
    <vehicle id="truck_mw27" type="truck_mw_truck" depart="108.00" departLane="free" departPos="last" departSpeed="max">
        <route edges="264306385 264308375 264308383 4054057 264308376"/>
    </vehicle>
    <vehicle id="truck_mw28" type="truck_mw_truck" depart="112.00" departLane="free" departPos="last" departSpeed="max">
        <route edges="290296351 240042212 151495040 264308374 399250313 264308373"/>
    </vehicle>
    <vehicle id="truck_mw29" type="truck_mw_truck" depart="116.00" departLane="free" departPos="last" departSpeed="max">
        <route edges="264306385 264308375 264308383 4054057 264308376"/>
    </vehicle>
    <vehicle id="truck_mw30" type="truck_mw_truck" depart="120.00" departLane="free" departPos="last" departSpeed="max">
        <route edges="264306385 264308375 264308383 4054057 264308376"/>
    </vehicle>
    <vehicle id="truck_mw31" type="truck_mw_truck" depart="124.00" departLane="free" departPos="last" departSpeed="max">
        <route edges="264306385 264308375 264308383 4054057 264308376"/>
    </vehicle>
    <vehicle id="truck_mw32" type="truck_mw_truck" depart="128.00" departLane="free" departPos="last" departSpeed="max">
        <route edges="264306385 264308375 264308383 4054057 264308376"/>
    </vehicle>
    <vehicle id="truck_mw33" type="truck_mw_truck" depart="132.00" departLane="free" departPos="last" departSpeed="max">
        <route edges="264306385 264308375 264308383 4054057 264308376"/>
    </vehicle>
    <vehicle id="truck_mw34" type="truck_mw_truck" depart="136.00" departLane="free" departPos="last" departSpeed="max">
        <route edges="264306385 264308375 264308383 4054057 264308376"/>
    </vehicle>
    <vehicle id="truck_mw35" type="truck_mw_truck" depart="140.00" departLane="free" departPos="last" departSpeed="max">
        <route edges="290296351 240042212 151495040 264308374 399250313 264308373"/>
    </vehicle>
    <vehicle id="truck_mw36" type="truck_mw_truck" depart="144.00" departLane="free" departPos="last" departSpeed="max">
        <route edges="264306385 264308375 264308383 4054057 264308376"/>
    </vehicle>
    <vehicle id="truck_mw37" type="truck_mw_truck" depart="148.00" departLane="free" departPos="last" departSpeed="max">
        <route edges="264306385 264308375 264308383 4054057 264308376"/>
    </vehicle>
    <vehicle id="truck_mw38" type="truck_mw_truck" depart="152.00" departLane="free" departPos="last" departSpeed="max">
        <route edges="290296351 240042212 151495040 264308374 399250313 264308373"/>
    </vehicle>
    <vehicle id="truck_mw39" type="truck_mw_truck" depart="156.00" departLane="free" departPos="last" departSpeed="max">
        <route edges="290296351 240042212 151495040 264308374 399250313 264308373"/>
    </vehicle>
    <vehicle id="truck_mw40" type="truck_mw_truck" depart="160.00" departLane="free" departPos="last" departSpeed="max">
        <route edges="290296351 240042212 151495040 264308374 399250313 264308373"/>
    </vehicle>
    <vehicle id="truck_mw41" type="truck_mw_truck" depart="164.00" departLane="free" departPos="last" departSpeed="max">
        <route edges="264306385 264308375 264308383 4054057 264308376"/>
    </vehicle>
    <vehicle id="truck_mw42" type="truck_mw_truck" depart="168.00" departLane="free" departPos="last" departSpeed="max">
        <route edges="264306385 264308375 264308383 4054057 264308376"/>
    </vehicle>
    <vehicle id="truck_mw43" type="truck_mw_truck" depart="172.00" departLane="free" departPos="last" departSpeed="max">
        <route edges="290296351 240042212 151495040 264308374 399250313 264308373"/>
    </vehicle>
    <vehicle id="truck_mw45" type="truck_mw_truck" depart="180.00" departLane="free" departPos="last" departSpeed="max">
        <route edges="290296351 240042212 151495040 264308374 399250313 264308373"/>
    </vehicle>
    <vehicle id="truck_mw46" type="truck_mw_truck" depart="184.00" departLane="free" departPos="last" departSpeed="max">
        <route edges="264306385 264308375 264308383 4054057 264308376"/>
    </vehicle>
    <vehicle id="truck_mw47" type="truck_mw_truck" depart="188.00" departLane="free" departPos="last" departSpeed="max">
        <route edges="264306385 264308375 264308383 4054057 264308376"/>
    </vehicle>
    <vehicle id="truck_mw48" type="truck_mw_truck" depart="192.00" departLane="free" departPos="last" departSpeed="max">
        <route edges="264306385 264308375 264308383 4054057 264308376"/>
    </vehicle>
    <vehicle id="truck_mw49" type="truck_mw_truck" depart="196.00" departLane="free" departPos="last" departSpeed="max">
        <route edges="264306385 264308375 264308383 4054057 264308376"/>
    </vehicle>
    <vehicle id="truck_mw50" type="truck_mw_truck" depart="200.00" departLane="free" departPos="last" departSpeed="max">
        <route edges="290296351 240042212 151495040 264308374 399250313 264308373"/>
    </vehicle>
    <vehicle id="truck_mw51" type="truck_mw_truck" depart="204.00" departLane="free" departPos="last" departSpeed="max">
        <route edges="264306385 264308375 264308383 4054057 264308376"/>
    </vehicle>
    <vehicle id="truck_mw52" type="truck_mw_truck" depart="208.00" departLane="free" departPos="last" departSpeed="max">
        <route edges="264306385 264308375 264308383 4054057 264308376"/>
    </vehicle>
    <vehicle id="truck_mw53" type="truck_mw_truck" depart="212.00" departLane="free" departPos="last" departSpeed="max">
        <route edges="290296351 240042212 151495040 264308374 399250313 264308373"/>
    </vehicle>
    <vehicle id="truck_mw54" type="truck_mw_truck" depart="216.00" departLane="free" departPos="last" departSpeed="max">
        <route edges="264306385 264308375 264308383 4054057 264308376"/>
    </vehicle>
    <vehicle id="truck_mw55" type="truck_mw_truck" depart="220.00" departLane="free" departPos="last" departSpeed="max">
        <route edges="264306385 264308375 264308383 4054057 264308376"/>
    </vehicle>
    <vehicle id="truck_mw56" type="truck_mw_truck" depart="224.00" departLane="free" departPos="last" departSpeed="max">
        <route edges="290296351 240042212 151495040 264308374 399250313 264308373"/>
    </vehicle>
    <vehicle id="truck_mw57" type="truck_mw_truck" depart="228.00" departLane="free" departPos="last" departSpeed="max">
        <route edges="290296351 240042212 151495040 264308374 399250313 264308373"/>
    </vehicle>
    <vehicle id="truck_mw58" type="truck_mw_truck" depart="232.00" departLane="free" departPos="last" departSpeed="max">
        <route edges="264306385 264308375 264308383 4054057 264308376"/>
    </vehicle>
    <vehicle id="truck_mw59" type="truck_mw_truck" depart="236.00" departLane="free" departPos="last" departSpeed="max">
        <route edges="264306385 264308375 264308383 4054057 264308376"/>
    </vehicle>
    <vehicle id="truck_mw60" type="truck_mw_truck" depart="240.00" departLane="free" departPos="last" departSpeed="max">
        <route edges="290296351 240042212 151495040 264308374 399250313 264308373"/>
    </vehicle>
    <vehicle id="truck_mw61" type="truck_mw_truck" depart="244.00" departLane="free" departPos="last" departSpeed="max">
        <route edges="290296351 240042212 151495040 264308374 399250313 264308373"/>
    </vehicle>
    <vehicle id="truck_mw62" type="truck_mw_truck" depart="248.00" departLane="free" departPos="last" departSpeed="max">
        <route edges="264306385 264308375 264308383 4054057 264308376"/>
    </vehicle>
    <vehicle id="truck_mw63" type="truck_mw_truck" depart="252.00" departLane="free" departPos="last" departSpeed="max">
        <route edges="290296351 240042212 151495040 264308374 399250313 264308373"/>
    </vehicle>
    <vehicle id="truck_mw64" type="truck_mw_truck" depart="256.00" departLane="free" departPos="last" departSpeed="max">
        <route edges="264306385 264308375 264308383 4054057 264308376"/>
    </vehicle>
    <vehicle id="truck_mw65" type="truck_mw_truck" depart="260.00" departLane="free" departPos="last" departSpeed="max">
        <route edges="290296351 240042212 151495040 264308374 399250313 264308373"/>
    </vehicle>
    <vehicle id="truck_mw66" type="truck_mw_truck" depart="264.00" departLane="free" departPos="last" departSpeed="max">
        <route edges="264306385 264308375 264308383 4054057 264308376"/>
    </vehicle>
    <vehicle id="truck_mw67" type="truck_mw_truck" depart="268.00" departLane="free" departPos="last" departSpeed="max">
        <route edges="264306385 264308375 264308383 4054057 264308376"/>
    </vehicle>
    <vehicle id="truck_mw68" type="truck_mw_truck" depart="272.00" departLane="free" departPos="last" departSpeed="max">
        <route edges="290296351 240042212 151495040 264308374 399250313 264308373"/>
    </vehicle>
    <vehicle id="truck_mw69" type="truck_mw_truck" depart="276.00" departLane="free" departPos="last" departSpeed="max">
        <route edges="264306385 264308375 264308383 4054057 264308376"/>
    </vehicle>
    <vehicle id="truck_mw70" type="truck_mw_truck" depart="280.00" departLane="free" departPos="last" departSpeed="max">
        <route edges="264306385 264308375 264308383 4054057 264308376"/>
    </vehicle>
    <vehicle id="truck_mw71" type="truck_mw_truck" depart="284.00" departLane="free" departPos="last" departSpeed="max">
        <route edges="264306385 264308375 264308383 4054057 264308376"/>
    </vehicle>
    <vehicle id="truck_mw72" type="truck_mw_truck" depart="288.00" departLane="free" departPos="last" departSpeed="max">
        <route edges="264306385 264308375 264308383 4054057 264308376"/>
    </vehicle>
    <vehicle id="truck_mw73" type="truck_mw_truck" depart="292.00" departLane="free" departPos="last" departSpeed="max">
        <route edges="290296351 240042212 151495040 264308374 399250313 264308373"/>
    </vehicle>
    <vehicle id="truck_mw74" type="truck_mw_truck" depart="296.00" departLane="free" departPos="last" departSpeed="max">
        <route edges="290296351 240042212 151495040 264308374 399250313 264308373"/>
    </vehicle>
    <vehicle id="truck_mw75" type="truck_mw_truck" depart="300.00" departLane="free" departPos="last" departSpeed="max">
        <route edges="264306385 264308375 264308383 4054057 264308376"/>
    </vehicle>
    <vehicle id="truck_mw76" type="truck_mw_truck" depart="304.00" departLane="free" departPos="last" departSpeed="max">
        <route edges="290296351 240042212 151495040 264308374 399250313 264308373"/>
    </vehicle>
    <vehicle id="truck_mw77" type="truck_mw_truck" depart="308.00" departLane="free" departPos="last" departSpeed="max">
        <route edges="264306385 264308375 264308383 4054057 264308376"/>
    </vehicle>
    <vehicle id="truck_mw78" type="truck_mw_truck" depart="312.00" departLane="free" departPos="last" departSpeed="max">
        <route edges="290296351 240042212 151495040 264308374 399250313 264308373"/>
    </vehicle>
    <vehicle id="truck_mw79" type="truck_mw_truck" depart="316.00" departLane="free" departPos="last" departSpeed="max">
        <route edges="290296351 240042212 151495040 264308374 399250313 264308373"/>
    </vehicle>
    <vehicle id="truck_mw80" type="truck_mw_truck" depart="320.00" departLane="free" departPos="last" departSpeed="max">
        <route edges="290296351 240042212 151495040 264308374 399250313 264308373"/>
    </vehicle>
    <vehicle id="truck_mw81" type="truck_mw_truck" depart="324.00" departLane="free" departPos="last" departSpeed="max">
        <route edges="290296351 240042212 151495040 264308374 399250313 264308373"/>
    </vehicle>
    <vehicle id="truck_mw82" type="truck_mw_truck" depart="328.00" departLane="free" departPos="last" departSpeed="max">
        <route edges="290296351 240042212 151495040 264308374 399250313 264308373"/>
    </vehicle>
    <vehicle id="truck_mw83" type="truck_mw_truck" depart="332.00" departLane="free" departPos="last" departSpeed="max">
        <route edges="290296351 240042212 151495040 264308374 399250313 264308373"/>
    </vehicle>
    <vehicle id="truck_mw84" type="truck_mw_truck" depart="336.00" departLane="free" departPos="last" departSpeed="max">
        <route edges="264306385 264308375 264308383 4054057 264308376"/>
    </vehicle>
    <vehicle id="truck_mw85" type="truck_mw_truck" depart="340.00" departLane="free" departPos="last" departSpeed="max">
        <route edges="264306385 264308375 264308383 4054057 264308376"/>
    </vehicle>
    <vehicle id="truck_mw86" type="truck_mw_truck" depart="344.00" departLane="free" departPos="last" departSpeed="max">
        <route edges="264306385 264308375 264308383 4054057 264308376"/>
    </vehicle>
    <vehicle id="truck_mw87" type="truck_mw_truck" depart="348.00" departLane="free" departPos="last" departSpeed="max">
        <route edges="290296351 240042212 151495040 264308374 399250313 264308373"/>
    </vehicle>
    <vehicle id="truck_mw88" type="truck_mw_truck" depart="352.00" departLane="free" departPos="last" departSpeed="max">
        <route edges="264306385 264308375 264308383 4054057 264308376"/>
    </vehicle>
    <vehicle id="truck_mw89" type="truck_mw_truck" depart="356.00" departLane="free" departPos="last" departSpeed="max">
        <route edges="290296351 240042212 151495040 264308374 399250313 264308373"/>
    </vehicle>
    <vehicle id="truck_mw90" type="truck_mw_truck" depart="360.00" departLane="free" departPos="last" departSpeed="max">
        <route edges="264306385 264308375 264308383 4054057 264308376"/>
    </vehicle>
    <vehicle id="truck_mw91" type="truck_mw_truck" depart="364.00" departLane="free" departPos="last" departSpeed="max">
        <route edges="151495040 264308374 399250313 264308373"/>
    </vehicle>
    <vehicle id="truck_mw92" type="truck_mw_truck" depart="368.00" departLane="free" departPos="last" departSpeed="max">
        <route edges="264306385 264308375 264308383 4054057 264308376"/>
    </vehicle>
    <vehicle id="truck_mw93" type="truck_mw_truck" depart="372.00" departLane="free" departPos="last" departSpeed="max">
        <route edges="290296351 240042212 151495040 264308374 399250313 264308373"/>
    </vehicle>
    <vehicle id="truck_mw94" type="truck_mw_truck" depart="376.00" departLane="free" departPos="last" departSpeed="max">
        <route edges="264306385 264308375 264308383 4054057 264308376"/>
    </vehicle>
    <vehicle id="truck_mw95" type="truck_mw_truck" depart="380.00" departLane="free" departPos="last" departSpeed="max">
        <route edges="290296351 240042212 151495040 264308374 399250313 264308373"/>
    </vehicle>
    <vehicle id="truck_mw96" type="truck_mw_truck" depart="384.00" departLane="free" departPos="last" departSpeed="max">
        <route edges="264306385 264308375 264308383 4054057 264308376"/>
    </vehicle>
    <vehicle id="truck_mw97" type="truck_mw_truck" depart="388.00" departLane="free" departPos="last" departSpeed="max">
        <route edges="290296351 240042212 151495040 264308374 399250313 264308373"/>
    </vehicle>
    <vehicle id="truck_mw98" type="truck_mw_truck" depart="392.00" departLane="free" departPos="last" departSpeed="max">
        <route edges="290296351 240042212 151495040 264308374 399250313 264308373"/>
    </vehicle>
    <vehicle id="truck_mw99" type="truck_mw_truck" depart="396.00" departLane="free" departPos="last" departSpeed="max">
        <route edges="290296351 240042212 151495040 264308374 399250313 264308373"/>
    </vehicle>
    <vehicle id="truck_mw100" type="truck_mw_truck" depart="400.00" departLane="free" departPos="last" departSpeed="max">
        <route edges="264306385 264308375 264308383 4054057 264308376"/>
    </vehicle>
    <vehicle id="truck_mw101" type="truck_mw_truck" depart="404.00" departLane="free" departPos="last" departSpeed="max">
        <route edges="264306385 264308375 264308383 4054057 264308376"/>
    </vehicle>
    <vehicle id="truck_mw102" type="truck_mw_truck" depart="408.00" departLane="free" departPos="last" departSpeed="max">
        <route edges="290296351 240042212 151495040 264308374 399250313 264308373"/>
    </vehicle>
    <vehicle id="truck_mw103" type="truck_mw_truck" depart="412.00" departLane="free" departPos="last" departSpeed="max">
        <route edges="264306385 264308375 264308383 4054057 264308376"/>
    </vehicle>
    <vehicle id="truck_mw104" type="truck_mw_truck" depart="416.00" departLane="free" departPos="last" departSpeed="max">
        <route edges="290296351 240042212 151495040 264308374 399250313 264308373"/>
    </vehicle>
    <vehicle id="truck_mw105" type="truck_mw_truck" depart="420.00" departLane="free" departPos="last" departSpeed="max">
        <route edges="264306385 264308375 264308383 4054057 264308376"/>
    </vehicle>
    <vehicle id="truck_mw106" type="truck_mw_truck" depart="424.00" departLane="free" departPos="last" departSpeed="max">
        <route edges="264306385 264308375 264308383 4054057 264308376"/>
    </vehicle>
    <vehicle id="truck_mw107" type="truck_mw_truck" depart="428.00" departLane="free" departPos="last" departSpeed="max">
        <route edges="264306385 264308375 264308383 4054057 264308376"/>
    </vehicle>
    <vehicle id="truck_mw108" type="truck_mw_truck" depart="432.00" departLane="free" departPos="last" departSpeed="max">
        <route edges="290296351 240042212 151495040 264308374 399250313 264308373"/>
    </vehicle>
    <vehicle id="truck_mw109" type="truck_mw_truck" depart="436.00" departLane="free" departPos="last" departSpeed="max">
        <route edges="290296351 240042212 151495040 264308374 399250313 264308373"/>
    </vehicle>
    <vehicle id="truck_mw110" type="truck_mw_truck" depart="440.00" departLane="free" departPos="last" departSpeed="max">
        <route edges="264306385 264308375 264308383 4054057 264308376"/>
    </vehicle>
    <vehicle id="truck_mw111" type="truck_mw_truck" depart="444.00" departLane="free" departPos="last" departSpeed="max">
        <route edges="290296351 240042212 151495040 264308374 399250313 264308373"/>
    </vehicle>
    <vehicle id="truck_mw112" type="truck_mw_truck" depart="448.00" departLane="free" departPos="last" departSpeed="max">
        <route edges="264306385 264308375 264308383 4054057 264308376"/>
    </vehicle>
    <vehicle id="truck_mw113" type="truck_mw_truck" depart="452.00" departLane="free" departPos="last" departSpeed="max">
        <route edges="264306385 264308375 264308383 4054057 264308376"/>
    </vehicle>
    <vehicle id="truck_mw114" type="truck_mw_truck" depart="456.00" departLane="free" departPos="last" departSpeed="max">
        <route edges="264306385 264308375 264308383 4054057 264308376"/>
    </vehicle>
    <vehicle id="truck_mw115" type="truck_mw_truck" depart="460.00" departLane="free" departPos="last" departSpeed="max">
        <route edges="264306385 264308375 264308383 4054057 264308376"/>
    </vehicle>
    <vehicle id="truck_mw116" type="truck_mw_truck" depart="464.00" departLane="free" departPos="last" departSpeed="max">
        <route edges="264306385 264308375 264308383 4054057 264308376"/>
    </vehicle>
    <vehicle id="truck_mw117" type="truck_mw_truck" depart="468.00" departLane="free" departPos="last" departSpeed="max">
        <route edges="290296351 240042212 151495040 264308374 399250313 264308373"/>
    </vehicle>
    <vehicle id="truck_mw118" type="truck_mw_truck" depart="472.00" departLane="free" departPos="last" departSpeed="max">
        <route edges="264306385 264308375 264308383 4054057 264308376"/>
    </vehicle>
    <vehicle id="truck_mw119" type="truck_mw_truck" depart="476.00" departLane="free" departPos="last" departSpeed="max">
        <route edges="264306385 264308375 264308383 4054057 264308376"/>
    </vehicle>
    <vehicle id="truck_mw120" type="truck_mw_truck" depart="480.00" departLane="free" departPos="last" departSpeed="max">
        <route edges="290296351 240042212 151495040 264308374 399250313 264308373"/>
    </vehicle>
    <vehicle id="truck_mw121" type="truck_mw_truck" depart="484.00" departLane="free" departPos="last" departSpeed="max">
        <route edges="264306385 264308375 264308383 4054057 264308376"/>
    </vehicle>
    <vehicle id="truck_mw123" type="truck_mw_truck" depart="492.00" departLane="free" departPos="last" departSpeed="max">
        <route edges="290296351 240042212 151495040 264308374 399250313 264308373"/>
    </vehicle>
    <vehicle id="truck_mw124" type="truck_mw_truck" depart="496.00" departLane="free" departPos="last" departSpeed="max">
        <route edges="264306385 264308375 264308383 4054057 264308376"/>
    </vehicle>
    <vehicle id="truck_mw125" type="truck_mw_truck" depart="500.00" departLane="free" departPos="last" departSpeed="max">
        <route edges="290296351 240042212 151495040 264308374 399250313 264308373"/>
    </vehicle>
    <vehicle id="truck_mw126" type="truck_mw_truck" depart="504.00" departLane="free" departPos="last" departSpeed="max">
        <route edges="264306385 264308375 264308383 4054057 264308376"/>
    </vehicle>
    <vehicle id="truck_mw127" type="truck_mw_truck" depart="508.00" departLane="free" departPos="last" departSpeed="max">
        <route edges="290296351 240042212 151495040 264308374 399250313 264308373"/>
    </vehicle>
    <vehicle id="truck_mw128" type="truck_mw_truck" depart="512.00" departLane="free" departPos="last" departSpeed="max">
        <route edges="264306385 264308375 264308383 4054057 264308376"/>
    </vehicle>
    <vehicle id="truck_mw129" type="truck_mw_truck" depart="516.00" departLane="free" departPos="last" departSpeed="max">
        <route edges="290296351 240042212 151495040 264308374 399250313 264308373"/>
    </vehicle>
    <vehicle id="truck_mw130" type="truck_mw_truck" depart="520.00" departLane="free" departPos="last" departSpeed="max">
        <route edges="290296351 240042212 151495040 264308374 399250313 264308373"/>
    </vehicle>
    <vehicle id="truck_mw131" type="truck_mw_truck" depart="524.00" departLane="free" departPos="last" departSpeed="max">
        <route edges="264306385 264308375 264308383 4054057 264308376"/>
    </vehicle>
    <vehicle id="truck_mw132" type="truck_mw_truck" depart="528.00" departLane="free" departPos="last" departSpeed="max">
        <route edges="264306385 264308375 264308383 4054057 264308376"/>
    </vehicle>
    <vehicle id="truck_mw133" type="truck_mw_truck" depart="532.00" departLane="free" departPos="last" departSpeed="max">
        <route edges="290296351 240042212 151495040 264308374 399250313 264308373"/>
    </vehicle>
    <vehicle id="truck_mw134" type="truck_mw_truck" depart="536.00" departLane="free" departPos="last" departSpeed="max">
        <route edges="290296351 240042212 151495040 264308374 399250313 264308373"/>
    </vehicle>
    <vehicle id="truck_mw135" type="truck_mw_truck" depart="540.00" departLane="free" departPos="last" departSpeed="max">
        <route edges="264306385 264308375 264308383 4054057 264308376"/>
    </vehicle>
    <vehicle id="truck_mw136" type="truck_mw_truck" depart="544.00" departLane="free" departPos="last" departSpeed="max">
        <route edges="290296351 240042212 151495040 264308374 399250313 264308373"/>
    </vehicle>
    <vehicle id="truck_mw137" type="truck_mw_truck" depart="548.00" departLane="free" departPos="last" departSpeed="max">
        <route edges="264306385 264308375 264308383 4054057 264308376"/>
    </vehicle>
    <vehicle id="truck_mw138" type="truck_mw_truck" depart="552.00" departLane="free" departPos="last" departSpeed="max">
        <route edges="290296351 240042212 151495040 264308374 399250313 264308373"/>
    </vehicle>
    <vehicle id="truck_mw139" type="truck_mw_truck" depart="556.00" departLane="free" departPos="last" departSpeed="max">
        <route edges="264306385 264308375 264308383 4054057 264308376"/>
    </vehicle>
    <vehicle id="truck_mw140" type="truck_mw_truck" depart="560.00" departLane="free" departPos="last" departSpeed="max">
        <route edges="264306385 264308375 264308383 4054057 264308376"/>
    </vehicle>
    <vehicle id="truck_mw141" type="truck_mw_truck" depart="564.00" departLane="free" departPos="last" departSpeed="max">
        <route edges="290296351 240042212 151495040 264308374 399250313 264308373"/>
    </vehicle>
    <vehicle id="truck_mw142" type="truck_mw_truck" depart="568.00" departLane="free" departPos="last" departSpeed="max">
        <route edges="290296351 240042212 151495040 264308374 399250313 264308373"/>
    </vehicle>
    <vehicle id="truck_mw143" type="truck_mw_truck" depart="572.00" departLane="free" departPos="last" departSpeed="max">
        <route edges="264306385 264308375 264308383 4054057 264308376"/>
    </vehicle>
    <vehicle id="truck_mw144" type="truck_mw_truck" depart="576.00" departLane="free" departPos="last" departSpeed="max">
        <route edges="290296351 240042212 151495040 264308374 399250313 264308373"/>
    </vehicle>
    <vehicle id="truck_mw145" type="truck_mw_truck" depart="580.00" departLane="free" departPos="last" departSpeed="max">
        <route edges="264306385 264308375 264308383 4054057 264308376"/>
    </vehicle>
    <vehicle id="truck_mw146" type="truck_mw_truck" depart="584.00" departLane="free" departPos="last" departSpeed="max">
        <route edges="264306385 264308375 264308383 4054057 264308376"/>
    </vehicle>
    <vehicle id="truck_mw147" type="truck_mw_truck" depart="588.00" departLane="free" departPos="last" departSpeed="max">
        <route edges="290296351 240042212 151495040 264308374 399250313 264308373"/>
    </vehicle>
    <vehicle id="truck_mw148" type="truck_mw_truck" depart="592.00" departLane="free" departPos="last" departSpeed="max">
        <route edges="264306385 264308375 264308383 4054057 264308376"/>
    </vehicle>
    <vehicle id="truck_mw149" type="truck_mw_truck" depart="596.00" departLane="free" departPos="last" departSpeed="max">
        <route edges="264306385 264308375 264308383 4054057 264308376"/>
    </vehicle>
    <vehicle id="truck_mw150" type="truck_mw_truck" depart="600.00" departLane="free" departPos="last" departSpeed="max">
        <route edges="264306385 264308375 264308383 4054057 264308376"/>
    </vehicle>
    <vehicle id="truck_mw151" type="truck_mw_truck" depart="604.00" departLane="free" departPos="last" departSpeed="max">
        <route edges="264306385 264308375 264308383 4054057 264308376"/>
    </vehicle>
    <vehicle id="truck_mw152" type="truck_mw_truck" depart="608.00" departLane="free" departPos="last" departSpeed="max">
        <route edges="290296351 240042212 151495040 264308374 399250313 264308373"/>
    </vehicle>
    <vehicle id="truck_mw153" type="truck_mw_truck" depart="612.00" departLane="free" departPos="last" departSpeed="max">
        <route edges="290296351 240042212 151495040 264308374 399250313 264308373"/>
    </vehicle>
    <vehicle id="truck_mw154" type="truck_mw_truck" depart="616.00" departLane="free" departPos="last" departSpeed="max">
        <route edges="290296351 240042212 151495040 264308374 399250313 264308373"/>
    </vehicle>
    <vehicle id="truck_mw155" type="truck_mw_truck" depart="620.00" departLane="free" departPos="last" departSpeed="max">
        <route edges="290296351 240042212 151495040 264308374 399250313 264308373"/>
    </vehicle>
    <vehicle id="truck_mw156" type="truck_mw_truck" depart="624.00" departLane="free" departPos="last" departSpeed="max">
        <route edges="290296351 240042212 151495040 264308374 399250313 264308373"/>
    </vehicle>
    <vehicle id="truck_mw157" type="truck_mw_truck" depart="628.00" departLane="free" departPos="last" departSpeed="max">
        <route edges="264306385 264308375 264308383 4054057 264308376"/>
    </vehicle>
    <vehicle id="truck_mw158" type="truck_mw_truck" depart="632.00" departLane="free" departPos="last" departSpeed="max">
        <route edges="290296351 240042212 151495040 264308374 399250313 264308373"/>
    </vehicle>
    <vehicle id="truck_mw159" type="truck_mw_truck" depart="636.00" departLane="free" departPos="last" departSpeed="max">
        <route edges="290296351 240042212 151495040 264308374 399250313 264308373"/>
    </vehicle>
    <vehicle id="truck_mw160" type="truck_mw_truck" depart="640.00" departLane="free" departPos="last" departSpeed="max">
        <route edges="290296351 240042212 151495040 264308374 399250313 264308373"/>
    </vehicle>
    <vehicle id="truck_mw161" type="truck_mw_truck" depart="644.00" departLane="free" departPos="last" departSpeed="max">
        <route edges="290296351 240042212 151495040 264308374 399250313 264308373"/>
    </vehicle>
    <vehicle id="truck_mw162" type="truck_mw_truck" depart="648.00" departLane="free" departPos="last" departSpeed="max">
        <route edges="290296351 240042212 151495040 264308374 399250313 264308373"/>
    </vehicle>
    <vehicle id="truck_mw163" type="truck_mw_truck" depart="652.00" departLane="free" departPos="last" departSpeed="max">
        <route edges="264306385 264308375 264308383 4054057 264308376"/>
    </vehicle>
    <vehicle id="truck_mw164" type="truck_mw_truck" depart="656.00" departLane="free" departPos="last" departSpeed="max">
        <route edges="290296351 240042212 151495040 264308374 399250313 264308373"/>
    </vehicle>
    <vehicle id="truck_mw165" type="truck_mw_truck" depart="660.00" departLane="free" departPos="last" departSpeed="max">
        <route edges="290296351 240042212 151495040 264308374 399250313 264308373"/>
    </vehicle>
    <vehicle id="truck_mw166" type="truck_mw_truck" depart="664.00" departLane="free" departPos="last" departSpeed="max">
        <route edges="290296351 240042212 151495040 264308374 399250313 264308373"/>
    </vehicle>
    <vehicle id="truck_mw167" type="truck_mw_truck" depart="668.00" departLane="free" departPos="last" departSpeed="max">
        <route edges="290296351 240042212 151495040 264308374 399250313 264308373"/>
    </vehicle>
    <vehicle id="truck_mw168" type="truck_mw_truck" depart="672.00" departLane="free" departPos="last" departSpeed="max">
        <route edges="264306385 264308375 264308383 4054057 264308376"/>
    </vehicle>
    <vehicle id="truck_mw169" type="truck_mw_truck" depart="676.00" departLane="free" departPos="last" departSpeed="max">
        <route edges="290296351 240042212 151495040 264308374 399250313 264308373"/>
    </vehicle>
    <vehicle id="truck_mw170" type="truck_mw_truck" depart="680.00" departLane="free" departPos="last" departSpeed="max">
        <route edges="290296351 240042212 151495040 264308374 399250313 264308373"/>
    </vehicle>
    <vehicle id="truck_mw171" type="truck_mw_truck" depart="684.00" departLane="free" departPos="last" departSpeed="max">
        <route edges="290296351 240042212 151495040 264308374 399250313 264308373"/>
    </vehicle>
    <vehicle id="truck_mw172" type="truck_mw_truck" depart="688.00" departLane="free" departPos="last" departSpeed="max">
        <route edges="264306385 264308375 264308383 4054057 264308376"/>
    </vehicle>
    <vehicle id="truck_mw173" type="truck_mw_truck" depart="692.00" departLane="free" departPos="last" departSpeed="max">
        <route edges="290296351 240042212 151495040 264308374 399250313 264308373"/>
    </vehicle>
    <vehicle id="truck_mw174" type="truck_mw_truck" depart="696.00" departLane="free" departPos="last" departSpeed="max">
        <route edges="264306385 264308375 264308383 4054057 264308376"/>
    </vehicle>
    <vehicle id="truck_mw175" type="truck_mw_truck" depart="700.00" departLane="free" departPos="last" departSpeed="max">
        <route edges="290296351 240042212 151495040 264308374 399250313 264308373"/>
    </vehicle>
    <vehicle id="truck_mw176" type="truck_mw_truck" depart="704.00" departLane="free" departPos="last" departSpeed="max">
        <route edges="264306385 264308375 264308383 4054057 264308376"/>
    </vehicle>
    <vehicle id="truck_mw177" type="truck_mw_truck" depart="708.00" departLane="free" departPos="last" departSpeed="max">
        <route edges="290296351 240042212 151495018 222448597#0 308396219 256366921#0 -24498410#1 256366918 24498409 4054057"/>
    </vehicle>
    <vehicle id="truck_mw178" type="truck_mw_truck" depart="712.00" departLane="free" departPos="last" departSpeed="max">
        <route edges="290296351 240042212 151495040 264308374 399250313 264308373"/>
    </vehicle>
    <vehicle id="truck_mw179" type="truck_mw_truck" depart="716.00" departLane="free" departPos="last" departSpeed="max">
        <route edges="264306385 264308375 264308383 4054057 264308376"/>
    </vehicle>
    <vehicle id="truck_mw180" type="truck_mw_truck" depart="720.00" departLane="free" departPos="last" departSpeed="max">
        <route edges="264306385 264308375 264308383 4054057 264308376"/>
    </vehicle>
    <vehicle id="truck_mw181" type="truck_mw_truck" depart="724.00" departLane="free" departPos="last" departSpeed="max">
        <route edges="290296351 240042212 151495040 264308374 399250313 264308373"/>
    </vehicle>
    <vehicle id="truck_mw182" type="truck_mw_truck" depart="728.00" departLane="free" departPos="last" departSpeed="max">
        <route edges="264306385 264308375 264308383 4054057 264308376"/>
    </vehicle>
    <vehicle id="truck_mw183" type="truck_mw_truck" depart="732.00" departLane="free" departPos="last" departSpeed="max">
        <route edges="264306385 264308375 264308383 4054057 264308376"/>
    </vehicle>
    <vehicle id="truck_mw184" type="truck_mw_truck" depart="736.00" departLane="free" departPos="last" departSpeed="max">
        <route edges="264306385 264308375 264308383 4054057 264308376"/>
    </vehicle>
    <vehicle id="truck_mw185" type="truck_mw_truck" depart="740.00" departLane="free" departPos="last" departSpeed="max">
        <route edges="264306385 264308375 264308383 4054057 264308376"/>
    </vehicle>
    <vehicle id="truck_mw186" type="truck_mw_truck" depart="744.00" departLane="free" departPos="last" departSpeed="max">
        <route edges="290296351 240042212 151495040 264308374 399250313 264308373"/>
    </vehicle>
    <vehicle id="truck_mw187" type="truck_mw_truck" depart="748.00" departLane="free" departPos="last" departSpeed="max">
        <route edges="290296351 240042212 151495040 264308374 399250313 264308373"/>
    </vehicle>
    <vehicle id="truck_mw188" type="truck_mw_truck" depart="752.00" departLane="free" departPos="last" departSpeed="max">
        <route edges="264306385 264308375 264308383 4054057 264308376"/>
    </vehicle>
    <vehicle id="truck_mw189" type="truck_mw_truck" depart="756.00" departLane="free" departPos="last" departSpeed="max">
        <route edges="264306385 264308375 264308383 4054057 264308376"/>
    </vehicle>
    <vehicle id="truck_mw190" type="truck_mw_truck" depart="760.00" departLane="free" departPos="last" departSpeed="max">
        <route edges="290296351 240042212 151495040 264308374 399250313 264308373"/>
    </vehicle>
    <vehicle id="truck_mw191" type="truck_mw_truck" depart="764.00" departLane="free" departPos="last" departSpeed="max">
        <route edges="264306385 264308375 264308383 4054057 264308376"/>
    </vehicle>
    <vehicle id="truck_mw192" type="truck_mw_truck" depart="768.00" departLane="free" departPos="last" departSpeed="max">
        <route edges="290296351 240042212 151495040 264308374 399250313 264308373"/>
    </vehicle>
    <vehicle id="truck_mw193" type="truck_mw_truck" depart="772.00" departLane="free" departPos="last" departSpeed="max">
        <route edges="290296351 240042212 151495040 264308374 399250313 264308373"/>
    </vehicle>
    <vehicle id="truck_mw194" type="truck_mw_truck" depart="776.00" departLane="free" departPos="last" departSpeed="max">
        <route edges="264306385 264308375 264308383 4054057 264308376"/>
    </vehicle>
    <vehicle id="truck_mw195" type="truck_mw_truck" depart="780.00" departLane="free" departPos="last" departSpeed="max">
        <route edges="290296351 240042212 151495040 264308374 399250313 264308373"/>
    </vehicle>
    <vehicle id="truck_mw196" type="truck_mw_truck" depart="784.00" departLane="free" departPos="last" departSpeed="max">
        <route edges="290296351 240042212 151495040 264308374 399250313 264308373"/>
    </vehicle>
    <vehicle id="truck_mw197" type="truck_mw_truck" depart="788.00" departLane="free" departPos="last" departSpeed="max">
        <route edges="264306385 264308375 264308383 4054057 264308376"/>
    </vehicle>
    <vehicle id="truck_mw198" type="truck_mw_truck" depart="792.00" departLane="free" departPos="last" departSpeed="max">
        <route edges="264306385 264308375 264308383 4054057 264308376"/>
    </vehicle>
    <vehicle id="truck_mw199" type="truck_mw_truck" depart="796.00" departLane="free" departPos="last" departSpeed="max">
        <route edges="290296351 240042212 151495040 264308374 399250313"/>
    </vehicle>
    <vehicle id="truck_mw200" type="truck_mw_truck" depart="800.00" departLane="free" departPos="last" departSpeed="max">
        <route edges="290296351 240042212 151495040 264308374 399250313 264308373"/>
    </vehicle>
    <vehicle id="truck_mw201" type="truck_mw_truck" depart="804.00" departLane="free" departPos="last" departSpeed="max">
        <route edges="264306385 264308375 264308383 4054057 264308376"/>
    </vehicle>
    <vehicle id="truck_mw202" type="truck_mw_truck" depart="808.00" departLane="free" departPos="last" departSpeed="max">
        <route edges="290296351 240042212 151495040 264308374 399250313 264308373"/>
    </vehicle>
    <vehicle id="truck_mw203" type="truck_mw_truck" depart="812.00" departLane="free" departPos="last" departSpeed="max">
        <route edges="290296351 240042212 151495040 264308374 399250313 264308373"/>
    </vehicle>
    <vehicle id="truck_mw204" type="truck_mw_truck" depart="816.00" departLane="free" departPos="last" departSpeed="max">
        <route edges="290296351 240042212 151495040 264308374 399250313 264308373"/>
    </vehicle>
    <vehicle id="truck_mw205" type="truck_mw_truck" depart="820.00" departLane="free" departPos="last" departSpeed="max">
        <route edges="290296351 240042212 151495040 264308374 399250313 264308373"/>
    </vehicle>
    <vehicle id="truck_mw206" type="truck_mw_truck" depart="824.00" departLane="free" departPos="last" departSpeed="max">
        <route edges="264306385 264308375 264308383 4054057 264308376"/>
    </vehicle>
    <vehicle id="truck_mw207" type="truck_mw_truck" depart="828.00" departLane="free" departPos="last" departSpeed="max">
        <route edges="290296351 240042212 151495040 264308374 399250313 264308373"/>
    </vehicle>
    <vehicle id="truck_mw208" type="truck_mw_truck" depart="832.00" departLane="free" departPos="last" departSpeed="max">
        <route edges="290296351 240042212 151495040 264308374 399250313 264308373"/>
    </vehicle>
    <vehicle id="truck_mw209" type="truck_mw_truck" depart="836.00" departLane="free" departPos="last" departSpeed="max">
        <route edges="290296351 240042212 151495040 264308374 399250313 264308373"/>
    </vehicle>
    <vehicle id="truck_mw210" type="truck_mw_truck" depart="840.00" departLane="free" departPos="last" departSpeed="max">
        <route edges="290296351 240042212 151495040 264308374 399250313 264308373"/>
    </vehicle>
    <vehicle id="truck_mw211" type="truck_mw_truck" depart="844.00" departLane="free" departPos="last" departSpeed="max">
        <route edges="264306385 264308375 264308383 4054057 264308376"/>
    </vehicle>
    <vehicle id="truck_mw212" type="truck_mw_truck" depart="848.00" departLane="free" departPos="last" departSpeed="max">
        <route edges="264306385 264308375 264308383 4054057 264308376"/>
    </vehicle>
    <vehicle id="truck_mw213" type="truck_mw_truck" depart="852.00" departLane="free" departPos="last" departSpeed="max">
        <route edges="290296351 240042212 151495040 264308374 399250313 264308373"/>
    </vehicle>
    <vehicle id="truck_mw214" type="truck_mw_truck" depart="856.00" departLane="free" departPos="last" departSpeed="max">
        <route edges="264306385 264308375 264308383 4054057 264308376"/>
    </vehicle>
    <vehicle id="truck_mw215" type="truck_mw_truck" depart="860.00" departLane="free" departPos="last" departSpeed="max">
        <route edges="290296351 240042212 151495040 264308374 399250313 264308373"/>
    </vehicle>
    <vehicle id="truck_mw216" type="truck_mw_truck" depart="864.00" departLane="free" departPos="last" departSpeed="max">
        <route edges="264306385 264308375 264308383 4054057 264308376"/>
    </vehicle>
    <vehicle id="truck_mw217" type="truck_mw_truck" depart="868.00" departLane="free" departPos="last" departSpeed="max">
        <route edges="290296351 240042212 151495040 264308374 399250313 264308373"/>
    </vehicle>
    <vehicle id="truck_mw218" type="truck_mw_truck" depart="872.00" departLane="free" departPos="last" departSpeed="max">
        <route edges="264306385 264308375 264308383 4054057 264308376"/>
    </vehicle>
    <vehicle id="truck_mw219" type="truck_mw_truck" depart="876.00" departLane="free" departPos="last" departSpeed="max">
        <route edges="264306385 264308375 264308383 4054057 264308376"/>
    </vehicle>
    <vehicle id="truck_mw220" type="truck_mw_truck" depart="880.00" departLane="free" departPos="last" departSpeed="max">
        <route edges="264306385 264308375 264308383 4054057 264308376"/>
    </vehicle>
    <vehicle id="truck_mw221" type="truck_mw_truck" depart="884.00" departLane="free" departPos="last" departSpeed="max">
        <route edges="264306385 264308375 264308383 4054057 264308376"/>
    </vehicle>
    <vehicle id="truck_mw222" type="truck_mw_truck" depart="888.00" departLane="free" departPos="last" departSpeed="max">
        <route edges="264306385 264308375 264308383 4054057 264308376"/>
    </vehicle>
    <vehicle id="truck_mw223" type="truck_mw_truck" depart="892.00" departLane="free" departPos="last" departSpeed="max">
        <route edges="290296351 240042212 151495040 264308374 399250313 264308373"/>
    </vehicle>
    <vehicle id="truck_mw224" type="truck_mw_truck" depart="896.00" departLane="free" departPos="last" departSpeed="max">
        <route edges="264306385 264308375 264308383 4054057 264308376"/>
    </vehicle>
    <vehicle id="truck_mw225" type="truck_mw_truck" depart="900.00" departLane="free" departPos="last" departSpeed="max">
        <route edges="290296351 240042212 151495040 264308374 399250313 264308373"/>
    </vehicle>
    <vehicle id="truck_mw226" type="truck_mw_truck" depart="904.00" departLane="free" departPos="last" departSpeed="max">
        <route edges="264306385 264308375 264308383 4054057 264308376"/>
    </vehicle>
    <vehicle id="truck_mw227" type="truck_mw_truck" depart="908.00" departLane="free" departPos="last" departSpeed="max">
        <route edges="264306385 264308375 264308383 4054057 264308376"/>
    </vehicle>
    <vehicle id="truck_mw228" type="truck_mw_truck" depart="912.00" departLane="free" departPos="last" departSpeed="max">
        <route edges="264306385 264308375 264308383 4054057 264308376"/>
    </vehicle>
    <vehicle id="truck_mw229" type="truck_mw_truck" depart="916.00" departLane="free" departPos="last" departSpeed="max">
        <route edges="264306385 264308375 264308383 4054057 264308376"/>
    </vehicle>
    <vehicle id="truck_mw230" type="truck_mw_truck" depart="920.00" departLane="free" departPos="last" departSpeed="max">
        <route edges="290296351 240042212 151495040 264308374 399250313 264308373"/>
    </vehicle>
    <vehicle id="truck_mw231" type="truck_mw_truck" depart="924.00" departLane="free" departPos="last" departSpeed="max">
        <route edges="290296351 240042212 151495040 264308374 399250313 264308373"/>
    </vehicle>
    <vehicle id="truck_mw232" type="truck_mw_truck" depart="928.00" departLane="free" departPos="last" departSpeed="max">
        <route edges="264306385 264308375 264308383 4054057 264308376"/>
    </vehicle>
    <vehicle id="truck_mw233" type="truck_mw_truck" depart="932.00" departLane="free" departPos="last" departSpeed="max">
        <route edges="290296351 240042212 151495040 264308374 399250313 264308373"/>
    </vehicle>
    <vehicle id="truck_mw234" type="truck_mw_truck" depart="936.00" departLane="free" departPos="last" departSpeed="max">
        <route edges="264306385 264308375 264308383 4054057 264308376"/>
    </vehicle>
    <vehicle id="truck_mw235" type="truck_mw_truck" depart="940.00" departLane="free" departPos="last" departSpeed="max">
        <route edges="290296351 240042212 151495040 264308374 399250313 264308373"/>
    </vehicle>
    <vehicle id="truck_mw236" type="truck_mw_truck" depart="944.00" departLane="free" departPos="last" departSpeed="max">
        <route edges="290296351 240042212 151495040 264308374 399250313 264308373"/>
    </vehicle>
    <vehicle id="truck_mw237" type="truck_mw_truck" depart="948.00" departLane="free" departPos="last" departSpeed="max">
        <route edges="290296351 240042212 151495040 264308374 399250313 264308373"/>
    </vehicle>
    <vehicle id="truck_mw238" type="truck_mw_truck" depart="952.00" departLane="free" departPos="last" departSpeed="max">
        <route edges="264306385 264308375 264308383 4054057 264308376"/>
    </vehicle>
    <vehicle id="truck_mw239" type="truck_mw_truck" depart="956.00" departLane="free" departPos="last" departSpeed="max">
        <route edges="264306385 264308375 264308383 4054057 264308376"/>
    </vehicle>
    <vehicle id="truck_mw240" type="truck_mw_truck" depart="960.00" departLane="free" departPos="last" departSpeed="max">
        <route edges="264306385 264308375 264308383 4054057 264308376"/>
    </vehicle>
    <vehicle id="truck_mw241" type="truck_mw_truck" depart="964.00" departLane="free" departPos="last" departSpeed="max">
        <route edges="264306385 264308375 264308383 4054057 264308376"/>
    </vehicle>
    <vehicle id="truck_mw242" type="truck_mw_truck" depart="968.00" departLane="free" departPos="last" departSpeed="max">
        <route edges="264306385 264308375 264308383 4054057 264308376"/>
    </vehicle>
    <vehicle id="truck_mw243" type="truck_mw_truck" depart="972.00" departLane="free" departPos="last" departSpeed="max">
        <route edges="264306385 264308375 264308383 4054057 264308376"/>
    </vehicle>
    <vehicle id="truck_mw244" type="truck_mw_truck" depart="976.00" departLane="free" departPos="last" departSpeed="max">
        <route edges="290296351 240042212 151495040 264308374 399250313 264308373"/>
    </vehicle>
    <vehicle id="truck_mw245" type="truck_mw_truck" depart="980.00" departLane="free" departPos="last" departSpeed="max">
        <route edges="290296351 240042212 151495040 264308374 399250313 264308373"/>
    </vehicle>
    <vehicle id="truck_mw246" type="truck_mw_truck" depart="984.00" departLane="free" departPos="last" departSpeed="max">
        <route edges="290296351 240042212 151495040 264308374 399250313 264308373"/>
    </vehicle>
    <vehicle id="truck_mw247" type="truck_mw_truck" depart="988.00" departLane="free" departPos="last" departSpeed="max">
        <route edges="264306385 264308375 264308383 4054057 264308376"/>
    </vehicle>
    <vehicle id="truck_mw248" type="truck_mw_truck" depart="992.00" departLane="free" departPos="last" departSpeed="max">
        <route edges="290296351 240042212 151495040 264308374 399250313 264308373"/>
    </vehicle>
    <vehicle id="truck_mw249" type="truck_mw_truck" depart="996.00" departLane="free" departPos="last" departSpeed="max">
        <route edges="290296351 240042212 151495040 264308374 399250313 264308373"/>
    </vehicle>
    <vehicle id="truck_mw250" type="truck_mw_truck" depart="1000.00" departLane="free" departPos="last" departSpeed="max">
        <route edges="290296351 240042212 151495040 264308374 399250313 264308373"/>
    </vehicle>
    <vehicle id="truck_mw251" type="truck_mw_truck" depart="1004.00" departLane="free" departPos="last" departSpeed="max">
        <route edges="264306385 264308375 264308383 4054057 264308376"/>
    </vehicle>
    <vehicle id="truck_mw252" type="truck_mw_truck" depart="1008.00" departLane="free" departPos="last" departSpeed="max">
        <route edges="264306385 264308375 264308383 4054057 264308376"/>
    </vehicle>
    <vehicle id="truck_mw253" type="truck_mw_truck" depart="1012.00" departLane="free" departPos="last" departSpeed="max">
        <route edges="290296351 240042212 151495040 264308374 399250313 264308373"/>
    </vehicle>
    <vehicle id="truck_mw254" type="truck_mw_truck" depart="1016.00" departLane="free" departPos="last" departSpeed="max">
        <route edges="264306385 264308375 264308383 4054057 264308376"/>
    </vehicle>
    <vehicle id="truck_mw255" type="truck_mw_truck" depart="1020.00" departLane="free" departPos="last" departSpeed="max">
        <route edges="264306385 264308375 264308383 4054057 264308376"/>
    </vehicle>
    <vehicle id="truck_mw256" type="truck_mw_truck" depart="1024.00" departLane="free" departPos="last" departSpeed="max">
        <route edges="290296351 240042212 151495040 264308374 399250313 264308373"/>
    </vehicle>
    <vehicle id="truck_mw257" type="truck_mw_truck" depart="1028.00" departLane="free" departPos="last" departSpeed="max">
        <route edges="264306385 264308375 264308383 4054057 264308376"/>
    </vehicle>
    <vehicle id="truck_mw258" type="truck_mw_truck" depart="1032.00" departLane="free" departPos="last" departSpeed="max">
        <route edges="290296351 240042212 151495040 264308374 399250313 264308373"/>
    </vehicle>
    <vehicle id="truck_mw259" type="truck_mw_truck" depart="1036.00" departLane="free" departPos="last" departSpeed="max">
        <route edges="264306385 264308375 264308383 4054057 264308376"/>
    </vehicle>
    <vehicle id="truck_mw260" type="truck_mw_truck" depart="1040.00" departLane="free" departPos="last" departSpeed="max">
        <route edges="290296351 240042212 151495040 264308374 399250313 264308373"/>
    </vehicle>
    <vehicle id="truck_mw261" type="truck_mw_truck" depart="1044.00" departLane="free" departPos="last" departSpeed="max">
        <route edges="290296351 240042212 151495040 264308374 399250313 264308373"/>
    </vehicle>
    <vehicle id="truck_mw262" type="truck_mw_truck" depart="1048.00" departLane="free" departPos="last" departSpeed="max">
        <route edges="290296351 240042212 151495040 264308374 399250313 264308373"/>
    </vehicle>
    <vehicle id="truck_mw263" type="truck_mw_truck" depart="1052.00" departLane="free" departPos="last" departSpeed="max">
        <route edges="290296351 240042212 151495040 264308374 399250313 264308373"/>
    </vehicle>
    <vehicle id="truck_mw264" type="truck_mw_truck" depart="1056.00" departLane="free" departPos="last" departSpeed="max">
        <route edges="290296351 240042212 151495040 264308374 399250313 264308373"/>
    </vehicle>
    <vehicle id="truck_mw265" type="truck_mw_truck" depart="1060.00" departLane="free" departPos="last" departSpeed="max">
        <route edges="264306385 264308375 264308383 4054057 264308376"/>
    </vehicle>
    <vehicle id="truck_mw266" type="truck_mw_truck" depart="1064.00" departLane="free" departPos="last" departSpeed="max">
        <route edges="264306385 264308375 264308383 4054057 264308376"/>
    </vehicle>
    <vehicle id="truck_mw267" type="truck_mw_truck" depart="1068.00" departLane="free" departPos="last" departSpeed="max">
        <route edges="290296351 240042212 151495040 264308374 399250313 264308373"/>
    </vehicle>
    <vehicle id="truck_mw268" type="truck_mw_truck" depart="1072.00" departLane="free" departPos="last" departSpeed="max">
        <route edges="290296351 240042212 151495040 264308374 399250313 264308373"/>
    </vehicle>
    <vehicle id="truck_mw269" type="truck_mw_truck" depart="1076.00" departLane="free" departPos="last" departSpeed="max">
        <route edges="290296351 240042212 151495040 264308374 399250313 264308373"/>
    </vehicle>
    <vehicle id="truck_mw270" type="truck_mw_truck" depart="1080.00" departLane="free" departPos="last" departSpeed="max">
        <route edges="264306385 264308375 264308383 4054057 264308376"/>
    </vehicle>
    <vehicle id="truck_mw271" type="truck_mw_truck" depart="1084.00" departLane="free" departPos="last" departSpeed="max">
        <route edges="290296351 240042212 151495040 264308374 399250313 264308373"/>
    </vehicle>
    <vehicle id="truck_mw272" type="truck_mw_truck" depart="1088.00" departLane="free" departPos="last" departSpeed="max">
        <route edges="290296351 240042212 151495040 264308374 399250313 264308373"/>
    </vehicle>
    <vehicle id="truck_mw273" type="truck_mw_truck" depart="1092.00" departLane="free" departPos="last" departSpeed="max">
        <route edges="264306385 264308375 264308383 4054057 264308376"/>
    </vehicle>
    <vehicle id="truck_mw274" type="truck_mw_truck" depart="1096.00" departLane="free" departPos="last" departSpeed="max">
        <route edges="264306385 264308375 264308383 4054057 264308376"/>
    </vehicle>
    <vehicle id="truck_mw275" type="truck_mw_truck" depart="1100.00" departLane="free" departPos="last" departSpeed="max">
        <route edges="290296351 240042212 151495040 264308374 399250313 264308373"/>
    </vehicle>
    <vehicle id="truck_mw276" type="truck_mw_truck" depart="1104.00" departLane="free" departPos="last" departSpeed="max">
        <route edges="290296351 240042212 151495040 264308374 399250313 264308373"/>
    </vehicle>
    <vehicle id="truck_mw277" type="truck_mw_truck" depart="1108.00" departLane="free" departPos="last" departSpeed="max">
        <route edges="290296351 240042212 151495040 264308374 399250313 264308373"/>
    </vehicle>
    <vehicle id="truck_mw278" type="truck_mw_truck" depart="1112.00" departLane="free" departPos="last" departSpeed="max">
        <route edges="264306385 264308375 264308383 4054057 264308376"/>
    </vehicle>
    <vehicle id="truck_mw279" type="truck_mw_truck" depart="1116.00" departLane="free" departPos="last" departSpeed="max">
        <route edges="264306385 264308375 264308383 4054057 264308376"/>
    </vehicle>
    <vehicle id="truck_mw280" type="truck_mw_truck" depart="1120.00" departLane="free" departPos="last" departSpeed="max">
        <route edges="290296351 240042212 151495040 264308374 399250313 264308373"/>
    </vehicle>
    <vehicle id="truck_mw281" type="truck_mw_truck" depart="1124.00" departLane="free" departPos="last" departSpeed="max">
        <route edges="290296351 240042212 151495040 264308374 399250313 264308373"/>
    </vehicle>
    <vehicle id="truck_mw282" type="truck_mw_truck" depart="1128.00" departLane="free" departPos="last" departSpeed="max">
        <route edges="290296351 240042212 151495040 264308374 399250313 264308373"/>
    </vehicle>
    <vehicle id="truck_mw283" type="truck_mw_truck" depart="1132.00" departLane="free" departPos="last" departSpeed="max">
        <route edges="290296351 240042212 151495040 264308374 399250313 264308373"/>
    </vehicle>
    <vehicle id="truck_mw284" type="truck_mw_truck" depart="1136.00" departLane="free" departPos="last" departSpeed="max">
        <route edges="264306385 264308375 264308383 4054057 264308376"/>
    </vehicle>
    <vehicle id="truck_mw285" type="truck_mw_truck" depart="1140.00" departLane="free" departPos="last" departSpeed="max">
        <route edges="264306385 264308375 264308383 4054057 264308376"/>
    </vehicle>
    <vehicle id="truck_mw286" type="truck_mw_truck" depart="1144.00" departLane="free" departPos="last" departSpeed="max">
        <route edges="290296351 240042212 151495040 264308374 399250313 264308373"/>
    </vehicle>
    <vehicle id="truck_mw287" type="truck_mw_truck" depart="1148.00" departLane="free" departPos="last" departSpeed="max">
        <route edges="290296351 240042212 151495040 264308374 399250313 264308373"/>
    </vehicle>
    <vehicle id="truck_mw288" type="truck_mw_truck" depart="1152.00" departLane="free" departPos="last" departSpeed="max">
        <route edges="290296351 240042212 151495040 264308374 399250313 264308373"/>
    </vehicle>
    <vehicle id="truck_mw289" type="truck_mw_truck" depart="1156.00" departLane="free" departPos="last" departSpeed="max">
        <route edges="290296351 240042212 151495040 264308374 399250313 264308373"/>
    </vehicle>
    <vehicle id="truck_mw290" type="truck_mw_truck" depart="1160.00" departLane="free" departPos="last" departSpeed="max">
        <route edges="290296351 240042212 151495040 264308374 399250313 264308373"/>
    </vehicle>
    <vehicle id="truck_mw291" type="truck_mw_truck" depart="1164.00" departLane="free" departPos="last" departSpeed="max">
        <route edges="264306385 264308375 264308383 4054057 264308376"/>
    </vehicle>
    <vehicle id="truck_mw292" type="truck_mw_truck" depart="1168.00" departLane="free" departPos="last" departSpeed="max">
        <route edges="264306385 264308375 264308383 4054057 264308376"/>
    </vehicle>
    <vehicle id="truck_mw294" type="truck_mw_truck" depart="1176.00" departLane="free" departPos="last" departSpeed="max">
        <route edges="264306385 264308375 264308383 4054057 264308376"/>
    </vehicle>
    <vehicle id="truck_mw295" type="truck_mw_truck" depart="1180.00" departLane="free" departPos="last" departSpeed="max">
        <route edges="290296351 240042212 151495040 264308374 399250313 264308373"/>
    </vehicle>
    <vehicle id="truck_mw296" type="truck_mw_truck" depart="1184.00" departLane="free" departPos="last" departSpeed="max">
        <route edges="264306385 264308375 264308383 4054057 264308376"/>
    </vehicle>
    <vehicle id="truck_mw297" type="truck_mw_truck" depart="1188.00" departLane="free" departPos="last" departSpeed="max">
        <route edges="290296351 240042212 151495040 264308374 399250313 264308373"/>
    </vehicle>
    <vehicle id="truck_mw298" type="truck_mw_truck" depart="1192.00" departLane="free" departPos="last" departSpeed="max">
        <route edges="290296351 240042212 151495040 264308374 399250313 264308373"/>
    </vehicle>
    <vehicle id="truck_mw299" type="truck_mw_truck" depart="1196.00" departLane="free" departPos="last" departSpeed="max">
        <route edges="264306385 264308375 264308383 4054057 264308376"/>
    </vehicle>
    <vehicle id="truck_mw300" type="truck_mw_truck" depart="1200.00" departLane="free" departPos="last" departSpeed="max">
        <route edges="264306385 264308375 264308383 4054057 264308376"/>
    </vehicle>
    <vehicle id="truck_mw301" type="truck_mw_truck" depart="1204.00" departLane="free" departPos="last" departSpeed="max">
        <route edges="290296351 240042212 151495040 264308374 399250313 264308373"/>
    </vehicle>
    <vehicle id="truck_mw302" type="truck_mw_truck" depart="1208.00" departLane="free" departPos="last" departSpeed="max">
        <route edges="290296351 240042212 151495040 264308374 399250313 264308373"/>
    </vehicle>
    <vehicle id="truck_mw303" type="truck_mw_truck" depart="1212.00" departLane="free" departPos="last" departSpeed="max">
        <route edges="290296351 240042212 151495040 264308374 399250313 264308373"/>
    </vehicle>
    <vehicle id="truck_mw304" type="truck_mw_truck" depart="1216.00" departLane="free" departPos="last" departSpeed="max">
        <route edges="290296351 240042212 151495040 264308374 399250313 264308373"/>
    </vehicle>
    <vehicle id="truck_mw305" type="truck_mw_truck" depart="1220.00" departLane="free" departPos="last" departSpeed="max">
        <route edges="264306385 264308375 264308383 4054057 264308376"/>
    </vehicle>
    <vehicle id="truck_mw306" type="truck_mw_truck" depart="1224.00" departLane="free" departPos="last" departSpeed="max">
        <route edges="290296351 240042212 151495040 264308374 399250313 264308373"/>
    </vehicle>
    <vehicle id="truck_mw307" type="truck_mw_truck" depart="1228.00" departLane="free" departPos="last" departSpeed="max">
        <route edges="264306385 264308375 264308383 4054057 264308376"/>
    </vehicle>
    <vehicle id="truck_mw308" type="truck_mw_truck" depart="1232.00" departLane="free" departPos="last" departSpeed="max">
        <route edges="264306385 264308375 264308383 4054057 264308376"/>
    </vehicle>
    <vehicle id="truck_mw309" type="truck_mw_truck" depart="1236.00" departLane="free" departPos="last" departSpeed="max">
        <route edges="264306385 264308375 264308383 4054057 264308376"/>
    </vehicle>
    <vehicle id="truck_mw310" type="truck_mw_truck" depart="1240.00" departLane="free" departPos="last" departSpeed="max">
        <route edges="290296351 240042212 151495040 264308374 399250313 264308373"/>
    </vehicle>
    <vehicle id="truck_mw311" type="truck_mw_truck" depart="1244.00" departLane="free" departPos="last" departSpeed="max">
        <route edges="290296351 240042212 151495040 264308374 399250313 264308373"/>
    </vehicle>
    <vehicle id="truck_mw312" type="truck_mw_truck" depart="1248.00" departLane="free" departPos="last" departSpeed="max">
        <route edges="264306385 264308375 264308383 4054057 264308376"/>
    </vehicle>
    <vehicle id="truck_mw313" type="truck_mw_truck" depart="1252.00" departLane="free" departPos="last" departSpeed="max">
        <route edges="264306385 264308375 264308383 4054057 264308376"/>
    </vehicle>
    <vehicle id="truck_mw314" type="truck_mw_truck" depart="1256.00" departLane="free" departPos="last" departSpeed="max">
        <route edges="290296351 240042212 151495040 264308374 399250313 264308373"/>
    </vehicle>
    <vehicle id="truck_mw315" type="truck_mw_truck" depart="1260.00" departLane="free" departPos="last" departSpeed="max">
        <route edges="264306385 264308375 264308383 4054057 264308376"/>
    </vehicle>
    <vehicle id="truck_mw316" type="truck_mw_truck" depart="1264.00" departLane="free" departPos="last" departSpeed="max">
        <route edges="264306385 264308375 264308383 4054057 264308376"/>
    </vehicle>
    <vehicle id="truck_mw317" type="truck_mw_truck" depart="1268.00" departLane="free" departPos="last" departSpeed="max">
        <route edges="290296351 240042212 151495040 264308374 399250313 264308373"/>
    </vehicle>
    <vehicle id="truck_mw318" type="truck_mw_truck" depart="1272.00" departLane="free" departPos="last" departSpeed="max">
        <route edges="264306385 264308375 264308383 4054057 264308376"/>
    </vehicle>
    <vehicle id="truck_mw319" type="truck_mw_truck" depart="1276.00" departLane="free" departPos="last" departSpeed="max">
        <route edges="264306385 264308375 264308383 4054057 264308376"/>
    </vehicle>
    <vehicle id="truck_mw320" type="truck_mw_truck" depart="1280.00" departLane="free" departPos="last" departSpeed="max">
        <route edges="290296351 240042212 151495040 264308374 399250313 264308373"/>
    </vehicle>
    <vehicle id="truck_mw321" type="truck_mw_truck" depart="1284.00" departLane="free" departPos="last" departSpeed="max">
        <route edges="264306385 264308375 264308383 4054057 264308376"/>
    </vehicle>
    <vehicle id="truck_mw322" type="truck_mw_truck" depart="1288.00" departLane="free" departPos="last" departSpeed="max">
        <route edges="290296351 240042212 151495040 264308374 399250313 264308373"/>
    </vehicle>
    <vehicle id="truck_mw323" type="truck_mw_truck" depart="1292.00" departLane="free" departPos="last" departSpeed="max">
        <route edges="290296351 240042212 151495040 264308374 399250313 264308373"/>
    </vehicle>
    <vehicle id="truck_mw324" type="truck_mw_truck" depart="1296.00" departLane="free" departPos="last" departSpeed="max">
        <route edges="264306385 264308375 264308383 4054057 264308376"/>
    </vehicle>
    <vehicle id="truck_mw325" type="truck_mw_truck" depart="1300.00" departLane="free" departPos="last" departSpeed="max">
        <route edges="264306385 264308375 264308383 4054057 264308376"/>
    </vehicle>
    <vehicle id="truck_mw326" type="truck_mw_truck" depart="1304.00" departLane="free" departPos="last" departSpeed="max">
        <route edges="290296351 240042212 151495040 264308374 399250313 264308373"/>
    </vehicle>
    <vehicle id="truck_mw327" type="truck_mw_truck" depart="1308.00" departLane="free" departPos="last" departSpeed="max">
        <route edges="290296351 240042212 151495040 264308374 399250313 264308373"/>
    </vehicle>
    <vehicle id="truck_mw328" type="truck_mw_truck" depart="1312.00" departLane="free" departPos="last" departSpeed="max">
        <route edges="290296351 240042212 151495040 264308374 399250313 264308373"/>
    </vehicle>
    <vehicle id="truck_mw329" type="truck_mw_truck" depart="1316.00" departLane="free" departPos="last" departSpeed="max">
        <route edges="290296351 240042212 151495040 264308374 399250313 264308373"/>
    </vehicle>
    <vehicle id="truck_mw330" type="truck_mw_truck" depart="1320.00" departLane="free" departPos="last" departSpeed="max">
        <route edges="290296351 240042212 151495040 264308374 399250313 264308373"/>
    </vehicle>
    <vehicle id="truck_mw331" type="truck_mw_truck" depart="1324.00" departLane="free" departPos="last" departSpeed="max">
        <route edges="290296351 240042212 151495040 264308374 399250313 264308373"/>
    </vehicle>
    <vehicle id="truck_mw332" type="truck_mw_truck" depart="1328.00" departLane="free" departPos="last" departSpeed="max">
        <route edges="290296351 240042212 151495040 264308374 399250313 264308373"/>
    </vehicle>
    <vehicle id="truck_mw333" type="truck_mw_truck" depart="1332.00" departLane="free" departPos="last" departSpeed="max">
        <route edges="264306385 264308375 264308383 4054057 264308376"/>
    </vehicle>
    <vehicle id="truck_mw334" type="truck_mw_truck" depart="1336.00" departLane="free" departPos="last" departSpeed="max">
        <route edges="290296351 240042212 151495040 264308374 399250313 264308373"/>
    </vehicle>
    <vehicle id="truck_mw335" type="truck_mw_truck" depart="1340.00" departLane="free" departPos="last" departSpeed="max">
        <route edges="264306385 264308375 264308383 4054057 264308376"/>
    </vehicle>
    <vehicle id="truck_mw336" type="truck_mw_truck" depart="1344.00" departLane="free" departPos="last" departSpeed="max">
        <route edges="264306385 264308375 264308383 4054057 264308376"/>
    </vehicle>
    <vehicle id="truck_mw337" type="truck_mw_truck" depart="1348.00" departLane="free" departPos="last" departSpeed="max">
        <route edges="290296351 240042212 151495040 264308374 399250313 264308373"/>
    </vehicle>
    <vehicle id="truck_mw338" type="truck_mw_truck" depart="1352.00" departLane="free" departPos="last" departSpeed="max">
        <route edges="290296351 240042212 151495040 264308374 399250313 264308373"/>
    </vehicle>
    <vehicle id="truck_mw339" type="truck_mw_truck" depart="1356.00" departLane="free" departPos="last" departSpeed="max">
        <route edges="290296351 240042212 151495040 264308374 399250313 264308373"/>
    </vehicle>
    <vehicle id="truck_mw340" type="truck_mw_truck" depart="1360.00" departLane="free" departPos="last" departSpeed="max">
        <route edges="264306385 264308375 264308383 4054057 264308376"/>
    </vehicle>
    <vehicle id="truck_mw341" type="truck_mw_truck" depart="1364.00" departLane="free" departPos="last" departSpeed="max">
        <route edges="264306385 264308375 264308383 4054057 264308376"/>
    </vehicle>
    <vehicle id="truck_mw342" type="truck_mw_truck" depart="1368.00" departLane="free" departPos="last" departSpeed="max">
        <route edges="264306385 264308375 264308383 4054057 264308376"/>
    </vehicle>
    <vehicle id="truck_mw343" type="truck_mw_truck" depart="1372.00" departLane="free" departPos="last" departSpeed="max">
        <route edges="264306385 264308375 264308383 4054057 264308376"/>
    </vehicle>
    <vehicle id="truck_mw344" type="truck_mw_truck" depart="1376.00" departLane="free" departPos="last" departSpeed="max">
        <route edges="264306385 264308375 264308383 4054057 264308376"/>
    </vehicle>
    <vehicle id="truck_mw345" type="truck_mw_truck" depart="1380.00" departLane="free" departPos="last" departSpeed="max">
        <route edges="264306385 264308375 264308383 4054057 264308376"/>
    </vehicle>
    <vehicle id="truck_mw346" type="truck_mw_truck" depart="1384.00" departLane="free" departPos="last" departSpeed="max">
        <route edges="264306385 264308375 264308383 4054057 264308376"/>
    </vehicle>
    <vehicle id="truck_mw347" type="truck_mw_truck" depart="1388.00" departLane="free" departPos="last" departSpeed="max">
        <route edges="290296351 240042212 151495040 264308374 399250313 264308373"/>
    </vehicle>
    <vehicle id="truck_mw348" type="truck_mw_truck" depart="1392.00" departLane="free" departPos="last" departSpeed="max">
        <route edges="290296351 240042212 151495040 264308374 399250313 264308373"/>
    </vehicle>
    <vehicle id="truck_mw349" type="truck_mw_truck" depart="1396.00" departLane="free" departPos="last" departSpeed="max">
        <route edges="290296351 240042212 151495040 264308374 399250313 264308373"/>
    </vehicle>
    <vehicle id="truck_mw350" type="truck_mw_truck" depart="1400.00" departLane="free" departPos="last" departSpeed="max">
        <route edges="264306385 264308375 264308383 4054057 264308376"/>
    </vehicle>
    <vehicle id="truck_mw351" type="truck_mw_truck" depart="1404.00" departLane="free" departPos="last" departSpeed="max">
        <route edges="264306385 264308375 264308383 4054057 264308376"/>
    </vehicle>
    <vehicle id="truck_mw352" type="truck_mw_truck" depart="1408.00" departLane="free" departPos="last" departSpeed="max">
        <route edges="264306385 264308375 264308383 4054057 264308376"/>
    </vehicle>
    <vehicle id="truck_mw353" type="truck_mw_truck" depart="1412.00" departLane="free" departPos="last" departSpeed="max">
        <route edges="264306385 264308375 264308383 4054057 264308376"/>
    </vehicle>
    <vehicle id="truck_mw354" type="truck_mw_truck" depart="1416.00" departLane="free" departPos="last" departSpeed="max">
        <route edges="290296351 240042212 151495040 264308374 399250313 264308373"/>
    </vehicle>
    <vehicle id="truck_mw355" type="truck_mw_truck" depart="1420.00" departLane="free" departPos="last" departSpeed="max">
        <route edges="290296351 240042212 151495040 264308374 399250313 264308373"/>
    </vehicle>
    <vehicle id="truck_mw356" type="truck_mw_truck" depart="1424.00" departLane="free" departPos="last" departSpeed="max">
        <route edges="264306385 264308375 264308383 4054057 264308376"/>
    </vehicle>
    <vehicle id="truck_mw357" type="truck_mw_truck" depart="1428.00" departLane="free" departPos="last" departSpeed="max">
        <route edges="290296351 240042212 151495040 264308374 399250313 264308373"/>
    </vehicle>
    <vehicle id="truck_mw358" type="truck_mw_truck" depart="1432.00" departLane="free" departPos="last" departSpeed="max">
        <route edges="290296351 240042212 151495040 264308374 399250313 264308373"/>
    </vehicle>
    <vehicle id="truck_mw359" type="truck_mw_truck" depart="1436.00" departLane="free" departPos="last" departSpeed="max">
        <route edges="290296351 240042212 151495040 264308374 399250313 264308373"/>
    </vehicle>
    <vehicle id="truck_mw360" type="truck_mw_truck" depart="1440.00" departLane="free" departPos="last" departSpeed="max">
        <route edges="264306385 264308375 264308383 4054057 264308376"/>
    </vehicle>
    <vehicle id="truck_mw361" type="truck_mw_truck" depart="1444.00" departLane="free" departPos="last" departSpeed="max">
        <route edges="290296351 240042212 151495040 264308374 399250313 264308373"/>
    </vehicle>
    <vehicle id="truck_mw362" type="truck_mw_truck" depart="1448.00" departLane="free" departPos="last" departSpeed="max">
        <route edges="290296351 240042212 151495040 264308374 399250313 264308373"/>
    </vehicle>
    <vehicle id="truck_mw363" type="truck_mw_truck" depart="1452.00" departLane="free" departPos="last" departSpeed="max">
        <route edges="264306385 264308375 264308383 4054057 264308376"/>
    </vehicle>
    <vehicle id="truck_mw364" type="truck_mw_truck" depart="1456.00" departLane="free" departPos="last" departSpeed="max">
        <route edges="264306385 264308375 264308383 4054057 264308376"/>
    </vehicle>
    <vehicle id="truck_mw365" type="truck_mw_truck" depart="1460.00" departLane="free" departPos="last" departSpeed="max">
        <route edges="264306385 264308375 264308383 4054057 264308376"/>
    </vehicle>
    <vehicle id="truck_mw366" type="truck_mw_truck" depart="1464.00" departLane="free" departPos="last" departSpeed="max">
        <route edges="290296351 240042212 151495040 264308374 399250313 264308373"/>
    </vehicle>
    <vehicle id="truck_mw367" type="truck_mw_truck" depart="1468.00" departLane="free" departPos="last" departSpeed="max">
        <route edges="290296351 240042212 151495040 264308374 399250313 264308373"/>
    </vehicle>
    <vehicle id="truck_mw368" type="truck_mw_truck" depart="1472.00" departLane="free" departPos="last" departSpeed="max">
        <route edges="264306385 264308375 264308383 4054057 264308376"/>
    </vehicle>
    <vehicle id="truck_mw369" type="truck_mw_truck" depart="1476.00" departLane="free" departPos="last" departSpeed="max">
        <route edges="264306385 264308375 264308383 4054057 264308376"/>
    </vehicle>
    <vehicle id="truck_mw370" type="truck_mw_truck" depart="1480.00" departLane="free" departPos="last" departSpeed="max">
        <route edges="264306385 264308375 264308383 4054057 264308376"/>
    </vehicle>
    <vehicle id="truck_mw371" type="truck_mw_truck" depart="1484.00" departLane="free" departPos="last" departSpeed="max">
        <route edges="290296351 240042212 151495040 264308374 399250313 264308373"/>
    </vehicle>
    <vehicle id="truck_mw372" type="truck_mw_truck" depart="1488.00" departLane="free" departPos="last" departSpeed="max">
        <route edges="264306385 264308375 264308383 4054057 264308376"/>
    </vehicle>
    <vehicle id="truck_mw373" type="truck_mw_truck" depart="1492.00" departLane="free" departPos="last" departSpeed="max">
        <route edges="264306385 264308375 264308383 4054057 264308376"/>
    </vehicle>
    <vehicle id="truck_mw374" type="truck_mw_truck" depart="1496.00" departLane="free" departPos="last" departSpeed="max">
        <route edges="264306385 264308375 264308383 4054057 264308376"/>
    </vehicle>
    <vehicle id="truck_mw375" type="truck_mw_truck" depart="1500.00" departLane="free" departPos="last" departSpeed="max">
        <route edges="290296351 240042212 151495040 264308374 399250313 264308373"/>
    </vehicle>
    <vehicle id="truck_mw376" type="truck_mw_truck" depart="1504.00" departLane="free" departPos="last" departSpeed="max">
        <route edges="264306385 264308375 264308383 4054057 264308376"/>
    </vehicle>
    <vehicle id="truck_mw377" type="truck_mw_truck" depart="1508.00" departLane="free" departPos="last" departSpeed="max">
        <route edges="264306385 264308375 264308383 4054057 264308376"/>
    </vehicle>
    <vehicle id="truck_mw378" type="truck_mw_truck" depart="1512.00" departLane="free" departPos="last" departSpeed="max">
        <route edges="264306385 264308375 264308383 4054057 264308376"/>
    </vehicle>
    <vehicle id="truck_mw379" type="truck_mw_truck" depart="1516.00" departLane="free" departPos="last" departSpeed="max">
        <route edges="290296351 240042212 151495040 264308374 399250313 264308373"/>
    </vehicle>
    <vehicle id="truck_mw380" type="truck_mw_truck" depart="1520.00" departLane="free" departPos="last" departSpeed="max">
        <route edges="290296351 240042212 151495040 264308374 399250313 264308373"/>
    </vehicle>
    <vehicle id="truck_mw381" type="truck_mw_truck" depart="1524.00" departLane="free" departPos="last" departSpeed="max">
        <route edges="264306385 264308375 264308383 4054057 264308376"/>
    </vehicle>
    <vehicle id="truck_mw382" type="truck_mw_truck" depart="1528.00" departLane="free" departPos="last" departSpeed="max">
        <route edges="290296351 240042212 151495040 264308374 399250313 264308373"/>
    </vehicle>
    <vehicle id="truck_mw383" type="truck_mw_truck" depart="1532.00" departLane="free" departPos="last" departSpeed="max">
        <route edges="264306385 264308375 264308383 4054057 264308376"/>
    </vehicle>
    <vehicle id="truck_mw384" type="truck_mw_truck" depart="1536.00" departLane="free" departPos="last" departSpeed="max">
        <route edges="264306385 264308375 264308383 4054057 264308376"/>
    </vehicle>
    <vehicle id="truck_mw385" type="truck_mw_truck" depart="1540.00" departLane="free" departPos="last" departSpeed="max">
        <route edges="264306385 264308375 264308383 4054057 264308376"/>
    </vehicle>
    <vehicle id="truck_mw386" type="truck_mw_truck" depart="1544.00" departLane="free" departPos="last" departSpeed="max">
        <route edges="4054057 264308376"/>
    </vehicle>
    <vehicle id="truck_mw387" type="truck_mw_truck" depart="1548.00" departLane="free" departPos="last" departSpeed="max">
        <route edges="290296351 240042212 151495040 264308374 399250313 264308373"/>
    </vehicle>
    <vehicle id="truck_mw388" type="truck_mw_truck" depart="1552.00" departLane="free" departPos="last" departSpeed="max">
        <route edges="264306385 264308375 264308383 4054057 264308376"/>
    </vehicle>
    <vehicle id="truck_mw389" type="truck_mw_truck" depart="1556.00" departLane="free" departPos="last" departSpeed="max">
        <route edges="264306385 264308375 264308383 4054057 264308376"/>
    </vehicle>
    <vehicle id="truck_mw390" type="truck_mw_truck" depart="1560.00" departLane="free" departPos="last" departSpeed="max">
        <route edges="264306385 264308375 264308383 4054057 264308376"/>
    </vehicle>
    <vehicle id="truck_mw391" type="truck_mw_truck" depart="1564.00" departLane="free" departPos="last" departSpeed="max">
        <route edges="264306385 264308375 264308383 4054057 264308376"/>
    </vehicle>
    <vehicle id="truck_mw392" type="truck_mw_truck" depart="1568.00" departLane="free" departPos="last" departSpeed="max">
        <route edges="264306385 264308375 264308383 4054057 264308376"/>
    </vehicle>
    <vehicle id="truck_mw393" type="truck_mw_truck" depart="1572.00" departLane="free" departPos="last" departSpeed="max">
        <route edges="264306385 264308375 264308383 4054057 264308376"/>
    </vehicle>
    <vehicle id="truck_mw394" type="truck_mw_truck" depart="1576.00" departLane="free" departPos="last" departSpeed="max">
        <route edges="264306385 264308375 264308383 4054057 264308376"/>
    </vehicle>
    <vehicle id="truck_mw395" type="truck_mw_truck" depart="1580.00" departLane="free" departPos="last" departSpeed="max">
        <route edges="290296351 240042212 151495040 264308374 399250313 264308373"/>
    </vehicle>
    <vehicle id="truck_mw396" type="truck_mw_truck" depart="1584.00" departLane="free" departPos="last" departSpeed="max">
        <route edges="264306385 264308375 264308383 4054057 264308376"/>
    </vehicle>
    <vehicle id="truck_mw397" type="truck_mw_truck" depart="1588.00" departLane="free" departPos="last" departSpeed="max">
        <route edges="290296351 240042212 151495040 264308374 399250313 264308373"/>
    </vehicle>
    <vehicle id="truck_mw398" type="truck_mw_truck" depart="1592.00" departLane="free" departPos="last" departSpeed="max">
        <route edges="290296351 240042212 151495040 264308374 399250313 264308373"/>
    </vehicle>
    <vehicle id="truck_mw399" type="truck_mw_truck" depart="1596.00" departLane="free" departPos="last" departSpeed="max">
        <route edges="264306385 264308375 264308383 4054057 264308376"/>
    </vehicle>
    <vehicle id="truck_mw400" type="truck_mw_truck" depart="1600.00" departLane="free" departPos="last" departSpeed="max">
        <route edges="264306385 264308375 264308383 4054057 264308376"/>
    </vehicle>
    <vehicle id="truck_mw401" type="truck_mw_truck" depart="1604.00" departLane="free" departPos="last" departSpeed="max">
        <route edges="264306385 264308375 264308383 4054057 264308376"/>
    </vehicle>
    <vehicle id="truck_mw402" type="truck_mw_truck" depart="1608.00" departLane="free" departPos="last" departSpeed="max">
        <route edges="264306385 264308375 264308383 4054057 264308376"/>
    </vehicle>
    <vehicle id="truck_mw403" type="truck_mw_truck" depart="1612.00" departLane="free" departPos="last" departSpeed="max">
        <route edges="290296351 240042212 151495040 264308374 399250313 264308373"/>
    </vehicle>
    <vehicle id="truck_mw404" type="truck_mw_truck" depart="1616.00" departLane="free" departPos="last" departSpeed="max">
        <route edges="264306385 264308375 264308383 4054057 264308376"/>
    </vehicle>
    <vehicle id="truck_mw405" type="truck_mw_truck" depart="1620.00" departLane="free" departPos="last" departSpeed="max">
        <route edges="264306385 264308375 264308383 4054057 264308376"/>
    </vehicle>
    <vehicle id="truck_mw406" type="truck_mw_truck" depart="1624.00" departLane="free" departPos="last" departSpeed="max">
        <route edges="290296351 240042212 151495040 264308374 399250313 264308373"/>
    </vehicle>
    <vehicle id="truck_mw407" type="truck_mw_truck" depart="1628.00" departLane="free" departPos="last" departSpeed="max">
        <route edges="264306385 264308375 264308383 4054057 264308376"/>
    </vehicle>
    <vehicle id="truck_mw408" type="truck_mw_truck" depart="1632.00" departLane="free" departPos="last" departSpeed="max">
        <route edges="264306385 264308375 264308383 4054057 264308376"/>
    </vehicle>
    <vehicle id="truck_mw409" type="truck_mw_truck" depart="1636.00" departLane="free" departPos="last" departSpeed="max">
        <route edges="264306385 264308375 264308383 4054057 264308376"/>
    </vehicle>
    <vehicle id="truck_mw410" type="truck_mw_truck" depart="1640.00" departLane="free" departPos="last" departSpeed="max">
        <route edges="290296351 240042212 151495040 264308374 399250313 264308373"/>
    </vehicle>
    <vehicle id="truck_mw411" type="truck_mw_truck" depart="1644.00" departLane="free" departPos="last" departSpeed="max">
        <route edges="290296351 240042212 151495040 264308374 399250313 264308373"/>
    </vehicle>
    <vehicle id="truck_mw412" type="truck_mw_truck" depart="1648.00" departLane="free" departPos="last" departSpeed="max">
        <route edges="290296351 240042212 151495040 264308374 399250313 264308373"/>
    </vehicle>
    <vehicle id="truck_mw413" type="truck_mw_truck" depart="1652.00" departLane="free" departPos="last" departSpeed="max">
        <route edges="290296351 240042212 151495040 264308374 399250313 264308373"/>
    </vehicle>
    <vehicle id="truck_mw414" type="truck_mw_truck" depart="1656.00" departLane="free" departPos="last" departSpeed="max">
        <route edges="264306385 264308375 264308383 4054057 264308376"/>
    </vehicle>
    <vehicle id="truck_mw415" type="truck_mw_truck" depart="1660.00" departLane="free" departPos="last" departSpeed="max">
        <route edges="290296351 240042212 151495040 264308374 399250313 264308373"/>
    </vehicle>
    <vehicle id="truck_mw416" type="truck_mw_truck" depart="1664.00" departLane="free" departPos="last" departSpeed="max">
        <route edges="264306385 264308375 264308383 4054057 264308376"/>
    </vehicle>
    <vehicle id="truck_mw417" type="truck_mw_truck" depart="1668.00" departLane="free" departPos="last" departSpeed="max">
        <route edges="290296351 240042212 151495040 264308374 399250313 264308373"/>
    </vehicle>
    <vehicle id="truck_mw418" type="truck_mw_truck" depart="1672.00" departLane="free" departPos="last" departSpeed="max">
        <route edges="290296351 240042212 151495040 264308374 399250313 264308373"/>
    </vehicle>
    <vehicle id="truck_mw419" type="truck_mw_truck" depart="1676.00" departLane="free" departPos="last" departSpeed="max">
        <route edges="264306385 264308375 264308383 4054057 264308376"/>
    </vehicle>
    <vehicle id="truck_mw420" type="truck_mw_truck" depart="1680.00" departLane="free" departPos="last" departSpeed="max">
        <route edges="290296351 240042212 151495040 264308374 399250313 264308373"/>
    </vehicle>
    <vehicle id="truck_mw421" type="truck_mw_truck" depart="1684.00" departLane="free" departPos="last" departSpeed="max">
        <route edges="290296351 240042212 151495040 264308374 399250313 264308373"/>
    </vehicle>
    <vehicle id="truck_mw422" type="truck_mw_truck" depart="1688.00" departLane="free" departPos="last" departSpeed="max">
        <route edges="290296351 240042212 151495040 264308374 399250313 264308373"/>
    </vehicle>
    <vehicle id="truck_mw423" type="truck_mw_truck" depart="1692.00" departLane="free" departPos="last" departSpeed="max">
        <route edges="264306385 264308375 264308383 4054057 264308376"/>
    </vehicle>
    <vehicle id="truck_mw424" type="truck_mw_truck" depart="1696.00" departLane="free" departPos="last" departSpeed="max">
        <route edges="264308375 151495034 -256366919 24498410#0 256366925 240042192#0 151495020 308396220 264308374 399250313 264308373"/>
    </vehicle>
    <vehicle id="truck_mw425" type="truck_mw_truck" depart="1700.00" departLane="free" departPos="last" departSpeed="max">
        <route edges="264306385 264308375 264308383 4054057 264308376"/>
    </vehicle>
    <vehicle id="truck_mw426" type="truck_mw_truck" depart="1704.00" departLane="free" departPos="last" departSpeed="max">
        <route edges="264306385 264308375 264308383 4054057 264308376"/>
    </vehicle>
    <vehicle id="truck_mw427" type="truck_mw_truck" depart="1708.00" departLane="free" departPos="last" departSpeed="max">
        <route edges="290296351 240042212 151495040 264308374 399250313 264308373"/>
    </vehicle>
    <vehicle id="truck_mw428" type="truck_mw_truck" depart="1712.00" departLane="free" departPos="last" departSpeed="max">
        <route edges="264306385 264308375 264308383 4054057 264308376"/>
    </vehicle>
    <vehicle id="truck_mw429" type="truck_mw_truck" depart="1716.00" departLane="free" departPos="last" departSpeed="max">
        <route edges="264306385 264308375 264308383 4054057 264308376"/>
    </vehicle>
    <vehicle id="truck_mw430" type="truck_mw_truck" depart="1720.00" departLane="free" departPos="last" departSpeed="max">
        <route edges="264306385 264308375 264308383 4054057 264308376"/>
    </vehicle>
    <vehicle id="truck_mw431" type="truck_mw_truck" depart="1724.00" departLane="free" departPos="last" departSpeed="max">
        <route edges="290296351 240042212 151495040 264308374 399250313 264308373"/>
    </vehicle>
    <vehicle id="truck_mw432" type="truck_mw_truck" depart="1728.00" departLane="free" departPos="last" departSpeed="max">
        <route edges="264306385 264308375 264308383 4054057 264308376"/>
    </vehicle>
    <vehicle id="truck_mw433" type="truck_mw_truck" depart="1732.00" departLane="free" departPos="last" departSpeed="max">
        <route edges="290296351 240042212 151495040 264308374 399250313 264308373"/>
    </vehicle>
    <vehicle id="truck_mw434" type="truck_mw_truck" depart="1736.00" departLane="free" departPos="last" departSpeed="max">
        <route edges="290296351 240042212 151495040 264308374 399250313 264308373"/>
    </vehicle>
    <vehicle id="truck_mw435" type="truck_mw_truck" depart="1740.00" departLane="free" departPos="last" departSpeed="max">
        <route edges="290296351 240042212 151495040 264308374 399250313 264308373"/>
    </vehicle>
    <vehicle id="truck_mw436" type="truck_mw_truck" depart="1744.00" departLane="free" departPos="last" departSpeed="max">
        <route edges="290296351 240042212 151495040 264308374 399250313 264308373"/>
    </vehicle>
    <vehicle id="truck_mw437" type="truck_mw_truck" depart="1748.00" departLane="free" departPos="last" departSpeed="max">
        <route edges="264306385 264308375 264308383 4054057 264308376"/>
    </vehicle>
    <vehicle id="truck_mw438" type="truck_mw_truck" depart="1752.00" departLane="free" departPos="last" departSpeed="max">
        <route edges="264306385 264308375 264308383 4054057 264308376"/>
    </vehicle>
    <vehicle id="truck_mw439" type="truck_mw_truck" depart="1756.00" departLane="free" departPos="last" departSpeed="max">
        <route edges="290296351 240042212 151495040 264308374 399250313 264308373"/>
    </vehicle>
    <vehicle id="truck_mw440" type="truck_mw_truck" depart="1760.00" departLane="free" departPos="last" departSpeed="max">
        <route edges="264306385 264308375 264308383 4054057 264308376"/>
    </vehicle>
    <vehicle id="truck_mw441" type="truck_mw_truck" depart="1764.00" departLane="free" departPos="last" departSpeed="max">
        <route edges="290296351 240042212 151495040 264308374 399250313 264308373"/>
    </vehicle>
    <vehicle id="truck_mw442" type="truck_mw_truck" depart="1768.00" departLane="free" departPos="last" departSpeed="max">
        <route edges="264306385 264308375 264308383 4054057 264308376"/>
    </vehicle>
    <vehicle id="truck_mw443" type="truck_mw_truck" depart="1772.00" departLane="free" departPos="last" departSpeed="max">
        <route edges="290296351 240042212 151495040 264308374 399250313 264308373"/>
    </vehicle>
    <vehicle id="truck_mw444" type="truck_mw_truck" depart="1776.00" departLane="free" departPos="last" departSpeed="max">
        <route edges="264306385 264308375 264308383 4054057 264308376"/>
    </vehicle>
    <vehicle id="truck_mw445" type="truck_mw_truck" depart="1780.00" departLane="free" departPos="last" departSpeed="max">
        <route edges="264306385 264308375 264308383 4054057 264308376"/>
    </vehicle>
    <vehicle id="truck_mw446" type="truck_mw_truck" depart="1784.00" departLane="free" departPos="last" departSpeed="max">
        <route edges="264306385 264308375 264308383 4054057 264308376"/>
    </vehicle>
    <vehicle id="truck_mw447" type="truck_mw_truck" depart="1788.00" departLane="free" departPos="last" departSpeed="max">
        <route edges="290296351 240042212 151495040 264308374 399250313 264308373"/>
    </vehicle>
    <vehicle id="truck_mw448" type="truck_mw_truck" depart="1792.00" departLane="free" departPos="last" departSpeed="max">
        <route edges="290296351 240042212 151495040 264308374 399250313 264308373"/>
    </vehicle>
    <vehicle id="truck_mw449" type="truck_mw_truck" depart="1796.00" departLane="free" departPos="last" departSpeed="max">
        <route edges="290296351 240042212 151495040 264308374 399250313 264308373"/>
    </vehicle>
</routes>
