<?xml version="1.0" encoding="UTF-8"?>

<!-- generated on Thu Apr 18 00:13:39 2019 by Eclipse SUMO netconvert Version v1_2_0+0017-2a947141e5
This data file and the accompanying materials
are made available under the terms of the Eclipse Public License v2.0
which accompanies this distribution, and is available at
http://www.eclipse.org/legal/epl-v20.html
SPDX-License-Identifier: EPL-2.0
<configuration xmlns:xsi="http://www.w3.org/2001/XMLSchema-instance" xsi:noNamespaceSchemaLocation="http://sumo.dlr.de/xsd/netconvertConfiguration.xsd">

    <input>
        <node-files value="input_nodes.nod.xml"/>
        <edge-files value="input_edges.edg.xml"/>
        <type-files value="input_types.typ.xml"/>
    </input>

    <output>
        <write-license value="true"/>
        <output-file value="net.net.xml"/>
    </output>

</configuration>
-->

<net version="1.1" junctionCornerDetail="5" limitTurnSpeed="5.50" xmlns:xsi="http://www.w3.org/2001/XMLSchema-instance" xsi:noNamespaceSchemaLocation="http://sumo.dlr.de/xsd/net_file.xsd">

    <location netOffset="500.00,500.00" convBoundary="0.00,0.00,1000.00,1000.00" origBoundary="-500.00,-500.00,500.00,500.00" projParameter="!"/>

    <type id="a" priority="3" numLanes="3" speed="13.89"/>
    <type id="b" priority="2" numLanes="2" speed="11.11"/>
    <type id="c" priority="1" numLanes="1" speed="11.11" allow="bicycle"/>
    <type id="d" priority="1" numLanes="1" speed="2.90" allow="pedestrian"/>

    <edge id=":0_0" function="internal">
        <lane id=":0_0_0" index="0" allow="bicycle" speed="7.02" length="10.69" shape="492.00,511.10 491.81,506.94 491.23,503.98 490.26,502.19 488.90,501.60"/>
    </edge>
    <edge id=":0_1" function="internal">
        <lane id=":0_1_0" index="0" allow="bicycle" speed="12.50" length="22.47" shape="495.20,511.10 495.70,503.60 496.80,497.67 497.90,492.90 498.40,488.90"/>
    </edge>
    <edge id=":0_2" function="internal">
        <lane id=":0_2_0" index="0" allow="bicycle" speed="9.51" length="16.10" shape="498.40,511.10 499.19,505.54 501.57,501.58 505.54,499.19 506.76,499.02"/>
    </edge>
    <edge id=":0_3" function="internal">
        <lane id=":0_3_0" index="0" allow="bicycle" speed="3.65" length="2.34" shape="498.40,511.10 499.20,509.90 500.00,509.50"/>
    </edge>
    <edge id=":0_16" function="internal">
        <lane id=":0_16_0" index="0" allow="bicycle" speed="9.51" length="4.38" shape="506.76,499.02 511.10,498.40"/>
    </edge>
    <edge id=":0_17" function="internal">
        <lane id=":0_17_0" index="0" allow="bicycle" speed="3.65" length="2.34" shape="500.00,509.50 500.80,509.90 501.60,511.10"/>
    </edge>
    <edge id=":0_4" function="internal">
        <lane id=":0_4_0" index="0" allow="bicycle" speed="7.02" length="10.69" shape="511.10,508.00 506.94,508.19 503.98,508.77 502.19,509.74 501.60,511.10"/>
    </edge>
    <edge id=":0_5" function="internal">
        <lane id=":0_5_0" index="0" allow="bicycle" speed="12.50" length="22.47" shape="511.10,504.80 503.60,504.30 497.67,503.20 492.90,502.10 488.90,501.60"/>
    </edge>
    <edge id=":0_6" function="internal">
        <lane id=":0_6_0" index="0" allow="bicycle" speed="9.51" length="16.10" shape="511.10,501.60 505.54,500.81 501.58,498.43 499.19,494.46 499.02,493.24"/>
    </edge>
    <edge id=":0_7" function="internal">
        <lane id=":0_7_0" index="0" allow="bicycle" speed="3.65" length="2.34" shape="511.10,501.60 509.90,500.80 509.50,500.00"/>
    </edge>
    <edge id=":0_18" function="internal">
        <lane id=":0_18_0" index="0" allow="bicycle" speed="9.51" length="4.38" shape="499.02,493.24 498.40,488.90"/>
    </edge>
    <edge id=":0_19" function="internal">
        <lane id=":0_19_0" index="0" allow="bicycle" speed="3.65" length="2.34" shape="509.50,500.00 509.90,499.20 511.10,498.40"/>
    </edge>
    <edge id=":0_8" function="internal">
        <lane id=":0_8_0" index="0" allow="bicycle" speed="7.02" length="10.69" shape="508.00,488.90 508.19,493.06 508.77,496.02 509.74,497.81 511.10,498.40"/>
    </edge>
    <edge id=":0_9" function="internal">
        <lane id=":0_9_0" index="0" allow="bicycle" speed="12.50" length="22.47" shape="504.80,488.90 504.30,496.40 503.20,502.33 502.10,507.10 501.60,511.10"/>
    </edge>
    <edge id=":0_10" function="internal">
        <lane id=":0_10_0" index="0" allow="bicycle" speed="9.51" length="16.10" shape="501.60,488.90 500.81,494.46 498.43,498.42 494.46,500.81 493.24,500.98"/>
    </edge>
    <edge id=":0_11" function="internal">
        <lane id=":0_11_0" index="0" allow="bicycle" speed="3.65" length="2.34" shape="501.60,488.90 500.80,490.10 500.00,490.50"/>
    </edge>
    <edge id=":0_20" function="internal">
        <lane id=":0_20_0" index="0" allow="bicycle" speed="9.51" length="4.38" shape="493.24,500.98 488.90,501.60"/>
    </edge>
    <edge id=":0_21" function="internal">
        <lane id=":0_21_0" index="0" allow="bicycle" speed="3.65" length="2.34" shape="500.00,490.50 499.20,490.10 498.40,488.90"/>
    </edge>
    <edge id=":0_12" function="internal">
        <lane id=":0_12_0" index="0" allow="bicycle" speed="7.02" length="10.69" shape="488.90,492.00 493.06,491.81 496.02,491.23 497.81,490.26 498.40,488.90"/>
    </edge>
    <edge id=":0_13" function="internal">
        <lane id=":0_13_0" index="0" allow="bicycle" speed="12.50" length="22.47" shape="488.90,495.20 496.40,495.70 502.33,496.80 507.10,497.90 511.10,498.40"/>
    </edge>
    <edge id=":0_14" function="internal">
        <lane id=":0_14_0" index="0" allow="bicycle" speed="9.51" length="16.10" shape="488.90,498.40 494.46,499.19 498.42,501.57 500.81,505.54 500.98,506.76"/>
    </edge>
    <edge id=":0_15" function="internal">
        <lane id=":0_15_0" index="0" allow="bicycle" speed="3.65" length="2.34" shape="488.90,498.40 490.10,499.20 490.50,500.00"/>
    </edge>
    <edge id=":0_22" function="internal">
        <lane id=":0_22_0" index="0" allow="bicycle" speed="9.51" length="4.38" shape="500.98,506.76 501.60,511.10"/>
    </edge>
    <edge id=":0_23" function="internal">
        <lane id=":0_23_0" index="0" allow="bicycle" speed="3.65" length="2.34" shape="490.50,500.00 490.10,500.80 488.90,501.60"/>
    </edge>
    <edge id=":1_0" function="internal">
        <lane id=":1_0_0" index="0" speed="3.65" length="4.67" shape="0.00,501.60 -1.20,500.80 -1.60,500.00 -1.20,499.20 0.00,498.40"/>
    </edge>
    <edge id=":2_0" function="internal">
        <lane id=":2_0_0" index="0" speed="3.65" length="4.67" shape="1000.00,498.40 1001.20,499.20 1001.60,500.00 1001.20,500.80 1000.00,501.60"/>
    </edge>
    <edge id=":3_0" function="internal">
        <lane id=":3_0_0" index="0" speed="3.65" length="4.67" shape="498.40,0.00 499.20,-1.20 500.00,-1.60 500.80,-1.20 501.60,0.00"/>
    </edge>
    <edge id=":4_0" function="internal">
        <lane id=":4_0_0" index="0" speed="3.65" length="4.67" shape="501.60,1000.00 500.80,1001.20 500.00,1001.60 499.20,1001.20 498.40,1000.00"/>
    </edge>
    <edge id=":m1_0" function="internal">
        <lane id=":m1_0_0" index="0" speed="12.50" length="8.27" shape="246.00,495.20 248.46,494.70 250.00,493.60 251.54,492.50 254.00,492.00"/>
        <lane id=":m1_0_1" index="1" speed="12.50" length="8.27" shape="246.00,495.20 254.00,495.20"/>
        <lane id=":m1_0_2" index="2" speed="12.50" length="8.27" shape="246.00,498.40 254.00,498.40"/>
    </edge>
    <edge id=":m2_0" function="internal">
        <lane id=":m2_0_0" index="0" speed="12.50" length="8.27" shape="754.00,504.80 751.54,505.30 750.00,506.40 748.46,507.50 746.00,508.00"/>
        <lane id=":m2_0_1" index="1" speed="12.50" length="8.27" shape="754.00,504.80 746.00,504.80"/>
        <lane id=":m2_0_2" index="2" speed="12.50" length="8.27" shape="754.00,501.60 746.00,501.60"/>
    </edge>
    <edge id=":m3_0" function="internal">
        <lane id=":m3_0_0" index="0" speed="12.50" length="8.27" shape="504.80,246.00 505.30,248.46 506.40,250.00 507.50,251.54 508.00,254.00"/>
        <lane id=":m3_0_1" index="1" speed="12.50" length="8.27" shape="504.80,246.00 504.80,254.00"/>
        <lane id=":m3_0_2" index="2" speed="12.50" length="8.27" shape="501.60,246.00 501.60,254.00"/>
    </edge>
    <edge id=":m4_0" function="internal">
        <lane id=":m4_0_0" index="0" speed="12.50" length="8.27" shape="495.20,754.00 494.70,751.54 493.60,750.00 492.50,748.46 492.00,746.00"/>
        <lane id=":m4_0_1" index="1" speed="12.50" length="8.27" shape="495.20,754.00 495.20,746.00"/>
        <lane id=":m4_0_2" index="2" speed="12.50" length="8.27" shape="498.40,754.00 498.40,746.00"/>
    </edge>

    <edge id="1fi" from="1" to="m1" priority="2" type="b">
        <lane id="1fi_0" index="0" speed="11.11" length="246.00" shape="0.00,495.20 246.00,495.20"/>
        <lane id="1fi_1" index="1" speed="11.11" length="246.00" shape="0.00,498.40 246.00,498.40"/>
    </edge>
    <edge id="1o" from="0" to="1" priority="1" type="c">
        <lane id="1o_0" index="0" allow="bicycle" speed="11.11" length="488.90" shape="488.90,501.60 0.00,501.60"/>
    </edge>
    <edge id="1si" from="m1" to="0" priority="3" type="a">
        <lane id="1si_0" index="0" speed="13.89" length="234.90" shape="254.00,492.00 488.90,492.00"/>
        <lane id="1si_1" index="1" speed="13.89" length="234.90" shape="254.00,495.20 488.90,495.20"/>
        <lane id="1si_2" index="2" speed="13.89" length="234.90" shape="254.00,498.40 488.90,498.40"/>
    </edge>
    <edge id="2fi" from="2" to="m2" priority="2" type="b">
        <lane id="2fi_0" index="0" speed="11.11" length="246.00" shape="1000.00,504.80 754.00,504.80"/>
        <lane id="2fi_1" index="1" speed="11.11" length="246.00" shape="1000.00,501.60 754.00,501.60"/>
    </edge>
    <edge id="2o" from="0" to="2" priority="1" type="c">
        <lane id="2o_0" index="0" allow="bicycle" speed="11.11" length="488.90" shape="511.10,498.40 1000.00,498.40"/>
    </edge>
    <edge id="2si" from="m2" to="0" priority="3" type="a">
        <lane id="2si_0" index="0" speed="13.89" length="234.90" shape="746.00,508.00 511.10,508.00"/>
        <lane id="2si_1" index="1" speed="13.89" length="234.90" shape="746.00,504.80 511.10,504.80"/>
        <lane id="2si_2" index="2" speed="13.89" length="234.90" shape="746.00,501.60 511.10,501.60"/>
    </edge>
    <edge id="3fi" from="3" to="m3" priority="2" type="b">
        <lane id="3fi_0" index="0" speed="11.11" length="246.00" shape="504.80,0.00 504.80,246.00"/>
        <lane id="3fi_1" index="1" speed="11.11" length="246.00" shape="501.60,0.00 501.60,246.00"/>
    </edge>
    <edge id="3o" from="0" to="3" priority="1" type="c">
        <lane id="3o_0" index="0" allow="bicycle" speed="11.11" length="488.90" shape="498.40,488.90 498.40,0.00"/>
    </edge>
    <edge id="3si" from="m3" to="0" priority="3" type="a">
        <lane id="3si_0" index="0" speed="13.89" length="234.90" shape="508.00,254.00 508.00,488.90"/>
        <lane id="3si_1" index="1" speed="13.89" length="234.90" shape="504.80,254.00 504.80,488.90"/>
        <lane id="3si_2" index="2" speed="13.89" length="234.90" shape="501.60,254.00 501.60,488.90"/>
    </edge>
    <edge id="4fi" from="4" to="m4" priority="2" type="b">
        <lane id="4fi_0" index="0" speed="11.11" length="246.00" shape="495.20,1000.00 495.20,754.00"/>
        <lane id="4fi_1" index="1" speed="11.11" length="246.00" shape="498.40,1000.00 498.40,754.00"/>
    </edge>
    <edge id="4o" from="0" to="4" priority="1" type="c">
        <lane id="4o_0" index="0" allow="bicycle" speed="11.11" length="488.90" shape="501.60,511.10 501.60,1000.00"/>
    </edge>
    <edge id="4si" from="m4" to="0" priority="3" type="a">
        <lane id="4si_0" index="0" speed="13.89" length="234.90" shape="492.00,746.00 492.00,511.10"/>
        <lane id="4si_1" index="1" speed="13.89" length="234.90" shape="495.20,746.00 495.20,511.10"/>
        <lane id="4si_2" index="2" speed="13.89" length="234.90" shape="498.40,746.00 498.40,511.10"/>
    </edge>

    <tlLogic id="0" type="static" programID="0" offset="0">
        <phase duration="33" state="GGggrrrrGGggrrrr"/>
        <phase duration="3"  state="yyggrrrryyggrrrr"/>
        <phase duration="6"  state="rrGGrrrrrrGGrrrr"/>
        <phase duration="3"  state="rryyrrrrrryyrrrr"/>
        <phase duration="33" state="rrrrGGggrrrrGGgg"/>
        <phase duration="3"  state="rrrryyggrrrryygg"/>
        <phase duration="6"  state="rrrrrrGGrrrrrrGG"/>
        <phase duration="3"  state="rrrrrryyrrrrrryy"/>
    </tlLogic>

    <junction id="0" type="traffic_light" x="500.00" y="500.00" incLanes="4si_0 4si_1 4si_2 2si_0 2si_1 2si_2 3si_0 3si_1 3si_2 1si_0 1si_1 1si_2" intLanes=":0_0_0 :0_1_0 :0_16_0 :0_17_0 :0_4_0 :0_5_0 :0_18_0 :0_19_0 :0_8_0 :0_9_0 :0_20_0 :0_21_0 :0_12_0 :0_13_0 :0_22_0 :0_23_0" shape="490.40,511.10 503.20,511.10 504.08,510.27 505.18,509.98 506.71,509.77 508.69,509.64 511.10,509.60 511.10,496.80 510.27,495.92 509.98,494.82 509.77,493.29 509.64,491.31 509.60,488.90 496.80,488.90 495.92,489.73 494.82,490.02 493.29,490.23 491.31,490.36 488.90,490.40 488.90,503.20 489.73,504.08 490.02,505.18 490.23,506.71 490.36,508.69">
        <request index="0"  response="0000000000000000" foes="1000010000100000" cont="0"/>
        <request index="1"  response="0100000001000000" foes="0111110001100000" cont="0"/>
        <request index="2"  response="0100001101000000" foes="0110001111100000" cont="1"/>
        <request index="3"  response="0100001000010000" foes="0100001000010000" cont="1"/>
        <request index="4"  response="0000001000000000" foes="0100001000001000" cont="0"/>
        <request index="5"  response="0000011000000111" foes="1100011000000111" cont="0"/>
        <request index="6"  response="0011011000000110" foes="0011111000000110" cont="1"/>
        <request index="7"  response="0010000100000100" foes="0010000100000100" cont="1"/>
        <request index="8"  response="0000000000000000" foes="0010000010000100" cont="0"/>
        <request index="9"  response="0100000001000000" foes="0110000001111100" cont="0"/>
        <request index="10" response="0100000001000011" foes="1110000001100011" cont="1"/>
        <request index="11" response="0001000001000010" foes="0001000001000010" cont="1"/>
        <request index="12" response="0000000000000010" foes="0000100001000010" cont="0"/>
        <request index="13" response="0000011100000110" foes="0000011111000110" cont="0"/>
        <request index="14" response="0000011000110110" foes="0000011000111110" cont="1"/>
        <request index="15" response="0000010000100001" foes="0000010000100001" cont="1"/>
    </junction>
    <junction id="1" type="priority" x="0.00" y="500.00" incLanes="1o_0" intLanes=":1_0_0" shape="0.00,500.00 0.00,503.20 0.00,500.00">
        <request index="0" response="0" foes="0" cont="0"/>
    </junction>
    <junction id="2" type="priority" x="1000.00" y="500.00" incLanes="2o_0" intLanes=":2_0_0" shape="1000.00,500.00 1000.00,496.80 1000.00,500.00">
        <request index="0" response="0" foes="0" cont="0"/>
    </junction>
    <junction id="3" type="priority" x="500.00" y="0.00" incLanes="3o_0" intLanes=":3_0_0" shape="500.00,0.00 496.80,0.00 500.00,0.00">
        <request index="0" response="0" foes="0" cont="0"/>
    </junction>
    <junction id="4" type="priority" x="500.00" y="1000.00" incLanes="4o_0" intLanes=":4_0_0" shape="500.00,1000.00 503.20,1000.00 500.00,1000.00">
        <request index="0" response="0" foes="0" cont="0"/>
    </junction>
    <junction id="m1" type="priority" x="250.00" y="500.00" incLanes="1fi_0 1fi_1" intLanes=":m1_0_0 :m1_0_1 :m1_0_2" shape="254.00,500.00 254.00,490.40 250.97,491.23 249.03,492.77 247.79,493.36 246.00,493.60 246.00,500.00">
        <request index="0" response="000" foes="000" cont="0"/>
        <request index="1" response="000" foes="000" cont="0"/>
        <request index="2" response="000" foes="000" cont="0"/>
    </junction>
    <junction id="m2" type="priority" x="750.00" y="500.00" incLanes="2fi_0 2fi_1" intLanes=":m2_0_0 :m2_0_1 :m2_0_2" shape="754.00,506.40 754.00,500.00 746.00,500.00 746.00,509.60 749.03,508.77 750.97,507.23 752.21,506.64">
        <request index="0" response="000" foes="000" cont="0"/>
        <request index="1" response="000" foes="000" cont="0"/>
        <request index="2" response="000" foes="000" cont="0"/>
    </junction>
    <junction id="m3" type="priority" x="500.00" y="250.00" incLanes="3fi_0 3fi_1" intLanes=":m3_0_0 :m3_0_1 :m3_0_2" shape="500.00,254.00 509.60,254.00 508.77,250.97 507.23,249.03 506.64,247.79 506.40,246.00 500.00,246.00">
        <request index="0" response="000" foes="000" cont="0"/>
        <request index="1" response="000" foes="000" cont="0"/>
        <request index="2" response="000" foes="000" cont="0"/>
    </junction>
    <junction id="m4" type="priority" x="500.00" y="750.00" incLanes="4fi_0 4fi_1" intLanes=":m4_0_0 :m4_0_1 :m4_0_2" shape="493.60,754.00 500.00,754.00 500.00,746.00 490.40,746.00 491.23,749.03 492.77,750.97 493.36,752.21">
        <request index="0" response="000" foes="000" cont="0"/>
        <request index="1" response="000" foes="000" cont="0"/>
        <request index="2" response="000" foes="000" cont="0"/>
    </junction>

    <junction id=":0_16_0" type="internal" x="506.76" y="499.02" incLanes=":0_2_0 3si_0 3si_1" intLanes=":0_5_0 :0_6_0 :0_7_0 :0_8_0 :0_9_0 :0_13_0 :0_14_0"/>
    <junction id=":0_17_0" type="internal" x="500.00" y="509.50" incLanes=":0_3_0 1si_2 2si_0 3si_1" intLanes=":0_4_0 :0_9_0 :0_14_0"/>
    <junction id=":0_18_0" type="internal" x="499.02" y="493.24" incLanes=":0_6_0 1si_0 1si_1" intLanes=":0_1_0 :0_2_0 :0_9_0 :0_10_0 :0_11_0 :0_12_0 :0_13_0"/>
    <junction id=":0_19_0" type="internal" x="509.50" y="500.00" incLanes=":0_7_0 1si_1 3si_0 4si_2" intLanes=":0_2_0 :0_8_0 :0_13_0"/>
    <junction id=":0_20_0" type="internal" x="493.24" y="500.98" incLanes=":0_10_0 4si_0 4si_1" intLanes=":0_0_0 :0_1_0 :0_5_0 :0_6_0 :0_13_0 :0_14_0 :0_15_0"/>
    <junction id=":0_21_0" type="internal" x="500.00" y="490.50" incLanes=":0_11_0 1si_0 2si_2 4si_1" intLanes=":0_1_0 :0_6_0 :0_12_0"/>
    <junction id=":0_22_0" type="internal" x="500.98" y="506.76" incLanes=":0_14_0 2si_0 2si_1" intLanes=":0_1_0 :0_2_0 :0_3_0 :0_4_0 :0_5_0 :0_9_0 :0_10_0"/>
    <junction id=":0_23_0" type="internal" x="490.50" y="500.00" incLanes=":0_15_0 2si_1 3si_2 4si_0" intLanes=":0_0_0 :0_5_0 :0_10_0"/>

    <connection from="1fi" to="1si" fromLane="0" toLane="0" via=":m1_0_0" dir="s" state="M"/>
    <connection from="1fi" to="1si" fromLane="0" toLane="1" via=":m1_0_1" dir="s" state="M"/>
    <connection from="1fi" to="1si" fromLane="1" toLane="2" via=":m1_0_2" dir="s" state="M"/>
    <connection from="1o" to="1fi" fromLane="0" toLane="1" via=":1_0_0" dir="t" state="M"/>
    <connection from="1si" to="3o" fromLane="0" toLane="0" via=":0_12_0" tl="0" linkIndex="12" dir="r" state="o"/>
    <connection from="1si" to="2o" fromLane="1" toLane="0" via=":0_13_0" tl="0" linkIndex="13" dir="s" state="o"/>
    <connection from="1si" to="4o" fromLane="2" toLane="0" via=":0_14_0" tl="0" linkIndex="14" dir="l" state="o"/>
    <connection from="1si" to="1o" fromLane="2" toLane="0" via=":0_15_0" tl="0" linkIndex="15" dir="t" state="o"/>
    <connection from="2fi" to="2si" fromLane="0" toLane="0" via=":m2_0_0" dir="s" state="M"/>
    <connection from="2fi" to="2si" fromLane="0" toLane="1" via=":m2_0_1" dir="s" state="M"/>
    <connection from="2fi" to="2si" fromLane="1" toLane="2" via=":m2_0_2" dir="s" state="M"/>
    <connection from="2o" to="2fi" fromLane="0" toLane="1" via=":2_0_0" dir="t" state="M"/>
    <connection from="2si" to="4o" fromLane="0" toLane="0" via=":0_4_0" tl="0" linkIndex="4" dir="r" state="o"/>
    <connection from="2si" to="1o" fromLane="1" toLane="0" via=":0_5_0" tl="0" linkIndex="5" dir="s" state="o"/>
    <connection from="2si" to="3o" fromLane="2" toLane="0" via=":0_6_0" tl="0" linkIndex="6" dir="l" state="o"/>
    <connection from="2si" to="2o" fromLane="2" toLane="0" via=":0_7_0" tl="0" linkIndex="7" dir="t" state="o"/>
    <connection from="3fi" to="3si" fromLane="0" toLane="0" via=":m3_0_0" dir="s" state="M"/>
    <connection from="3fi" to="3si" fromLane="0" toLane="1" via=":m3_0_1" dir="s" state="M"/>
    <connection from="3fi" to="3si" fromLane="1" toLane="2" via=":m3_0_2" dir="s" state="M"/>
    <connection from="3o" to="3fi" fromLane="0" toLane="1" via=":3_0_0" dir="t" state="M"/>
    <connection from="3si" to="2o" fromLane="0" toLane="0" via=":0_8_0" tl="0" linkIndex="8" dir="r" state="O"/>
    <connection from="3si" to="4o" fromLane="1" toLane="0" via=":0_9_0" tl="0" linkIndex="9" dir="s" state="O"/>
    <connection from="3si" to="1o" fromLane="2" toLane="0" via=":0_10_0" tl="0" linkIndex="10" dir="l" state="o"/>
    <connection from="3si" to="3o" fromLane="2" toLane="0" via=":0_11_0" tl="0" linkIndex="11" dir="t" state="o"/>
    <connection from="4fi" to="4si" fromLane="0" toLane="0" via=":m4_0_0" dir="s" state="M"/>
    <connection from="4fi" to="4si" fromLane="0" toLane="1" via=":m4_0_1" dir="s" state="M"/>
    <connection from="4fi" to="4si" fromLane="1" toLane="2" via=":m4_0_2" dir="s" state="M"/>
    <connection from="4o" to="4fi" fromLane="0" toLane="1" via=":4_0_0" dir="t" state="M"/>
    <connection from="4si" to="1o" fromLane="0" toLane="0" via=":0_0_0" tl="0" linkIndex="0" dir="r" state="O"/>
    <connection from="4si" to="3o" fromLane="1" toLane="0" via=":0_1_0" tl="0" linkIndex="1" dir="s" state="O"/>
    <connection from="4si" to="2o" fromLane="2" toLane="0" via=":0_2_0" tl="0" linkIndex="2" dir="l" state="o"/>
    <connection from="4si" to="4o" fromLane="2" toLane="0" via=":0_3_0" tl="0" linkIndex="3" dir="t" state="o"/>

    <connection from=":0_0" to="1o" fromLane="0" toLane="0" dir="r" state="M"/>
    <connection from=":0_1" to="3o" fromLane="0" toLane="0" dir="s" state="M"/>
    <connection from=":0_2" to="2o" fromLane="0" toLane="0" via=":0_16_0" dir="l" state="m"/>
    <connection from=":0_16" to="2o" fromLane="0" toLane="0" dir="l" state="M"/>
    <connection from=":0_3" to="4o" fromLane="0" toLane="0" via=":0_17_0" dir="t" state="m"/>
    <connection from=":0_17" to="4o" fromLane="0" toLane="0" dir="t" state="M"/>
    <connection from=":0_4" to="4o" fromLane="0" toLane="0" dir="r" state="M"/>
    <connection from=":0_5" to="1o" fromLane="0" toLane="0" dir="s" state="M"/>
    <connection from=":0_6" to="3o" fromLane="0" toLane="0" via=":0_18_0" dir="l" state="m"/>
    <connection from=":0_18" to="3o" fromLane="0" toLane="0" dir="l" state="M"/>
    <connection from=":0_7" to="2o" fromLane="0" toLane="0" via=":0_19_0" dir="t" state="m"/>
    <connection from=":0_19" to="2o" fromLane="0" toLane="0" dir="t" state="M"/>
    <connection from=":0_8" to="2o" fromLane="0" toLane="0" dir="r" state="M"/>
    <connection from=":0_9" to="4o" fromLane="0" toLane="0" dir="s" state="M"/>
    <connection from=":0_10" to="1o" fromLane="0" toLane="0" via=":0_20_0" dir="l" state="m"/>
    <connection from=":0_20" to="1o" fromLane="0" toLane="0" dir="l" state="M"/>
    <connection from=":0_11" to="3o" fromLane="0" toLane="0" via=":0_21_0" dir="t" state="m"/>
    <connection from=":0_21" to="3o" fromLane="0" toLane="0" dir="t" state="M"/>
    <connection from=":0_12" to="3o" fromLane="0" toLane="0" dir="r" state="M"/>
    <connection from=":0_13" to="2o" fromLane="0" toLane="0" dir="s" state="M"/>
    <connection from=":0_14" to="4o" fromLane="0" toLane="0" via=":0_22_0" dir="l" state="m"/>
    <connection from=":0_22" to="4o" fromLane="0" toLane="0" dir="l" state="M"/>
    <connection from=":0_15" to="1o" fromLane="0" toLane="0" via=":0_23_0" dir="t" state="m"/>
    <connection from=":0_23" to="1o" fromLane="0" toLane="0" dir="t" state="M"/>
    <connection from=":1_0" to="1fi" fromLane="0" toLane="1" dir="t" state="M"/>
    <connection from=":2_0" to="2fi" fromLane="0" toLane="1" dir="t" state="M"/>
    <connection from=":3_0" to="3fi" fromLane="0" toLane="1" dir="t" state="M"/>
    <connection from=":4_0" to="4fi" fromLane="0" toLane="1" dir="t" state="M"/>
    <connection from=":m1_0" to="1si" fromLane="0" toLane="0" dir="s" state="M"/>
    <connection from=":m1_0" to="1si" fromLane="1" toLane="1" dir="s" state="M"/>
    <connection from=":m1_0" to="1si" fromLane="2" toLane="2" dir="s" state="M"/>
    <connection from=":m2_0" to="2si" fromLane="0" toLane="0" dir="s" state="M"/>
    <connection from=":m2_0" to="2si" fromLane="1" toLane="1" dir="s" state="M"/>
    <connection from=":m2_0" to="2si" fromLane="2" toLane="2" dir="s" state="M"/>
    <connection from=":m3_0" to="3si" fromLane="0" toLane="0" dir="s" state="M"/>
    <connection from=":m3_0" to="3si" fromLane="1" toLane="1" dir="s" state="M"/>
    <connection from=":m3_0" to="3si" fromLane="2" toLane="2" dir="s" state="M"/>
    <connection from=":m4_0" to="4si" fromLane="0" toLane="0" dir="s" state="M"/>
    <connection from=":m4_0" to="4si" fromLane="1" toLane="1" dir="s" state="M"/>
    <connection from=":m4_0" to="4si" fromLane="2" toLane="2" dir="s" state="M"/>

</net>
