<?xml version="1.0" encoding="UTF-8"?>

<!-- generated on Thu Apr 18 00:13:40 2019 by Eclipse SUMO Version v1_2_0+0017-2a947141e5
<configuration xmlns:xsi="http://www.w3.org/2001/XMLSchema-instance" xsi:noNamespaceSchemaLocation="http://sumo.dlr.de/xsd/sumoConfiguration.xsd">

    <input>
        <net-file value="input_net.net.xml"/>
        <route-files value="input_trips_000.rou.xml"/>
        <additional-files value="dua_dump_000.add.xml"/>
    </input>

    <output>
        <summary-output value="summary_000.xml"/>
        <tripinfo-output value="tripinfo_000.xml"/>
    </output>

    <time>
        <begin value="0"/>
    </time>

    <processing>
        <route-steps value="200"/>
        <no-internal-links value="false"/>
        <time-to-teleport value="300"/>
        <time-to-teleport.highways value="0"/>
        <eager-insert value="false"/>
    </processing>

    <report>
        <verbose value="true"/>
        <no-warnings value="false"/>
        <log value="iteration_000.sumo.log"/>
        <no-step-log value="true"/>
    </report>

    <random_number>
        <random value="false"/>
    </random_number>

</configuration>
-->

<meandata xmlns:xsi="http://www.w3.org/2001/XMLSchema-instance" xsi:noNamespaceSchemaLocation="http://sumo.dlr.de/xsd/meandata_file.xsd">
    <interval begin="0.00" end="244.00" id="dump_000_900">
        <edge id="beg" sampledSeconds="243.16" traveltime="24.19" overlapTraveltime="24.56" density="1.99" occupancy="0.49" waitingTime="0.00" speed="20.56" departed="10" arrived="0" entered="0" left="10" laneChangedFrom="0" laneChangedTo="0"/>
        <edge id="end" sampledSeconds="202.39" traveltime="20.05" overlapTraveltime="20.24" density="1.66" occupancy="0.41" waitingTime="0.00" speed="24.95" departed="0" arrived="0" entered="10" left="10" laneChangedFrom="1" laneChangedTo="1"/>
        <edge id="middle" sampledSeconds="765.30" traveltime="76.16" overlapTraveltime="76.53" density="3.14" occupancy="1.56" waitingTime="0.00" speed="13.13" departed="0" arrived="0" entered="10" left="10" laneChangedFrom="0" laneChangedTo="0"/>
        <edge id="rend" sampledSeconds="188.90" traveltime="18.75" overlapTraveltime="18.94" density="1.55" occupancy="0.38" waitingTime="0.00" speed="26.67" departed="0" arrived="10" entered="10" left="0" laneChangedFrom="0" laneChangedTo="0"/>
    </interval>
</meandata>
