<?xml version="1.0" encoding="UTF-8"?>

<!-- generated on Thu Apr 18 00:13:40 2019 by Eclipse SUMO Version v1_2_0+0017-2a947141e5
<configuration xmlns:xsi="http://www.w3.org/2001/XMLSchema-instance" xsi:noNamespaceSchemaLocation="http://sumo.dlr.de/xsd/sumoConfiguration.xsd">

    <input>
        <net-file value="input_net.net.xml"/>
        <route-files value="input_trips_003.rou.xml"/>
        <additional-files value="dua_dump_003.add.xml"/>
    </input>

    <output>
        <summary-output value="summary_003.xml"/>
        <tripinfo-output value="tripinfo_003.xml"/>
    </output>

    <time>
        <begin value="0"/>
    </time>

    <processing>
        <route-steps value="200"/>
        <no-internal-links value="false"/>
        <time-to-teleport value="300"/>
        <time-to-teleport.highways value="0"/>
        <eager-insert value="false"/>
    </processing>

    <report>
        <verbose value="true"/>
        <no-warnings value="false"/>
        <log value="iteration_003.sumo.log"/>
        <no-step-log value="true"/>
    </report>

    <random_number>
        <random value="false"/>
    </random_number>

</configuration>
-->

<summary xmlns:xsi="http://www.w3.org/2001/XMLSchema-instance" xsi:noNamespaceSchemaLocation="http://sumo.dlr.de/xsd/summary_file.xsd">
    <step time="0.00" loaded="2" inserted="1" running="1" waiting="0" ended="0" arrived="0" collisions="0" teleports="0" halting="1" meanWaitingTime="0.00" meanTravelTime="-1.00" meanSpeed="0.00" meanSpeedRelative="0.00" duration="1555539220589"/>
    <step time="1.00" loaded="2" inserted="1" running="1" waiting="0" ended="0" arrived="0" collisions="0" teleports="0" halting="0" meanWaitingTime="0.00" meanTravelTime="-1.00" meanSpeed="2.60" meanSpeedRelative="0.09" duration="1555539220589"/>
    <step time="2.00" loaded="2" inserted="1" running="1" waiting="0" ended="0" arrived="0" collisions="0" teleports="0" halting="0" meanWaitingTime="0.00" meanTravelTime="-1.00" meanSpeed="5.20" meanSpeedRelative="0.19" duration="1555539220589"/>
    <step time="3.00" loaded="2" inserted="1" running="1" waiting="0" ended="0" arrived="0" collisions="0" teleports="0" halting="0" meanWaitingTime="0.00" meanTravelTime="-1.00" meanSpeed="7.80" meanSpeedRelative="0.28" duration="1555539220589"/>
    <step time="4.00" loaded="2" inserted="1" running="1" waiting="0" ended="0" arrived="0" collisions="0" teleports="0" halting="0" meanWaitingTime="0.00" meanTravelTime="-1.00" meanSpeed="10.40" meanSpeedRelative="0.37" duration="1555539220589"/>
    <step time="5.00" loaded="2" inserted="1" running="1" waiting="0" ended="0" arrived="0" collisions="0" teleports="0" halting="0" meanWaitingTime="0.00" meanTravelTime="-1.00" meanSpeed="13.00" meanSpeedRelative="0.47" duration="1555539220589"/>
    <step time="6.00" loaded="2" inserted="1" running="1" waiting="0" ended="0" arrived="0" collisions="0" teleports="0" halting="0" meanWaitingTime="0.00" meanTravelTime="-1.00" meanSpeed="15.60" meanSpeedRelative="0.56" duration="1555539220589"/>
    <step time="7.00" loaded="2" inserted="1" running="1" waiting="0" ended="0" arrived="0" collisions="0" teleports="0" halting="0" meanWaitingTime="0.00" meanTravelTime="-1.00" meanSpeed="18.20" meanSpeedRelative="0.65" duration="1555539220589"/>
    <step time="8.00" loaded="2" inserted="1" running="1" waiting="0" ended="0" arrived="0" collisions="0" teleports="0" halting="0" meanWaitingTime="0.00" meanTravelTime="-1.00" meanSpeed="20.80" meanSpeedRelative="0.75" duration="1555539220589"/>
    <step time="9.00" loaded="2" inserted="1" running="1" waiting="0" ended="0" arrived="0" collisions="0" teleports="0" halting="0" meanWaitingTime="0.00" meanTravelTime="-1.00" meanSpeed="23.40" meanSpeedRelative="0.84" duration="1555539220589"/>
    <step time="10.00" loaded="10" inserted="2" running="2" waiting="0" ended="0" arrived="0" collisions="0" teleports="0" halting="1" meanWaitingTime="0.00" meanTravelTime="-1.00" meanSpeed="13.00" meanSpeedRelative="0.47" duration="1555539220589"/>
    <step time="11.00" loaded="10" inserted="2" running="2" waiting="0" ended="0" arrived="0" collisions="0" teleports="0" halting="0" meanWaitingTime="0.00" meanTravelTime="-1.00" meanSpeed="15.60" meanSpeedRelative="0.56" duration="1555539220590"/>
    <step time="12.00" loaded="10" inserted="2" running="2" waiting="0" ended="0" arrived="0" collisions="0" teleports="0" halting="0" meanWaitingTime="0.00" meanTravelTime="-1.00" meanSpeed="17.33" meanSpeedRelative="0.62" duration="1555539220590"/>
    <step time="13.00" loaded="10" inserted="2" running="2" waiting="0" ended="0" arrived="0" collisions="0" teleports="0" halting="0" meanWaitingTime="0.00" meanTravelTime="-1.00" meanSpeed="18.63" meanSpeedRelative="0.67" duration="1555539220590"/>
    <step time="14.00" loaded="10" inserted="2" running="2" waiting="0" ended="0" arrived="0" collisions="0" teleports="0" halting="0" meanWaitingTime="0.00" meanTravelTime="-1.00" meanSpeed="19.93" meanSpeedRelative="0.72" duration="1555539220590"/>
    <step time="15.00" loaded="10" inserted="2" running="2" waiting="0" ended="0" arrived="0" collisions="0" teleports="0" halting="0" meanWaitingTime="0.00" meanTravelTime="-1.00" meanSpeed="21.23" meanSpeedRelative="0.76" duration="1555539220590"/>
    <step time="16.00" loaded="10" inserted="2" running="2" waiting="0" ended="0" arrived="0" collisions="0" teleports="0" halting="0" meanWaitingTime="0.00" meanTravelTime="-1.00" meanSpeed="22.53" meanSpeedRelative="0.81" duration="1555539220590"/>
    <step time="17.00" loaded="10" inserted="2" running="2" waiting="0" ended="0" arrived="0" collisions="0" teleports="0" halting="0" meanWaitingTime="0.00" meanTravelTime="-1.00" meanSpeed="23.83" meanSpeedRelative="0.86" duration="1555539220590"/>
    <step time="18.00" loaded="10" inserted="2" running="2" waiting="0" ended="0" arrived="0" collisions="0" teleports="0" halting="0" meanWaitingTime="0.00" meanTravelTime="-1.00" meanSpeed="25.13" meanSpeedRelative="0.90" duration="1555539220590"/>
    <step time="19.00" loaded="10" inserted="2" running="2" waiting="0" ended="0" arrived="0" collisions="0" teleports="0" halting="0" meanWaitingTime="0.00" meanTravelTime="-1.00" meanSpeed="26.43" meanSpeedRelative="0.95" duration="1555539220590"/>
    <step time="20.00" loaded="10" inserted="3" running="3" waiting="0" ended="0" arrived="0" collisions="0" teleports="0" halting="1" meanWaitingTime="0.00" meanTravelTime="-1.00" meanSpeed="18.49" meanSpeedRelative="0.67" duration="1555539220590"/>
    <step time="21.00" loaded="10" inserted="3" running="3" waiting="0" ended="0" arrived="0" collisions="0" teleports="0" halting="0" meanWaitingTime="0.00" meanTravelTime="-1.00" meanSpeed="19.38" meanSpeedRelative="0.70" duration="1555539220590"/>
    <step time="22.00" loaded="10" inserted="3" running="3" waiting="0" ended="0" arrived="0" collisions="0" teleports="0" halting="0" meanWaitingTime="0.00" meanTravelTime="-1.00" meanSpeed="20.25" meanSpeedRelative="0.73" duration="1555539220590"/>
    <step time="23.00" loaded="10" inserted="3" running="3" waiting="0" ended="0" arrived="0" collisions="0" teleports="0" halting="0" meanWaitingTime="0.00" meanTravelTime="-1.00" meanSpeed="21.12" meanSpeedRelative="0.76" duration="1555539220590"/>
    <step time="24.00" loaded="10" inserted="3" running="3" waiting="0" ended="0" arrived="0" collisions="0" teleports="0" halting="0" meanWaitingTime="0.00" meanTravelTime="-1.00" meanSpeed="21.98" meanSpeedRelative="0.79" duration="1555539220590"/>
    <step time="25.00" loaded="10" inserted="3" running="3" waiting="0" ended="0" arrived="0" collisions="0" teleports="0" halting="0" meanWaitingTime="0.00" meanTravelTime="-1.00" meanSpeed="22.85" meanSpeedRelative="0.82" duration="1555539220590"/>
    <step time="26.00" loaded="10" inserted="3" running="3" waiting="0" ended="0" arrived="0" collisions="0" teleports="0" halting="0" meanWaitingTime="0.00" meanTravelTime="-1.00" meanSpeed="23.72" meanSpeedRelative="0.85" duration="1555539220590"/>
    <step time="27.00" loaded="10" inserted="3" running="3" waiting="0" ended="0" arrived="0" collisions="0" teleports="0" halting="0" meanWaitingTime="0.00" meanTravelTime="-1.00" meanSpeed="24.58" meanSpeedRelative="0.88" duration="1555539220590"/>
    <step time="28.00" loaded="10" inserted="3" running="3" waiting="0" ended="0" arrived="0" collisions="0" teleports="0" halting="0" meanWaitingTime="0.00" meanTravelTime="-1.00" meanSpeed="25.45" meanSpeedRelative="0.92" duration="1555539220590"/>
    <step time="29.00" loaded="10" inserted="3" running="3" waiting="0" ended="0" arrived="0" collisions="0" teleports="0" halting="0" meanWaitingTime="0.00" meanTravelTime="-1.00" meanSpeed="26.32" meanSpeedRelative="0.95" duration="1555539220590"/>
    <step time="30.00" loaded="10" inserted="4" running="4" waiting="0" ended="0" arrived="0" collisions="0" teleports="0" halting="1" meanWaitingTime="0.00" meanTravelTime="-1.00" meanSpeed="20.39" meanSpeedRelative="0.73" duration="1555539220590"/>
    <step time="31.00" loaded="10" inserted="4" running="4" waiting="0" ended="0" arrived="0" collisions="0" teleports="0" halting="0" meanWaitingTime="0.00" meanTravelTime="-1.00" meanSpeed="21.56" meanSpeedRelative="0.78" duration="1555539220590"/>
    <step time="32.00" loaded="10" inserted="4" running="4" waiting="0" ended="0" arrived="0" collisions="0" teleports="0" halting="0" meanWaitingTime="0.00" meanTravelTime="-1.00" meanSpeed="22.21" meanSpeedRelative="0.80" duration="1555539220590"/>
    <step time="33.00" loaded="10" inserted="4" running="4" waiting="0" ended="0" arrived="0" collisions="0" teleports="0" halting="0" meanWaitingTime="0.00" meanTravelTime="-1.00" meanSpeed="22.86" meanSpeedRelative="0.82" duration="1555539220590"/>
    <step time="34.00" loaded="10" inserted="4" running="4" waiting="0" ended="0" arrived="0" collisions="0" teleports="0" halting="0" meanWaitingTime="0.00" meanTravelTime="-1.00" meanSpeed="23.51" meanSpeedRelative="0.85" duration="1555539220590"/>
    <step time="35.00" loaded="10" inserted="4" running="4" waiting="0" ended="0" arrived="0" collisions="0" teleports="0" halting="0" meanWaitingTime="0.00" meanTravelTime="-1.00" meanSpeed="24.16" meanSpeedRelative="0.87" duration="1555539220590"/>
    <step time="36.00" loaded="10" inserted="4" running="4" waiting="0" ended="0" arrived="0" collisions="0" teleports="0" halting="0" meanWaitingTime="0.00" meanTravelTime="-1.00" meanSpeed="24.81" meanSpeedRelative="0.89" duration="1555539220590"/>
    <step time="37.00" loaded="10" inserted="4" running="4" waiting="0" ended="0" arrived="0" collisions="0" teleports="0" halting="0" meanWaitingTime="0.00" meanTravelTime="-1.00" meanSpeed="25.46" meanSpeedRelative="0.92" duration="1555539220590"/>
    <step time="38.00" loaded="10" inserted="4" running="4" waiting="0" ended="0" arrived="0" collisions="0" teleports="0" halting="0" meanWaitingTime="0.00" meanTravelTime="-1.00" meanSpeed="26.11" meanSpeedRelative="0.94" duration="1555539220590"/>
    <step time="39.00" loaded="10" inserted="4" running="4" waiting="0" ended="0" arrived="0" collisions="0" teleports="0" halting="0" meanWaitingTime="0.00" meanTravelTime="-1.00" meanSpeed="26.76" meanSpeedRelative="0.96" duration="1555539220590"/>
    <step time="40.00" loaded="10" inserted="5" running="5" waiting="0" ended="0" arrived="0" collisions="0" teleports="0" halting="1" meanWaitingTime="0.00" meanTravelTime="-1.00" meanSpeed="21.93" meanSpeedRelative="0.79" duration="1555539220590"/>
    <step time="41.00" loaded="10" inserted="5" running="5" waiting="0" ended="0" arrived="0" collisions="0" teleports="0" halting="0" meanWaitingTime="0.00" meanTravelTime="-1.00" meanSpeed="22.86" meanSpeedRelative="0.82" duration="1555539220590"/>
    <step time="42.00" loaded="10" inserted="5" running="5" waiting="0" ended="0" arrived="0" collisions="0" teleports="0" halting="0" meanWaitingTime="0.00" meanTravelTime="-1.00" meanSpeed="22.78" meanSpeedRelative="0.82" duration="1555539220590"/>
    <step time="43.00" loaded="10" inserted="5" running="5" waiting="0" ended="0" arrived="0" collisions="0" teleports="0" halting="0" meanWaitingTime="0.00" meanTravelTime="-1.00" meanSpeed="22.40" meanSpeedRelative="0.81" duration="1555539220590"/>
    <step time="44.00" loaded="10" inserted="5" running="5" waiting="0" ended="0" arrived="0" collisions="0" teleports="0" halting="0" meanWaitingTime="0.00" meanTravelTime="-1.00" meanSpeed="22.02" meanSpeedRelative="0.89" duration="1555539220590"/>
    <step time="45.00" loaded="10" inserted="5" running="5" waiting="0" ended="0" arrived="0" collisions="0" teleports="0" halting="0" meanWaitingTime="0.00" meanTravelTime="-1.00" meanSpeed="22.54" meanSpeedRelative="0.91" duration="1555539220591"/>
    <step time="46.00" loaded="10" inserted="5" running="5" waiting="0" ended="0" arrived="0" collisions="0" teleports="0" halting="0" meanWaitingTime="0.00" meanTravelTime="-1.00" meanSpeed="23.06" meanSpeedRelative="0.93" duration="1555539220591"/>
    <step time="47.00" loaded="10" inserted="5" running="5" waiting="0" ended="0" arrived="0" collisions="0" teleports="0" halting="0" meanWaitingTime="0.00" meanTravelTime="-1.00" meanSpeed="23.58" meanSpeedRelative="0.95" duration="1555539220591"/>
    <step time="48.00" loaded="10" inserted="5" running="5" waiting="0" ended="0" arrived="0" collisions="0" teleports="0" halting="0" meanWaitingTime="0.00" meanTravelTime="-1.00" meanSpeed="24.10" meanSpeedRelative="0.97" duration="1555539220591"/>
    <step time="49.00" loaded="10" inserted="5" running="5" waiting="0" ended="0" arrived="0" collisions="0" teleports="0" halting="0" meanWaitingTime="0.00" meanTravelTime="-1.00" meanSpeed="24.62" meanSpeedRelative="0.99" duration="1555539220591"/>
    <step time="50.00" loaded="10" inserted="6" running="6" waiting="0" ended="0" arrived="0" collisions="0" teleports="0" halting="1" meanWaitingTime="0.00" meanTravelTime="-1.00" meanSpeed="20.69" meanSpeedRelative="0.83" duration="1555539220591"/>
    <step time="51.00" loaded="10" inserted="6" running="6" waiting="0" ended="0" arrived="0" collisions="0" teleports="0" halting="0" meanWaitingTime="0.00" meanTravelTime="-1.00" meanSpeed="20.81" meanSpeedRelative="0.83" duration="1555539220591"/>
    <step time="52.00" loaded="10" inserted="6" running="6" waiting="0" ended="0" arrived="0" collisions="0" teleports="0" halting="0" meanWaitingTime="0.00" meanTravelTime="-1.00" meanSpeed="20.50" meanSpeedRelative="0.82" duration="1555539220591"/>
    <step time="53.00" loaded="10" inserted="6" running="6" waiting="0" ended="0" arrived="0" collisions="0" teleports="0" halting="0" meanWaitingTime="0.00" meanTravelTime="-1.00" meanSpeed="20.18" meanSpeedRelative="0.90" duration="1555539220591"/>
    <step time="54.00" loaded="10" inserted="6" running="6" waiting="0" ended="0" arrived="0" collisions="0" teleports="0" halting="0" meanWaitingTime="0.00" meanTravelTime="-1.00" meanSpeed="20.61" meanSpeedRelative="0.92" duration="1555539220591"/>
    <step time="55.00" loaded="10" inserted="6" running="6" waiting="0" ended="0" arrived="0" collisions="0" teleports="0" halting="0" meanWaitingTime="0.00" meanTravelTime="-1.00" meanSpeed="21.05" meanSpeedRelative="0.93" duration="1555539220591"/>
    <step time="56.00" loaded="10" inserted="6" running="6" waiting="0" ended="0" arrived="0" collisions="0" teleports="0" halting="0" meanWaitingTime="0.00" meanTravelTime="-1.00" meanSpeed="21.48" meanSpeedRelative="0.95" duration="1555539220591"/>
    <step time="57.00" loaded="10" inserted="6" running="6" waiting="0" ended="0" arrived="0" collisions="0" teleports="0" halting="0" meanWaitingTime="0.00" meanTravelTime="-1.00" meanSpeed="21.91" meanSpeedRelative="0.96" duration="1555539220591"/>
    <step time="58.00" loaded="10" inserted="6" running="6" waiting="0" ended="0" arrived="0" collisions="0" teleports="0" halting="0" meanWaitingTime="0.00" meanTravelTime="-1.00" meanSpeed="22.35" meanSpeedRelative="0.98" duration="1555539220591"/>
    <step time="59.00" loaded="10" inserted="6" running="6" waiting="0" ended="0" arrived="0" collisions="0" teleports="0" halting="0" meanWaitingTime="0.00" meanTravelTime="-1.00" meanSpeed="22.73" meanSpeedRelative="0.99" duration="1555539220591"/>
    <step time="60.00" loaded="10" inserted="7" running="7" waiting="0" ended="0" arrived="0" collisions="0" teleports="0" halting="1" meanWaitingTime="0.00" meanTravelTime="-1.00" meanSpeed="19.48" meanSpeedRelative="0.85" duration="1555539220591"/>
    <step time="61.00" loaded="10" inserted="7" running="7" waiting="0" ended="0" arrived="0" collisions="0" teleports="0" halting="0" meanWaitingTime="0.00" meanTravelTime="-1.00" meanSpeed="19.86" meanSpeedRelative="0.86" duration="1555539220591"/>
    <step time="62.00" loaded="10" inserted="7" running="7" waiting="0" ended="0" arrived="0" collisions="0" teleports="0" halting="0" meanWaitingTime="0.00" meanTravelTime="-1.00" meanSpeed="20.23" meanSpeedRelative="0.88" duration="1555539220591"/>
    <step time="63.00" loaded="10" inserted="7" running="7" waiting="0" ended="0" arrived="0" collisions="0" teleports="0" halting="0" meanWaitingTime="0.00" meanTravelTime="-1.00" meanSpeed="20.60" meanSpeedRelative="0.89" duration="1555539220591"/>
    <step time="64.00" loaded="10" inserted="7" running="7" waiting="0" ended="0" arrived="0" collisions="0" teleports="0" halting="0" meanWaitingTime="0.00" meanTravelTime="-1.00" meanSpeed="20.97" meanSpeedRelative="0.90" duration="1555539220591"/>
    <step time="65.00" loaded="10" inserted="7" running="7" waiting="0" ended="0" arrived="0" collisions="0" teleports="0" halting="0" meanWaitingTime="0.00" meanTravelTime="-1.00" meanSpeed="21.34" meanSpeedRelative="0.92" duration="1555539220591"/>
    <step time="66.00" loaded="10" inserted="7" running="7" waiting="0" ended="0" arrived="0" collisions="0" teleports="0" halting="0" meanWaitingTime="0.00" meanTravelTime="-1.00" meanSpeed="21.71" meanSpeedRelative="0.93" duration="1555539220591"/>
    <step time="67.00" loaded="10" inserted="7" running="7" waiting="0" ended="0" arrived="0" collisions="0" teleports="0" halting="0" meanWaitingTime="0.00" meanTravelTime="-1.00" meanSpeed="22.08" meanSpeedRelative="0.94" duration="1555539220591"/>
    <step time="68.00" loaded="10" inserted="7" running="7" waiting="0" ended="0" arrived="0" collisions="0" teleports="0" halting="0" meanWaitingTime="0.00" meanTravelTime="-1.00" meanSpeed="22.46" meanSpeedRelative="0.96" duration="1555539220591"/>
    <step time="69.00" loaded="10" inserted="7" running="7" waiting="0" ended="0" arrived="0" collisions="0" teleports="0" halting="0" meanWaitingTime="0.00" meanTravelTime="-1.00" meanSpeed="22.83" meanSpeedRelative="0.97" duration="1555539220591"/>
    <step time="70.00" loaded="10" inserted="8" running="8" waiting="0" ended="0" arrived="0" collisions="0" teleports="0" halting="1" meanWaitingTime="0.00" meanTravelTime="-1.00" meanSpeed="20.30" meanSpeedRelative="0.86" duration="1555539220591"/>
    <step time="71.00" loaded="10" inserted="8" running="8" waiting="0" ended="0" arrived="0" collisions="0" teleports="0" halting="0" meanWaitingTime="0.00" meanTravelTime="-1.00" meanSpeed="20.95" meanSpeedRelative="0.88" duration="1555539220591"/>
    <step time="72.00" loaded="10" inserted="8" running="8" waiting="0" ended="0" arrived="0" collisions="0" teleports="0" halting="0" meanWaitingTime="0.00" meanTravelTime="-1.00" meanSpeed="21.33" meanSpeedRelative="0.90" duration="1555539220591"/>
    <step time="73.00" loaded="10" inserted="8" running="8" waiting="0" ended="0" arrived="0" collisions="0" teleports="0" halting="0" meanWaitingTime="0.00" meanTravelTime="-1.00" meanSpeed="21.66" meanSpeedRelative="0.91" duration="1555539220591"/>
    <step time="74.00" loaded="10" inserted="8" running="8" waiting="0" ended="0" arrived="0" collisions="0" teleports="0" halting="0" meanWaitingTime="0.00" meanTravelTime="-1.00" meanSpeed="21.94" meanSpeedRelative="0.92" duration="1555539220591"/>
    <step time="75.00" loaded="10" inserted="8" running="8" waiting="0" ended="0" arrived="0" collisions="0" teleports="0" halting="0" meanWaitingTime="0.00" meanTravelTime="-1.00" meanSpeed="21.70" meanSpeedRelative="0.91" duration="1555539220591"/>
    <step time="76.00" loaded="10" inserted="8" running="8" waiting="0" ended="0" arrived="0" collisions="0" teleports="0" halting="0" meanWaitingTime="0.00" meanTravelTime="-1.00" meanSpeed="21.46" meanSpeedRelative="0.90" duration="1555539220591"/>
    <step time="77.00" loaded="10" inserted="8" running="8" waiting="0" ended="0" arrived="0" collisions="0" teleports="0" halting="0" meanWaitingTime="0.00" meanTravelTime="-1.00" meanSpeed="21.51" meanSpeedRelative="0.96" duration="1555539220591"/>
    <step time="78.00" loaded="10" inserted="8" running="8" waiting="0" ended="0" arrived="0" collisions="0" teleports="0" halting="0" meanWaitingTime="0.00" meanTravelTime="-1.00" meanSpeed="21.84" meanSpeedRelative="0.97" duration="1555539220591"/>
    <step time="79.00" loaded="10" inserted="8" running="8" waiting="0" ended="0" arrived="0" collisions="0" teleports="0" halting="0" meanWaitingTime="0.00" meanTravelTime="-1.00" meanSpeed="22.16" meanSpeedRelative="0.98" duration="1555539220591"/>
    <step time="80.00" loaded="10" inserted="9" running="9" waiting="0" ended="0" arrived="0" collisions="0" teleports="0" halting="1" meanWaitingTime="0.00" meanTravelTime="-1.00" meanSpeed="19.84" meanSpeedRelative="0.88" duration="1555539220591"/>
    <step time="81.00" loaded="10" inserted="9" running="9" waiting="0" ended="0" arrived="0" collisions="0" teleports="0" halting="0" meanWaitingTime="0.00" meanTravelTime="-1.00" meanSpeed="20.13" meanSpeedRelative="0.89" duration="1555539220591"/>
    <step time="82.00" loaded="10" inserted="9" running="9" waiting="0" ended="0" arrived="0" collisions="0" teleports="0" halting="0" meanWaitingTime="0.00" meanTravelTime="-1.00" meanSpeed="20.42" meanSpeedRelative="0.90" duration="1555539220591"/>
    <step time="83.00" loaded="10" inserted="9" running="9" waiting="0" ended="0" arrived="0" collisions="0" teleports="0" halting="0" meanWaitingTime="0.00" meanTravelTime="-1.00" meanSpeed="20.70" meanSpeedRelative="0.91" duration="1555539220591"/>
    <step time="84.00" loaded="10" inserted="9" running="9" waiting="0" ended="0" arrived="0" collisions="0" teleports="0" halting="0" meanWaitingTime="0.00" meanTravelTime="-1.00" meanSpeed="20.99" meanSpeedRelative="0.92" duration="1555539220592"/>
    <step time="85.00" loaded="10" inserted="9" running="9" waiting="0" ended="0" arrived="0" collisions="0" teleports="0" halting="0" meanWaitingTime="0.00" meanTravelTime="-1.00" meanSpeed="21.28" meanSpeedRelative="0.93" duration="1555539220592"/>
    <step time="86.00" loaded="10" inserted="9" running="9" waiting="0" ended="0" arrived="0" collisions="0" teleports="0" halting="0" meanWaitingTime="0.00" meanTravelTime="-1.00" meanSpeed="21.57" meanSpeedRelative="0.94" duration="1555539220592"/>
    <step time="87.00" loaded="10" inserted="9" running="9" waiting="0" ended="0" arrived="0" collisions="0" teleports="0" halting="0" meanWaitingTime="0.00" meanTravelTime="-1.00" meanSpeed="21.86" meanSpeedRelative="0.95" duration="1555539220592"/>
    <step time="88.00" loaded="10" inserted="9" running="9" waiting="0" ended="0" arrived="0" collisions="0" teleports="0" halting="0" meanWaitingTime="0.00" meanTravelTime="-1.00" meanSpeed="22.15" meanSpeedRelative="0.96" duration="1555539220592"/>
    <step time="89.00" loaded="10" inserted="9" running="9" waiting="0" ended="0" arrived="0" collisions="0" teleports="0" halting="0" meanWaitingTime="0.00" meanTravelTime="-1.00" meanSpeed="22.44" meanSpeedRelative="0.97" duration="1555539220592"/>
    <step time="90.00" loaded="10" inserted="10" running="10" waiting="0" ended="0" arrived="0" collisions="0" teleports="0" halting="1" meanWaitingTime="0.00" meanTravelTime="-1.00" meanSpeed="20.45" meanSpeedRelative="0.88" duration="1555539220592"/>
    <step time="91.00" loaded="10" inserted="10" running="10" waiting="0" ended="0" arrived="0" collisions="0" teleports="0" halting="0" meanWaitingTime="0.00" meanTravelTime="-1.00" meanSpeed="20.72" meanSpeedRelative="0.89" duration="1555539220592"/>
    <step time="92.00" loaded="10" inserted="10" running="10" waiting="0" ended="0" arrived="0" collisions="0" teleports="0" halting="0" meanWaitingTime="0.00" meanTravelTime="-1.00" meanSpeed="20.98" meanSpeedRelative="0.90" duration="1555539220592"/>
    <step time="93.00" loaded="10" inserted="10" running="10" waiting="0" ended="0" arrived="0" collisions="0" teleports="0" halting="0" meanWaitingTime="0.00" meanTravelTime="-1.00" meanSpeed="21.15" meanSpeedRelative="0.91" duration="1555539220592"/>
    <step time="94.00" loaded="10" inserted="10" running="10" waiting="0" ended="0" arrived="0" collisions="0" teleports="0" halting="0" meanWaitingTime="0.00" meanTravelTime="-1.00" meanSpeed="20.96" meanSpeedRelative="0.90" duration="1555539220592"/>
    <step time="95.00" loaded="10" inserted="10" running="10" waiting="0" ended="0" arrived="0" collisions="0" teleports="0" halting="0" meanWaitingTime="0.00" meanTravelTime="-1.00" meanSpeed="20.77" meanSpeedRelative="0.89" duration="1555539220592"/>
    <step time="96.00" loaded="10" inserted="10" running="10" waiting="0" ended="0" arrived="0" collisions="0" teleports="0" halting="0" meanWaitingTime="0.00" meanTravelTime="-1.00" meanSpeed="20.79" meanSpeedRelative="0.94" duration="1555539220592"/>
    <step time="97.00" loaded="10" inserted="10" running="10" waiting="0" ended="0" arrived="0" collisions="0" teleports="0" halting="0" meanWaitingTime="0.00" meanTravelTime="-1.00" meanSpeed="21.05" meanSpeedRelative="0.95" duration="1555539220592"/>
    <step time="98.00" loaded="10" inserted="10" running="10" waiting="0" ended="0" arrived="0" collisions="0" teleports="0" halting="0" meanWaitingTime="0.00" meanTravelTime="-1.00" meanSpeed="21.31" meanSpeedRelative="0.96" duration="1555539220592"/>
    <step time="99.00" loaded="10" inserted="10" running="10" waiting="0" ended="0" arrived="0" collisions="0" teleports="0" halting="0" meanWaitingTime="0.00" meanTravelTime="-1.00" meanSpeed="21.57" meanSpeedRelative="0.97" duration="1555539220592"/>
    <step time="100.00" loaded="10" inserted="10" running="10" waiting="0" ended="0" arrived="0" collisions="0" teleports="0" halting="0" meanWaitingTime="0.00" meanTravelTime="-1.00" meanSpeed="21.61" meanSpeedRelative="0.97" duration="1555539220592"/>
    <step time="101.00" loaded="10" inserted="10" running="10" waiting="0" ended="0" arrived="0" collisions="0" teleports="0" halting="0" meanWaitingTime="0.00" meanTravelTime="-1.00" meanSpeed="21.61" meanSpeedRelative="0.97" duration="1555539220592"/>
    <step time="102.00" loaded="10" inserted="10" running="10" waiting="0" ended="0" arrived="0" collisions="0" teleports="0" halting="0" meanWaitingTime="0.00" meanTravelTime="-1.00" meanSpeed="21.61" meanSpeedRelative="0.97" duration="1555539220592"/>
    <step time="103.00" loaded="10" inserted="10" running="10" waiting="0" ended="0" arrived="0" collisions="0" teleports="0" halting="0" meanWaitingTime="0.00" meanTravelTime="-1.00" meanSpeed="21.61" meanSpeedRelative="0.97" duration="1555539220592"/>
    <step time="104.00" loaded="10" inserted="10" running="10" waiting="0" ended="0" arrived="0" collisions="0" teleports="0" halting="0" meanWaitingTime="0.00" meanTravelTime="-1.00" meanSpeed="21.61" meanSpeedRelative="0.97" duration="1555539220592"/>
    <step time="105.00" loaded="10" inserted="10" running="10" waiting="0" ended="0" arrived="0" collisions="0" teleports="0" halting="0" meanWaitingTime="0.00" meanTravelTime="-1.00" meanSpeed="21.61" meanSpeedRelative="0.97" duration="1555539220592"/>
    <step time="106.00" loaded="10" inserted="10" running="10" waiting="0" ended="0" arrived="0" collisions="0" teleports="0" halting="0" meanWaitingTime="0.00" meanTravelTime="-1.00" meanSpeed="21.61" meanSpeedRelative="0.97" duration="1555539220592"/>
    <step time="107.00" loaded="10" inserted="10" running="10" waiting="0" ended="0" arrived="0" collisions="0" teleports="0" halting="0" meanWaitingTime="0.00" meanTravelTime="-1.00" meanSpeed="21.61" meanSpeedRelative="0.97" duration="1555539220592"/>
    <step time="108.00" loaded="10" inserted="10" running="10" waiting="0" ended="0" arrived="0" collisions="0" teleports="0" halting="0" meanWaitingTime="0.00" meanTravelTime="-1.00" meanSpeed="21.61" meanSpeedRelative="0.97" duration="1555539220592"/>
    <step time="109.00" loaded="10" inserted="10" running="10" waiting="0" ended="0" arrived="0" collisions="0" teleports="0" halting="0" meanWaitingTime="0.00" meanTravelTime="-1.00" meanSpeed="21.61" meanSpeedRelative="0.97" duration="1555539220592"/>
    <step time="110.00" loaded="10" inserted="10" running="10" waiting="0" ended="0" arrived="0" collisions="0" teleports="0" halting="0" meanWaitingTime="0.00" meanTravelTime="-1.00" meanSpeed="21.61" meanSpeedRelative="0.97" duration="1555539220592"/>
    <step time="111.00" loaded="10" inserted="10" running="10" waiting="0" ended="0" arrived="0" collisions="0" teleports="0" halting="0" meanWaitingTime="0.00" meanTravelTime="-1.00" meanSpeed="21.61" meanSpeedRelative="0.97" duration="1555539220592"/>
    <step time="112.00" loaded="10" inserted="10" running="10" waiting="0" ended="0" arrived="0" collisions="0" teleports="0" halting="0" meanWaitingTime="0.00" meanTravelTime="-1.00" meanSpeed="21.61" meanSpeedRelative="0.97" duration="1555539220592"/>
    <step time="113.00" loaded="10" inserted="10" running="10" waiting="0" ended="0" arrived="0" collisions="0" teleports="0" halting="0" meanWaitingTime="0.00" meanTravelTime="-1.00" meanSpeed="21.61" meanSpeedRelative="0.97" duration="1555539220592"/>
    <step time="114.00" loaded="10" inserted="10" running="10" waiting="0" ended="0" arrived="0" collisions="0" teleports="0" halting="0" meanWaitingTime="0.00" meanTravelTime="-1.00" meanSpeed="21.61" meanSpeedRelative="0.97" duration="1555539220592"/>
    <step time="115.00" loaded="10" inserted="10" running="10" waiting="0" ended="0" arrived="0" collisions="0" teleports="0" halting="0" meanWaitingTime="0.00" meanTravelTime="-1.00" meanSpeed="21.61" meanSpeedRelative="0.92" duration="1555539220592"/>
    <step time="116.00" loaded="10" inserted="10" running="10" waiting="0" ended="0" arrived="0" collisions="0" teleports="0" halting="0" meanWaitingTime="0.00" meanTravelTime="-1.00" meanSpeed="21.87" meanSpeedRelative="0.93" duration="1555539220592"/>
    <step time="117.00" loaded="10" inserted="10" running="10" waiting="0" ended="0" arrived="0" collisions="0" teleports="0" halting="0" meanWaitingTime="0.00" meanTravelTime="-1.00" meanSpeed="22.13" meanSpeedRelative="0.94" duration="1555539220593"/>
    <step time="118.00" loaded="10" inserted="10" running="10" waiting="0" ended="0" arrived="0" collisions="0" teleports="0" halting="0" meanWaitingTime="0.00" meanTravelTime="-1.00" meanSpeed="22.39" meanSpeedRelative="0.95" duration="1555539220593"/>
    <step time="119.00" loaded="10" inserted="10" running="10" waiting="0" ended="0" arrived="0" collisions="0" teleports="0" halting="0" meanWaitingTime="0.00" meanTravelTime="-1.00" meanSpeed="22.65" meanSpeedRelative="0.95" duration="1555539220593"/>
    <step time="120.00" loaded="10" inserted="10" running="10" waiting="0" ended="0" arrived="0" collisions="0" teleports="0" halting="0" meanWaitingTime="0.00" meanTravelTime="-1.00" meanSpeed="22.91" meanSpeedRelative="0.91" duration="1555539220593"/>
    <step time="121.00" loaded="10" inserted="10" running="10" waiting="0" ended="0" arrived="0" collisions="0" teleports="0" halting="0" meanWaitingTime="0.00" meanTravelTime="-1.00" meanSpeed="23.28" meanSpeedRelative="0.92" duration="1555539220593"/>
    <step time="122.00" loaded="10" inserted="10" running="10" waiting="0" ended="0" arrived="0" collisions="0" teleports="0" halting="0" meanWaitingTime="0.00" meanTravelTime="-1.00" meanSpeed="23.54" meanSpeedRelative="0.93" duration="1555539220593"/>
    <step time="123.00" loaded="10" inserted="10" running="10" waiting="0" ended="0" arrived="0" collisions="0" teleports="0" halting="0" meanWaitingTime="0.00" meanTravelTime="-1.00" meanSpeed="23.80" meanSpeedRelative="0.94" duration="1555539220593"/>
    <step time="124.00" loaded="10" inserted="10" running="10" waiting="0" ended="0" arrived="0" collisions="0" teleports="0" halting="0" meanWaitingTime="0.00" meanTravelTime="-1.00" meanSpeed="24.06" meanSpeedRelative="0.95" duration="1555539220593"/>
    <step time="125.00" loaded="10" inserted="10" running="9" waiting="0" ended="1" arrived="1" collisions="0" teleports="0" halting="0" meanWaitingTime="0.00" meanTravelTime="125.00" meanSpeed="23.74" meanSpeedRelative="0.95" duration="1555539220593"/>
    <step time="126.00" loaded="10" inserted="10" running="9" waiting="0" ended="1" arrived="1" collisions="0" teleports="0" halting="0" meanWaitingTime="0.00" meanTravelTime="125.00" meanSpeed="23.97" meanSpeedRelative="0.96" duration="1555539220593"/>
    <step time="127.00" loaded="10" inserted="10" running="9" waiting="0" ended="1" arrived="1" collisions="0" teleports="0" halting="0" meanWaitingTime="0.00" meanTravelTime="125.00" meanSpeed="23.97" meanSpeedRelative="0.96" duration="1555539220593"/>
    <step time="128.00" loaded="10" inserted="10" running="9" waiting="0" ended="1" arrived="1" collisions="0" teleports="0" halting="0" meanWaitingTime="0.00" meanTravelTime="125.00" meanSpeed="23.97" meanSpeedRelative="0.96" duration="1555539220593"/>
    <step time="129.00" loaded="10" inserted="10" running="9" waiting="0" ended="1" arrived="1" collisions="0" teleports="0" halting="0" meanWaitingTime="0.00" meanTravelTime="125.00" meanSpeed="23.97" meanSpeedRelative="0.96" duration="1555539220593"/>
    <step time="130.00" loaded="10" inserted="10" running="9" waiting="0" ended="1" arrived="1" collisions="0" teleports="0" halting="0" meanWaitingTime="0.00" meanTravelTime="125.00" meanSpeed="23.97" meanSpeedRelative="0.96" duration="1555539220593"/>
    <step time="131.00" loaded="10" inserted="10" running="9" waiting="0" ended="1" arrived="1" collisions="0" teleports="0" halting="0" meanWaitingTime="0.00" meanTravelTime="125.00" meanSpeed="23.97" meanSpeedRelative="0.96" duration="1555539220593"/>
    <step time="132.00" loaded="10" inserted="10" running="9" waiting="0" ended="1" arrived="1" collisions="0" teleports="0" halting="0" meanWaitingTime="0.00" meanTravelTime="125.00" meanSpeed="23.97" meanSpeedRelative="0.96" duration="1555539220593"/>
    <step time="133.00" loaded="10" inserted="10" running="9" waiting="0" ended="1" arrived="1" collisions="0" teleports="0" halting="0" meanWaitingTime="0.00" meanTravelTime="125.00" meanSpeed="23.97" meanSpeedRelative="0.96" duration="1555539220593"/>
    <step time="134.00" loaded="10" inserted="10" running="9" waiting="0" ended="1" arrived="1" collisions="0" teleports="0" halting="0" meanWaitingTime="0.00" meanTravelTime="125.00" meanSpeed="23.97" meanSpeedRelative="0.96" duration="1555539220593"/>
    <step time="135.00" loaded="10" inserted="10" running="9" waiting="0" ended="1" arrived="1" collisions="0" teleports="0" halting="0" meanWaitingTime="0.00" meanTravelTime="125.00" meanSpeed="23.97" meanSpeedRelative="0.96" duration="1555539220593"/>
    <step time="136.00" loaded="10" inserted="10" running="9" waiting="0" ended="1" arrived="1" collisions="0" teleports="0" halting="0" meanWaitingTime="0.00" meanTravelTime="125.00" meanSpeed="23.97" meanSpeedRelative="0.96" duration="1555539220593"/>
    <step time="137.00" loaded="10" inserted="10" running="9" waiting="0" ended="1" arrived="1" collisions="0" teleports="0" halting="0" meanWaitingTime="0.00" meanTravelTime="125.00" meanSpeed="23.97" meanSpeedRelative="0.96" duration="1555539220593"/>
    <step time="138.00" loaded="10" inserted="10" running="9" waiting="0" ended="1" arrived="1" collisions="0" teleports="0" halting="0" meanWaitingTime="0.00" meanTravelTime="125.00" meanSpeed="23.97" meanSpeedRelative="0.96" duration="1555539220593"/>
    <step time="139.00" loaded="10" inserted="10" running="9" waiting="0" ended="1" arrived="1" collisions="0" teleports="0" halting="0" meanWaitingTime="0.00" meanTravelTime="125.00" meanSpeed="23.97" meanSpeedRelative="0.96" duration="1555539220593"/>
    <step time="140.00" loaded="10" inserted="10" running="9" waiting="0" ended="1" arrived="1" collisions="0" teleports="0" halting="0" meanWaitingTime="0.00" meanTravelTime="125.00" meanSpeed="23.97" meanSpeedRelative="0.96" duration="1555539220593"/>
    <step time="141.00" loaded="10" inserted="10" running="9" waiting="0" ended="1" arrived="1" collisions="0" teleports="0" halting="0" meanWaitingTime="0.00" meanTravelTime="125.00" meanSpeed="23.97" meanSpeedRelative="0.96" duration="1555539220593"/>
    <step time="142.00" loaded="10" inserted="10" running="9" waiting="0" ended="1" arrived="1" collisions="0" teleports="0" halting="0" meanWaitingTime="0.00" meanTravelTime="125.00" meanSpeed="23.97" meanSpeedRelative="0.96" duration="1555539220593"/>
    <step time="143.00" loaded="10" inserted="10" running="9" waiting="0" ended="1" arrived="1" collisions="0" teleports="0" halting="0" meanWaitingTime="0.00" meanTravelTime="125.00" meanSpeed="23.97" meanSpeedRelative="0.96" duration="1555539220593"/>
    <step time="144.00" loaded="10" inserted="10" running="9" waiting="0" ended="1" arrived="1" collisions="0" teleports="0" halting="0" meanWaitingTime="0.00" meanTravelTime="125.00" meanSpeed="23.97" meanSpeedRelative="0.96" duration="1555539220593"/>
    <step time="145.00" loaded="10" inserted="10" running="9" waiting="0" ended="1" arrived="1" collisions="0" teleports="0" halting="0" meanWaitingTime="0.00" meanTravelTime="125.00" meanSpeed="23.97" meanSpeedRelative="0.96" duration="1555539220593"/>
    <step time="146.00" loaded="10" inserted="10" running="9" waiting="0" ended="1" arrived="1" collisions="0" teleports="0" halting="0" meanWaitingTime="0.00" meanTravelTime="125.00" meanSpeed="23.97" meanSpeedRelative="0.96" duration="1555539220593"/>
    <step time="147.00" loaded="10" inserted="10" running="9" waiting="0" ended="1" arrived="1" collisions="0" teleports="0" halting="0" meanWaitingTime="0.00" meanTravelTime="125.00" meanSpeed="23.97" meanSpeedRelative="0.96" duration="1555539220593"/>
    <step time="148.00" loaded="10" inserted="10" running="9" waiting="0" ended="1" arrived="1" collisions="0" teleports="0" halting="0" meanWaitingTime="0.00" meanTravelTime="125.00" meanSpeed="23.97" meanSpeedRelative="0.96" duration="1555539220593"/>
    <step time="149.00" loaded="10" inserted="10" running="8" waiting="0" ended="2" arrived="2" collisions="0" teleports="0" halting="0" meanWaitingTime="0.00" meanTravelTime="132.00" meanSpeed="23.71" meanSpeedRelative="0.96" duration="1555539220593"/>
    <step time="150.00" loaded="10" inserted="10" running="8" waiting="0" ended="2" arrived="2" collisions="0" teleports="0" halting="0" meanWaitingTime="0.00" meanTravelTime="132.00" meanSpeed="23.71" meanSpeedRelative="0.96" duration="1555539220594"/>
    <step time="151.00" loaded="10" inserted="10" running="8" waiting="0" ended="2" arrived="2" collisions="0" teleports="0" halting="0" meanWaitingTime="0.00" meanTravelTime="132.00" meanSpeed="23.71" meanSpeedRelative="0.96" duration="1555539220594"/>
    <step time="152.00" loaded="10" inserted="10" running="7" waiting="0" ended="3" arrived="3" collisions="0" teleports="0" halting="0" meanWaitingTime="0.00" meanTravelTime="132.00" meanSpeed="23.08" meanSpeedRelative="0.95" duration="1555539220594"/>
    <step time="153.00" loaded="10" inserted="10" running="7" waiting="0" ended="3" arrived="3" collisions="0" teleports="0" halting="0" meanWaitingTime="0.00" meanTravelTime="132.00" meanSpeed="23.08" meanSpeedRelative="0.95" duration="1555539220594"/>
    <step time="154.00" loaded="10" inserted="10" running="6" waiting="0" ended="4" arrived="4" collisions="0" teleports="0" halting="0" meanWaitingTime="0.00" meanTravelTime="130.00" meanSpeed="21.91" meanSpeedRelative="0.93" duration="1555539220594"/>
    <step time="155.00" loaded="10" inserted="10" running="6" waiting="0" ended="4" arrived="4" collisions="0" teleports="0" halting="0" meanWaitingTime="0.00" meanTravelTime="130.00" meanSpeed="21.91" meanSpeedRelative="0.93" duration="1555539220594"/>
    <step time="156.00" loaded="10" inserted="10" running="6" waiting="0" ended="4" arrived="4" collisions="0" teleports="0" halting="0" meanWaitingTime="0.00" meanTravelTime="130.00" meanSpeed="21.91" meanSpeedRelative="0.93" duration="1555539220594"/>
    <step time="157.00" loaded="10" inserted="10" running="6" waiting="0" ended="4" arrived="4" collisions="0" teleports="0" halting="0" meanWaitingTime="0.00" meanTravelTime="130.00" meanSpeed="21.91" meanSpeedRelative="0.93" duration="1555539220594"/>
    <step time="158.00" loaded="10" inserted="10" running="6" waiting="0" ended="4" arrived="4" collisions="0" teleports="0" halting="0" meanWaitingTime="0.00" meanTravelTime="130.00" meanSpeed="21.91" meanSpeedRelative="0.93" duration="1555539220594"/>
    <step time="159.00" loaded="10" inserted="10" running="6" waiting="0" ended="4" arrived="4" collisions="0" teleports="0" halting="0" meanWaitingTime="0.00" meanTravelTime="130.00" meanSpeed="21.91" meanSpeedRelative="0.93" duration="1555539220594"/>
    <step time="160.00" loaded="10" inserted="10" running="6" waiting="0" ended="4" arrived="4" collisions="0" teleports="0" halting="0" meanWaitingTime="0.00" meanTravelTime="130.00" meanSpeed="21.91" meanSpeedRelative="0.93" duration="1555539220594"/>
    <step time="161.00" loaded="10" inserted="10" running="6" waiting="0" ended="4" arrived="4" collisions="0" teleports="0" halting="0" meanWaitingTime="0.00" meanTravelTime="130.00" meanSpeed="21.91" meanSpeedRelative="0.93" duration="1555539220594"/>
    <step time="162.00" loaded="10" inserted="10" running="6" waiting="0" ended="4" arrived="4" collisions="0" teleports="0" halting="0" meanWaitingTime="0.00" meanTravelTime="130.00" meanSpeed="21.91" meanSpeedRelative="0.93" duration="1555539220594"/>
    <step time="163.00" loaded="10" inserted="10" running="6" waiting="0" ended="4" arrived="4" collisions="0" teleports="0" halting="0" meanWaitingTime="0.00" meanTravelTime="130.00" meanSpeed="21.91" meanSpeedRelative="0.86" duration="1555539220594"/>
    <step time="164.00" loaded="10" inserted="10" running="6" waiting="0" ended="4" arrived="4" collisions="0" teleports="0" halting="0" meanWaitingTime="0.00" meanTravelTime="130.00" meanSpeed="22.35" meanSpeedRelative="0.88" duration="1555539220594"/>
    <step time="165.00" loaded="10" inserted="10" running="6" waiting="0" ended="4" arrived="4" collisions="0" teleports="0" halting="0" meanWaitingTime="0.00" meanTravelTime="130.00" meanSpeed="22.78" meanSpeedRelative="0.89" duration="1555539220594"/>
    <step time="166.00" loaded="10" inserted="10" running="6" waiting="0" ended="4" arrived="4" collisions="0" teleports="0" halting="0" meanWaitingTime="0.00" meanTravelTime="130.00" meanSpeed="23.21" meanSpeedRelative="0.91" duration="1555539220594"/>
    <step time="167.00" loaded="10" inserted="10" running="6" waiting="0" ended="4" arrived="4" collisions="0" teleports="0" halting="0" meanWaitingTime="0.00" meanTravelTime="130.00" meanSpeed="23.65" meanSpeedRelative="0.92" duration="1555539220594"/>
    <step time="168.00" loaded="10" inserted="10" running="5" waiting="0" ended="5" arrived="5" collisions="0" teleports="0" halting="0" meanWaitingTime="0.00" meanTravelTime="129.60" meanSpeed="22.88" meanSpeedRelative="0.91" duration="1555539220594"/>
    <step time="169.00" loaded="10" inserted="10" running="5" waiting="0" ended="5" arrived="5" collisions="0" teleports="0" halting="0" meanWaitingTime="0.00" meanTravelTime="129.60" meanSpeed="22.88" meanSpeedRelative="0.91" duration="1555539220594"/>
    <step time="170.00" loaded="10" inserted="10" running="5" waiting="0" ended="5" arrived="5" collisions="0" teleports="0" halting="0" meanWaitingTime="0.00" meanTravelTime="129.60" meanSpeed="22.88" meanSpeedRelative="0.91" duration="1555539220594"/>
    <step time="171.00" loaded="10" inserted="10" running="5" waiting="0" ended="5" arrived="5" collisions="0" teleports="0" halting="0" meanWaitingTime="0.00" meanTravelTime="129.60" meanSpeed="22.88" meanSpeedRelative="0.91" duration="1555539220594"/>
    <step time="172.00" loaded="10" inserted="10" running="5" waiting="0" ended="5" arrived="5" collisions="0" teleports="0" halting="0" meanWaitingTime="0.00" meanTravelTime="129.60" meanSpeed="22.88" meanSpeedRelative="0.91" duration="1555539220594"/>
    <step time="173.00" loaded="10" inserted="10" running="5" waiting="0" ended="5" arrived="5" collisions="0" teleports="0" halting="0" meanWaitingTime="0.00" meanTravelTime="129.60" meanSpeed="22.88" meanSpeedRelative="0.91" duration="1555539220594"/>
    <step time="174.00" loaded="10" inserted="10" running="5" waiting="0" ended="5" arrived="5" collisions="0" teleports="0" halting="0" meanWaitingTime="0.00" meanTravelTime="129.60" meanSpeed="22.88" meanSpeedRelative="0.91" duration="1555539220594"/>
    <step time="175.00" loaded="10" inserted="10" running="5" waiting="0" ended="5" arrived="5" collisions="0" teleports="0" halting="0" meanWaitingTime="0.00" meanTravelTime="129.60" meanSpeed="22.88" meanSpeedRelative="0.91" duration="1555539220594"/>
    <step time="176.00" loaded="10" inserted="10" running="5" waiting="0" ended="5" arrived="5" collisions="0" teleports="0" halting="0" meanWaitingTime="0.00" meanTravelTime="129.60" meanSpeed="22.88" meanSpeedRelative="0.91" duration="1555539220594"/>
    <step time="177.00" loaded="10" inserted="10" running="5" waiting="0" ended="5" arrived="5" collisions="0" teleports="0" halting="0" meanWaitingTime="0.00" meanTravelTime="129.60" meanSpeed="22.88" meanSpeedRelative="0.82" duration="1555539220594"/>
    <step time="178.00" loaded="10" inserted="10" running="5" waiting="0" ended="5" arrived="5" collisions="0" teleports="0" halting="0" meanWaitingTime="0.00" meanTravelTime="129.60" meanSpeed="23.40" meanSpeedRelative="0.84" duration="1555539220594"/>
    <step time="179.00" loaded="10" inserted="10" running="5" waiting="0" ended="5" arrived="5" collisions="0" teleports="0" halting="0" meanWaitingTime="0.00" meanTravelTime="129.60" meanSpeed="23.92" meanSpeedRelative="0.86" duration="1555539220594"/>
    <step time="180.00" loaded="10" inserted="10" running="5" waiting="0" ended="5" arrived="5" collisions="0" teleports="0" halting="0" meanWaitingTime="0.00" meanTravelTime="129.60" meanSpeed="24.44" meanSpeedRelative="0.88" duration="1555539220594"/>
    <step time="181.00" loaded="10" inserted="10" running="5" waiting="0" ended="5" arrived="5" collisions="0" teleports="0" halting="0" meanWaitingTime="0.00" meanTravelTime="129.60" meanSpeed="24.96" meanSpeedRelative="0.90" duration="1555539220594"/>
    <step time="182.00" loaded="10" inserted="10" running="5" waiting="0" ended="5" arrived="5" collisions="0" teleports="0" halting="0" meanWaitingTime="0.00" meanTravelTime="129.60" meanSpeed="25.34" meanSpeedRelative="0.91" duration="1555539220594"/>
    <step time="183.00" loaded="10" inserted="10" running="5" waiting="0" ended="5" arrived="5" collisions="0" teleports="0" halting="0" meanWaitingTime="0.00" meanTravelTime="129.60" meanSpeed="25.34" meanSpeedRelative="0.91" duration="1555539220594"/>
    <step time="184.00" loaded="10" inserted="10" running="5" waiting="0" ended="5" arrived="5" collisions="0" teleports="0" halting="0" meanWaitingTime="0.00" meanTravelTime="129.60" meanSpeed="25.34" meanSpeedRelative="0.91" duration="1555539220594"/>
    <step time="185.00" loaded="10" inserted="10" running="5" waiting="0" ended="5" arrived="5" collisions="0" teleports="0" halting="0" meanWaitingTime="0.00" meanTravelTime="129.60" meanSpeed="25.34" meanSpeedRelative="0.91" duration="1555539220594"/>
    <step time="186.00" loaded="10" inserted="10" running="4" waiting="0" ended="6" arrived="6" collisions="0" teleports="0" halting="0" meanWaitingTime="0.00" meanTravelTime="129.00" meanSpeed="24.41" meanSpeedRelative="0.88" duration="1555539220594"/>
    <step time="187.00" loaded="10" inserted="10" running="4" waiting="0" ended="6" arrived="6" collisions="0" teleports="0" halting="0" meanWaitingTime="0.00" meanTravelTime="129.00" meanSpeed="24.41" meanSpeedRelative="0.88" duration="1555539220595"/>
    <step time="188.00" loaded="10" inserted="10" running="4" waiting="0" ended="6" arrived="6" collisions="0" teleports="0" halting="0" meanWaitingTime="0.00" meanTravelTime="129.00" meanSpeed="24.41" meanSpeedRelative="0.88" duration="1555539220595"/>
    <step time="189.00" loaded="10" inserted="10" running="4" waiting="0" ended="6" arrived="6" collisions="0" teleports="0" halting="0" meanWaitingTime="0.00" meanTravelTime="129.00" meanSpeed="24.41" meanSpeedRelative="0.88" duration="1555539220595"/>
    <step time="190.00" loaded="10" inserted="10" running="4" waiting="0" ended="6" arrived="6" collisions="0" teleports="0" halting="0" meanWaitingTime="0.00" meanTravelTime="129.00" meanSpeed="24.41" meanSpeedRelative="0.88" duration="1555539220595"/>
    <step time="191.00" loaded="10" inserted="10" running="4" waiting="0" ended="6" arrived="6" collisions="0" teleports="0" halting="0" meanWaitingTime="0.00" meanTravelTime="129.00" meanSpeed="24.41" meanSpeedRelative="0.88" duration="1555539220595"/>
    <step time="192.00" loaded="10" inserted="10" running="4" waiting="0" ended="6" arrived="6" collisions="0" teleports="0" halting="0" meanWaitingTime="0.00" meanTravelTime="129.00" meanSpeed="24.41" meanSpeedRelative="0.88" duration="1555539220595"/>
    <step time="193.00" loaded="10" inserted="10" running="4" waiting="0" ended="6" arrived="6" collisions="0" teleports="0" halting="0" meanWaitingTime="0.00" meanTravelTime="129.00" meanSpeed="24.41" meanSpeedRelative="0.88" duration="1555539220595"/>
    <step time="194.00" loaded="10" inserted="10" running="4" waiting="0" ended="6" arrived="6" collisions="0" teleports="0" halting="0" meanWaitingTime="0.00" meanTravelTime="129.00" meanSpeed="24.41" meanSpeedRelative="0.88" duration="1555539220595"/>
    <step time="195.00" loaded="10" inserted="10" running="4" waiting="0" ended="6" arrived="6" collisions="0" teleports="0" halting="0" meanWaitingTime="0.00" meanTravelTime="129.00" meanSpeed="24.41" meanSpeedRelative="0.88" duration="1555539220595"/>
    <step time="196.00" loaded="10" inserted="10" running="4" waiting="0" ended="6" arrived="6" collisions="0" teleports="0" halting="0" meanWaitingTime="0.00" meanTravelTime="129.00" meanSpeed="24.41" meanSpeedRelative="0.88" duration="1555539220595"/>
    <step time="197.00" loaded="10" inserted="10" running="4" waiting="0" ended="6" arrived="6" collisions="0" teleports="0" halting="0" meanWaitingTime="0.00" meanTravelTime="129.00" meanSpeed="24.41" meanSpeedRelative="0.88" duration="1555539220595"/>
    <step time="198.00" loaded="10" inserted="10" running="4" waiting="0" ended="6" arrived="6" collisions="0" teleports="0" halting="0" meanWaitingTime="0.00" meanTravelTime="129.00" meanSpeed="24.41" meanSpeedRelative="0.88" duration="1555539220595"/>
    <step time="199.00" loaded="10" inserted="10" running="4" waiting="0" ended="6" arrived="6" collisions="0" teleports="0" halting="0" meanWaitingTime="0.00" meanTravelTime="129.00" meanSpeed="24.41" meanSpeedRelative="0.88" duration="1555539220595"/>
    <step time="200.00" loaded="10" inserted="10" running="4" waiting="0" ended="6" arrived="6" collisions="0" teleports="0" halting="0" meanWaitingTime="0.00" meanTravelTime="129.00" meanSpeed="24.41" meanSpeedRelative="0.88" duration="1555539220595"/>
    <step time="201.00" loaded="10" inserted="10" running="4" waiting="0" ended="6" arrived="6" collisions="0" teleports="0" halting="0" meanWaitingTime="0.00" meanTravelTime="129.00" meanSpeed="24.41" meanSpeedRelative="0.88" duration="1555539220595"/>
    <step time="202.00" loaded="10" inserted="10" running="4" waiting="0" ended="6" arrived="6" collisions="0" teleports="0" halting="0" meanWaitingTime="0.00" meanTravelTime="129.00" meanSpeed="24.41" meanSpeedRelative="0.88" duration="1555539220595"/>
    <step time="203.00" loaded="10" inserted="10" running="4" waiting="0" ended="6" arrived="6" collisions="0" teleports="0" halting="0" meanWaitingTime="0.00" meanTravelTime="129.00" meanSpeed="24.41" meanSpeedRelative="0.88" duration="1555539220595"/>
    <step time="204.00" loaded="10" inserted="10" running="4" waiting="0" ended="6" arrived="6" collisions="0" teleports="0" halting="0" meanWaitingTime="0.00" meanTravelTime="129.00" meanSpeed="24.41" meanSpeedRelative="0.88" duration="1555539220595"/>
    <step time="205.00" loaded="10" inserted="10" running="4" waiting="0" ended="6" arrived="6" collisions="0" teleports="0" halting="0" meanWaitingTime="0.00" meanTravelTime="129.00" meanSpeed="24.41" meanSpeedRelative="0.88" duration="1555539220595"/>
    <step time="206.00" loaded="10" inserted="10" running="4" waiting="0" ended="6" arrived="6" collisions="0" teleports="0" halting="0" meanWaitingTime="0.00" meanTravelTime="129.00" meanSpeed="24.41" meanSpeedRelative="0.88" duration="1555539220595"/>
    <step time="207.00" loaded="10" inserted="10" running="3" waiting="0" ended="7" arrived="7" collisions="0" teleports="0" halting="0" meanWaitingTime="0.00" meanTravelTime="133.00" meanSpeed="24.84" meanSpeedRelative="0.89" duration="1555539220595"/>
    <step time="208.00" loaded="10" inserted="10" running="3" waiting="0" ended="7" arrived="7" collisions="0" teleports="0" halting="0" meanWaitingTime="0.00" meanTravelTime="133.00" meanSpeed="24.84" meanSpeedRelative="0.89" duration="1555539220595"/>
    <step time="209.00" loaded="10" inserted="10" running="3" waiting="0" ended="7" arrived="7" collisions="0" teleports="0" halting="0" meanWaitingTime="0.00" meanTravelTime="133.00" meanSpeed="24.84" meanSpeedRelative="0.89" duration="1555539220595"/>
    <step time="210.00" loaded="10" inserted="10" running="3" waiting="0" ended="7" arrived="7" collisions="0" teleports="0" halting="0" meanWaitingTime="0.00" meanTravelTime="133.00" meanSpeed="24.84" meanSpeedRelative="0.89" duration="1555539220595"/>
    <step time="211.00" loaded="10" inserted="10" running="3" waiting="0" ended="7" arrived="7" collisions="0" teleports="0" halting="0" meanWaitingTime="0.00" meanTravelTime="133.00" meanSpeed="24.84" meanSpeedRelative="0.89" duration="1555539220595"/>
    <step time="212.00" loaded="10" inserted="10" running="3" waiting="0" ended="7" arrived="7" collisions="0" teleports="0" halting="0" meanWaitingTime="0.00" meanTravelTime="133.00" meanSpeed="24.84" meanSpeedRelative="0.89" duration="1555539220595"/>
    <step time="213.00" loaded="10" inserted="10" running="3" waiting="0" ended="7" arrived="7" collisions="0" teleports="0" halting="0" meanWaitingTime="0.00" meanTravelTime="133.00" meanSpeed="24.84" meanSpeedRelative="0.89" duration="1555539220595"/>
    <step time="214.00" loaded="10" inserted="10" running="3" waiting="0" ended="7" arrived="7" collisions="0" teleports="0" halting="0" meanWaitingTime="0.00" meanTravelTime="133.00" meanSpeed="24.84" meanSpeedRelative="0.89" duration="1555539220595"/>
    <step time="215.00" loaded="10" inserted="10" running="3" waiting="0" ended="7" arrived="7" collisions="0" teleports="0" halting="0" meanWaitingTime="0.00" meanTravelTime="133.00" meanSpeed="24.84" meanSpeedRelative="0.89" duration="1555539220595"/>
    <step time="216.00" loaded="10" inserted="10" running="3" waiting="0" ended="7" arrived="7" collisions="0" teleports="0" halting="0" meanWaitingTime="0.00" meanTravelTime="133.00" meanSpeed="24.84" meanSpeedRelative="0.89" duration="1555539220595"/>
    <step time="217.00" loaded="10" inserted="10" running="3" waiting="0" ended="7" arrived="7" collisions="0" teleports="0" halting="0" meanWaitingTime="0.00" meanTravelTime="133.00" meanSpeed="24.84" meanSpeedRelative="0.89" duration="1555539220595"/>
    <step time="218.00" loaded="10" inserted="10" running="3" waiting="0" ended="7" arrived="7" collisions="0" teleports="0" halting="0" meanWaitingTime="0.00" meanTravelTime="133.00" meanSpeed="24.84" meanSpeedRelative="0.89" duration="1555539220595"/>
    <step time="219.00" loaded="10" inserted="10" running="2" waiting="0" ended="8" arrived="8" collisions="0" teleports="0" halting="0" meanWaitingTime="0.00" meanTravelTime="135.00" meanSpeed="24.95" meanSpeedRelative="0.90" duration="1555539220595"/>
    <step time="220.00" loaded="10" inserted="10" running="1" waiting="0" ended="9" arrived="9" collisions="0" teleports="0" halting="0" meanWaitingTime="0.00" meanTravelTime="135.56" meanSpeed="23.82" meanSpeedRelative="0.86" duration="1555539220595"/>
    <step time="221.00" loaded="10" inserted="10" running="1" waiting="0" ended="9" arrived="9" collisions="0" teleports="0" halting="0" meanWaitingTime="0.00" meanTravelTime="135.56" meanSpeed="23.82" meanSpeedRelative="0.86" duration="1555539220595"/>
    <step time="222.00" loaded="10" inserted="10" running="1" waiting="0" ended="9" arrived="9" collisions="0" teleports="0" halting="0" meanWaitingTime="0.00" meanTravelTime="135.56" meanSpeed="23.82" meanSpeedRelative="0.86" duration="1555539220595"/>
    <step time="223.00" loaded="10" inserted="10" running="1" waiting="0" ended="9" arrived="9" collisions="0" teleports="0" halting="0" meanWaitingTime="0.00" meanTravelTime="135.56" meanSpeed="23.82" meanSpeedRelative="0.86" duration="1555539220595"/>
    <step time="224.00" loaded="10" inserted="10" running="1" waiting="0" ended="9" arrived="9" collisions="0" teleports="0" halting="0" meanWaitingTime="0.00" meanTravelTime="135.56" meanSpeed="23.82" meanSpeedRelative="0.86" duration="1555539220595"/>
    <step time="225.00" loaded="10" inserted="10" running="1" waiting="0" ended="9" arrived="9" collisions="0" teleports="0" halting="0" meanWaitingTime="0.00" meanTravelTime="135.56" meanSpeed="23.82" meanSpeedRelative="0.86" duration="1555539220595"/>
    <step time="226.00" loaded="10" inserted="10" running="1" waiting="0" ended="9" arrived="9" collisions="0" teleports="0" halting="0" meanWaitingTime="0.00" meanTravelTime="135.56" meanSpeed="23.82" meanSpeedRelative="0.86" duration="1555539220595"/>
    <step time="227.00" loaded="10" inserted="10" running="1" waiting="0" ended="9" arrived="9" collisions="0" teleports="0" halting="0" meanWaitingTime="0.00" meanTravelTime="135.56" meanSpeed="23.82" meanSpeedRelative="0.86" duration="1555539220595"/>
    <step time="228.00" loaded="10" inserted="10" running="1" waiting="0" ended="9" arrived="9" collisions="0" teleports="0" halting="0" meanWaitingTime="0.00" meanTravelTime="135.56" meanSpeed="23.82" meanSpeedRelative="0.86" duration="1555539220595"/>
    <step time="229.00" loaded="10" inserted="10" running="1" waiting="0" ended="9" arrived="9" collisions="0" teleports="0" halting="0" meanWaitingTime="0.00" meanTravelTime="135.56" meanSpeed="23.82" meanSpeedRelative="0.86" duration="1555539220595"/>
    <step time="230.00" loaded="10" inserted="10" running="1" waiting="0" ended="9" arrived="9" collisions="0" teleports="0" halting="0" meanWaitingTime="0.00" meanTravelTime="135.56" meanSpeed="23.82" meanSpeedRelative="0.86" duration="1555539220595"/>
    <step time="231.00" loaded="10" inserted="10" running="1" waiting="0" ended="9" arrived="9" collisions="0" teleports="0" halting="0" meanWaitingTime="0.00" meanTravelTime="135.56" meanSpeed="23.82" meanSpeedRelative="0.86" duration="1555539220595"/>
    <step time="232.00" loaded="10" inserted="10" running="1" waiting="0" ended="9" arrived="9" collisions="0" teleports="0" halting="0" meanWaitingTime="0.00" meanTravelTime="135.56" meanSpeed="23.82" meanSpeedRelative="0.86" duration="1555539220595"/>
    <step time="233.00" loaded="10" inserted="10" running="1" waiting="0" ended="9" arrived="9" collisions="0" teleports="0" halting="0" meanWaitingTime="0.00" meanTravelTime="135.56" meanSpeed="23.82" meanSpeedRelative="0.86" duration="1555539220595"/>
    <step time="234.00" loaded="10" inserted="10" running="1" waiting="0" ended="9" arrived="9" collisions="0" teleports="0" halting="0" meanWaitingTime="0.00" meanTravelTime="135.56" meanSpeed="23.82" meanSpeedRelative="0.86" duration="1555539220595"/>
    <step time="235.00" loaded="10" inserted="10" running="1" waiting="0" ended="9" arrived="9" collisions="0" teleports="0" halting="0" meanWaitingTime="0.00" meanTravelTime="135.56" meanSpeed="23.82" meanSpeedRelative="0.86" duration="1555539220595"/>
    <step time="236.00" loaded="10" inserted="10" running="1" waiting="0" ended="9" arrived="9" collisions="0" teleports="0" halting="0" meanWaitingTime="0.00" meanTravelTime="135.56" meanSpeed="23.82" meanSpeedRelative="0.86" duration="1555539220595"/>
    <step time="237.00" loaded="10" inserted="10" running="1" waiting="0" ended="9" arrived="9" collisions="0" teleports="0" halting="0" meanWaitingTime="0.00" meanTravelTime="135.56" meanSpeed="23.82" meanSpeedRelative="0.86" duration="1555539220595"/>
    <step time="238.00" loaded="10" inserted="10" running="1" waiting="0" ended="9" arrived="9" collisions="0" teleports="0" halting="0" meanWaitingTime="0.00" meanTravelTime="135.56" meanSpeed="23.82" meanSpeedRelative="0.86" duration="1555539220596"/>
    <step time="239.00" loaded="10" inserted="10" running="1" waiting="0" ended="9" arrived="9" collisions="0" teleports="0" halting="0" meanWaitingTime="0.00" meanTravelTime="135.56" meanSpeed="23.82" meanSpeedRelative="0.86" duration="1555539220596"/>
    <step time="240.00" loaded="10" inserted="10" running="1" waiting="0" ended="9" arrived="9" collisions="0" teleports="0" halting="0" meanWaitingTime="0.00" meanTravelTime="135.56" meanSpeed="23.82" meanSpeedRelative="0.86" duration="1555539220596"/>
    <step time="241.00" loaded="10" inserted="10" running="1" waiting="0" ended="9" arrived="9" collisions="0" teleports="0" halting="0" meanWaitingTime="0.00" meanTravelTime="135.56" meanSpeed="23.82" meanSpeedRelative="0.86" duration="1555539220596"/>
    <step time="242.00" loaded="10" inserted="10" running="0" waiting="0" ended="10" arrived="10" collisions="0" teleports="0" halting="0" meanWaitingTime="0.00" meanTravelTime="137.20" meanSpeed="-1.00" meanSpeedRelative="-1.00" duration="1555539220596"/>
</summary>
