<?xml version="1.0" encoding="UTF-8"?>

<!-- generated on Thu Apr 18 00:13:39 2019 by Eclipse SUMO Version v1_2_0+0017-2a947141e5
This data file and the accompanying materials
are made available under the terms of the Eclipse Public License v2.0
which accompanies this distribution, and is available at
http://www.eclipse.org/legal/epl-v20.html
SPDX-License-Identifier: EPL-2.0
<configuration xmlns:xsi="http://www.w3.org/2001/XMLSchema-instance" xsi:noNamespaceSchemaLocation="http://sumo.dlr.de/xsd/sumoConfiguration.xsd">

    <input>
        <net-file value="net.net.xml"/>
        <route-files value="input_routes.rou.xml"/>
        <additional-files value="input_additional.add.xml"/>
    </input>

    <output>
        <write-license value="true"/>
    </output>

    <time>
        <begin value="0"/>
        <end value="1000"/>
    </time>

    <processing>
        <default.speeddev value="0"/>
    </processing>

    <report>
        <duration-log.disable value="true"/>
        <no-step-log value="true"/>
    </report>

</configuration>
-->

<meandata xmlns:xsi="http://www.w3.org/2001/XMLSchema-instance" xsi:noNamespaceSchemaLocation="http://sumo.dlr.de/xsd/meandata_file.xsd">
    <interval begin="0.00" end="300.00" id="dump_300">
        <edge id="1fi" sampledSeconds="678.10" traveltime="25.59" overlapTraveltime="26.06" density="9.10" occupancy="4.50" waitingTime="0.00" speed="9.73" departed="20" arrived="0" entered="11" left="21" laneChangedFrom="0" laneChangedTo="0"/>
        <edge id="1o" sampledSeconds="564.02" traveltime="46.84" overlapTraveltime="47.33" density="3.85" occupancy="1.90" waitingTime="0.00" speed="10.43" departed="0" arrived="0" entered="12" left="11" laneChangedFrom="0" laneChangedTo="0"/>
        <edge id="1si" sampledSeconds="760.93" traveltime="37.22" overlapTraveltime="39.14" density="10.70" occupancy="1.75" waitingTime="266.00" speed="6.19" departed="0" arrived="0" entered="21" left="14" laneChangedFrom="0" laneChangedTo="0"/>
        <edge id="2fi" sampledSeconds="684.57" traveltime="25.54" overlapTraveltime="26.00" density="9.18" occupancy="4.54" waitingTime="0.00" speed="9.75" departed="20" arrived="0" entered="9" left="25" laneChangedFrom="0" laneChangedTo="0"/>
        <edge id="2o" sampledSeconds="635.16" traveltime="47.06" overlapTraveltime="47.59" density="4.33" occupancy="2.14" waitingTime="0.00" speed="10.37" departed="0" arrived="0" entered="20" left="9" laneChangedFrom="0" laneChangedTo="0"/>
        <edge id="2si" sampledSeconds="827.31" traveltime="35.66" overlapTraveltime="36.33" density="11.63" occupancy="1.92" waitingTime="331.00" speed="6.67" departed="0" arrived="0" entered="25" left="12" laneChangedFrom="0" laneChangedTo="0"/>
        <edge id="3fi" sampledSeconds="985.48" traveltime="26.15" overlapTraveltime="26.63" density="13.22" occupancy="6.55" waitingTime="0.00" speed="9.52" departed="40" arrived="0" entered="0" left="36" laneChangedFrom="0" laneChangedTo="0"/>
        <edge id="3o" sampledSeconds="107.07" traveltime="46.97" overlapTraveltime="47.45" density="0.73" occupancy="0.36" waitingTime="0.00" speed="10.40" departed="0" arrived="0" entered="6" left="0" laneChangedFrom="0" laneChangedTo="0"/>
        <edge id="3si" sampledSeconds="1261.36" traveltime="37.06" overlapTraveltime="37.73" density="17.73" occupancy="2.91" waitingTime="509.00" speed="6.42" departed="0" arrived="0" entered="36" left="32" laneChangedFrom="0" laneChangedTo="0"/>
        <edge id="4fi" sampledSeconds="274.88" traveltime="23.74" overlapTraveltime="24.19" density="3.69" occupancy="1.81" waitingTime="0.00" speed="10.48" departed="0" arrived="0" entered="13" left="11" laneChangedFrom="0" laneChangedTo="0"/>
        <edge id="4o" sampledSeconds="938.16" traveltime="47.04" overlapTraveltime="47.52" density="6.40" occupancy="3.17" waitingTime="0.00" speed="10.39" departed="0" arrived="0" entered="26" left="13" laneChangedFrom="0" laneChangedTo="0"/>
        <edge id="4si" sampledSeconds="354.69" traveltime="29.91" overlapTraveltime="32.45" density="4.99" occupancy="0.82" waitingTime="118.00" speed="7.46" departed="0" arrived="0" entered="11" left="10" laneChangedFrom="0" laneChangedTo="0"/>
    </interval>
    <interval begin="0.00" end="300.00" id="dump_300">
        <edge id="1fi">
            <lane id="1fi_0" sampledSeconds="678.10" traveltime="25.59" overlapTraveltime="26.06" density="9.10" occupancy="4.50" waitingTime="0.00" speed="9.73" departed="20" arrived="0" entered="11" left="21" laneChangedFrom="0" laneChangedTo="0"/>
        </edge>
        <edge id="1o">
            <lane id="1o_0" sampledSeconds="564.02" traveltime="46.84" overlapTraveltime="47.33" density="3.85" occupancy="1.90" waitingTime="0.00" speed="10.43" departed="0" arrived="0" entered="12" left="11" laneChangedFrom="0" laneChangedTo="0"/>
        </edge>
        <edge id="1si">
            <lane id="1si_0" sampledSeconds="0.00" departed="0" arrived="0" entered="0" left="0" laneChangedFrom="0" laneChangedTo="0"/>
            <lane id="1si_1" sampledSeconds="55.14" traveltime="17.96" overlapTraveltime="18.38" density="0.77" occupancy="0.38" waitingTime="0.00" speed="13.18" departed="0" arrived="0" entered="3" left="3" laneChangedFrom="0" laneChangedTo="0"/>
            <lane id="1si_2" sampledSeconds="705.80" traveltime="40.71" overlapTraveltime="42.93" density="9.92" occupancy="4.88" waitingTime="266.00" speed="5.64" departed="0" arrived="0" entered="18" left="11" laneChangedFrom="0" laneChangedTo="0"/>
        </edge>
        <edge id="2fi">
            <lane id="2fi_0" sampledSeconds="684.57" traveltime="25.54" overlapTraveltime="26.00" density="9.18" occupancy="4.54" waitingTime="0.00" speed="9.75" departed="20" arrived="0" entered="9" left="25" laneChangedFrom="0" laneChangedTo="0"/>
        </edge>
        <edge id="2o">
            <lane id="2o_0" sampledSeconds="635.16" traveltime="47.06" overlapTraveltime="47.59" density="4.33" occupancy="2.14" waitingTime="0.00" speed="10.37" departed="0" arrived="0" entered="20" left="9" laneChangedFrom="0" laneChangedTo="0"/>
        </edge>
        <edge id="2si">
            <lane id="2si_0" sampledSeconds="257.12" traveltime="40.77" overlapTraveltime="41.63" density="3.61" occupancy="1.80" waitingTime="119.00" speed="5.82" departed="0" arrived="0" entered="7" left="0" laneChangedFrom="0" laneChangedTo="0"/>
            <lane id="2si_1" sampledSeconds="570.19" traveltime="33.73" overlapTraveltime="34.36" density="8.01" occupancy="3.96" waitingTime="212.00" speed="7.05" departed="0" arrived="0" entered="18" left="12" laneChangedFrom="0" laneChangedTo="0"/>
            <lane id="2si_2" sampledSeconds="0.00" departed="0" arrived="0" entered="0" left="0" laneChangedFrom="0" laneChangedTo="0"/>
        </edge>
        <edge id="3fi">
            <lane id="3fi_0" sampledSeconds="985.48" traveltime="26.15" overlapTraveltime="26.63" density="13.22" occupancy="6.55" waitingTime="0.00" speed="9.52" departed="40" arrived="0" entered="0" left="36" laneChangedFrom="0" laneChangedTo="0"/>
        </edge>
        <edge id="3o">
            <lane id="3o_0" sampledSeconds="107.07" traveltime="46.97" overlapTraveltime="47.45" density="0.73" occupancy="0.36" waitingTime="0.00" speed="10.40" departed="0" arrived="0" entered="6" left="0" laneChangedFrom="0" laneChangedTo="0"/>
        </edge>
        <edge id="3si">
            <lane id="3si_0" sampledSeconds="653.44" traveltime="38.02" overlapTraveltime="38.70" density="9.18" occupancy="4.53" waitingTime="273.00" speed="6.26" departed="0" arrived="0" entered="18" left="16" laneChangedFrom="0" laneChangedTo="0"/>
            <lane id="3si_1" sampledSeconds="607.92" traveltime="36.08" overlapTraveltime="36.73" density="8.54" occupancy="4.21" waitingTime="236.00" speed="6.59" departed="0" arrived="0" entered="18" left="16" laneChangedFrom="0" laneChangedTo="0"/>
            <lane id="3si_2" sampledSeconds="0.00" departed="0" arrived="0" entered="0" left="0" laneChangedFrom="0" laneChangedTo="0"/>
        </edge>
        <edge id="4fi">
            <lane id="4fi_0" sampledSeconds="274.88" traveltime="23.74" overlapTraveltime="24.19" density="3.69" occupancy="1.81" waitingTime="0.00" speed="10.48" departed="0" arrived="0" entered="13" left="11" laneChangedFrom="0" laneChangedTo="0"/>
        </edge>
        <edge id="4o">
            <lane id="4o_0" sampledSeconds="938.16" traveltime="47.04" overlapTraveltime="47.52" density="6.40" occupancy="3.17" waitingTime="0.00" speed="10.39" departed="0" arrived="0" entered="26" left="13" laneChangedFrom="0" laneChangedTo="0"/>
        </edge>
        <edge id="4si">
            <lane id="4si_0" sampledSeconds="0.00" departed="0" arrived="0" entered="0" left="0" laneChangedFrom="0" laneChangedTo="0"/>
            <lane id="4si_1" sampledSeconds="129.24" traveltime="18.03" overlapTraveltime="18.46" density="1.82" occupancy="0.89" waitingTime="0.00" speed="13.12" departed="0" arrived="0" entered="7" left="7" laneChangedFrom="0" laneChangedTo="0"/>
            <lane id="4si_2" sampledSeconds="225.46" traveltime="50.84" overlapTraveltime="57.36" density="3.17" occupancy="1.56" waitingTime="118.00" speed="4.22" departed="0" arrived="0" entered="4" left="3" laneChangedFrom="0" laneChangedTo="0"/>
        </edge>
    </interval>
    <interval begin="900.00" end="1000.00" id="dump_300">
        <edge id="1fi" sampledSeconds="1240.35" traveltime="36.35" overlapTraveltime="37.95" density="49.91" occupancy="24.54" waitingTime="158.00" speed="6.68" departed="11" arrived="6" entered="23" left="23" laneChangedFrom="0" laneChangedTo="0"/>
        <edge id="1o" sampledSeconds="1161.96" traveltime="47.07" overlapTraveltime="47.59" density="23.78" occupancy="11.76" waitingTime="0.00" speed="10.37" departed="0" arrived="0" entered="27" left="23" laneChangedFrom="0" laneChangedTo="0"/>
        <edge id="1si" sampledSeconds="3475.47" traveltime="144.68" overlapTraveltime="146.54" density="146.55" occupancy="24.24" waitingTime="1934.00" speed="1.65" departed="0" arrived="0" entered="22" left="22" laneChangedFrom="0" laneChangedTo="0"/>
        <edge id="2fi" sampledSeconds="822.56" traveltime="24.51" overlapTraveltime="24.98" density="33.10" occupancy="16.30" waitingTime="0.00" speed="10.15" departed="10" arrived="8" entered="22" left="25" laneChangedFrom="0" laneChangedTo="0"/>
        <edge id="2o" sampledSeconds="1098.30" traveltime="47.01" overlapTraveltime="47.51" density="22.48" occupancy="11.11" waitingTime="0.00" speed="10.39" departed="0" arrived="0" entered="25" left="22" laneChangedFrom="0" laneChangedTo="0"/>
        <edge id="2si" sampledSeconds="1216.61" traveltime="46.94" overlapTraveltime="48.52" density="51.30" occupancy="8.45" waitingTime="596.00" speed="4.99" departed="0" arrived="0" entered="25" left="22" laneChangedFrom="0" laneChangedTo="0"/>
        <edge id="3fi" sampledSeconds="978.68" traveltime="24.70" overlapTraveltime="25.18" density="39.38" occupancy="19.41" waitingTime="0.00" speed="10.07" departed="14" arrived="16" entered="26" left="22" laneChangedFrom="0" laneChangedTo="0"/>
        <edge id="3o" sampledSeconds="1263.74" traveltime="46.95" overlapTraveltime="47.46" density="25.86" occupancy="12.80" waitingTime="0.00" speed="10.40" departed="0" arrived="0" entered="24" left="26" laneChangedFrom="0" laneChangedTo="0"/>
        <edge id="3si" sampledSeconds="1072.12" traveltime="46.17" overlapTraveltime="48.15" density="45.21" occupancy="7.41" waitingTime="460.00" speed="5.03" departed="0" arrived="0" entered="22" left="30" laneChangedFrom="0" laneChangedTo="0"/>
        <edge id="4fi" sampledSeconds="536.59" traveltime="23.82" overlapTraveltime="24.28" density="21.59" occupancy="10.57" waitingTime="0.00" speed="10.44" departed="0" arrived="0" entered="24" left="23" laneChangedFrom="0" laneChangedTo="0"/>
        <edge id="4o" sampledSeconds="1056.02" traveltime="47.10" overlapTraveltime="47.58" density="21.61" occupancy="10.69" waitingTime="0.00" speed="10.37" departed="0" arrived="0" entered="21" left="24" laneChangedFrom="0" laneChangedTo="0"/>
        <edge id="4si" sampledSeconds="1055.34" traveltime="43.03" overlapTraveltime="44.81" density="44.50" occupancy="7.30" waitingTime="427.00" speed="5.40" departed="0" arrived="0" entered="23" left="29" laneChangedFrom="0" laneChangedTo="0"/>
    </interval>
</meandata>
