<?xml version="1.0" encoding="UTF-8"?>

<!-- generated on Thu Apr 18 00:13:39 2019 by Eclipse SUMO Version v1_2_0+0017-2a947141e5
This data file and the accompanying materials
are made available under the terms of the Eclipse Public License v2.0
which accompanies this distribution, and is available at
http://www.eclipse.org/legal/epl-v20.html
SPDX-License-Identifier: EPL-2.0
<configuration xmlns:xsi="http://www.w3.org/2001/XMLSchema-instance" xsi:noNamespaceSchemaLocation="http://sumo.dlr.de/xsd/sumoConfiguration.xsd">

    <input>
        <net-file value="net.net.xml"/>
        <route-files value="input_routes.rou.xml"/>
        <additional-files value="input_additional.add.xml"/>
    </input>

    <output>
        <write-license value="true"/>
    </output>

    <time>
        <begin value="0"/>
        <end value="1000"/>
    </time>

    <processing>
        <default.speeddev value="0"/>
    </processing>

    <report>
        <duration-log.disable value="true"/>
        <no-step-log value="true"/>
    </report>

</configuration>
-->

<meandata xmlns:xsi="http://www.w3.org/2001/XMLSchema-instance" xsi:noNamespaceSchemaLocation="http://sumo.dlr.de/xsd/meandata_file.xsd">
    <interval begin="0.00" end="60.00" id="dump_60">
        <edge id="1fi" sampledSeconds="0.00" departed="0" arrived="0" entered="0" left="0" laneChangedFrom="0" laneChangedTo="0"/>
        <edge id="1o" sampledSeconds="0.00" departed="0" arrived="0" entered="0" left="0" laneChangedFrom="0" laneChangedTo="0"/>
        <edge id="1si" sampledSeconds="0.00" departed="0" arrived="0" entered="0" left="0" laneChangedFrom="0" laneChangedTo="0"/>
        <edge id="2fi" sampledSeconds="0.00" departed="0" arrived="0" entered="0" left="0" laneChangedFrom="0" laneChangedTo="0"/>
        <edge id="2o" sampledSeconds="0.00" departed="0" arrived="0" entered="0" left="0" laneChangedFrom="0" laneChangedTo="0"/>
        <edge id="2si" sampledSeconds="0.00" departed="0" arrived="0" entered="0" left="0" laneChangedFrom="0" laneChangedTo="0"/>
        <edge id="3fi" sampledSeconds="0.00" departed="0" arrived="0" entered="0" left="0" laneChangedFrom="0" laneChangedTo="0"/>
        <edge id="3o" sampledSeconds="0.00" departed="0" arrived="0" entered="0" left="0" laneChangedFrom="0" laneChangedTo="0"/>
        <edge id="3si" sampledSeconds="0.00" departed="0" arrived="0" entered="0" left="0" laneChangedFrom="0" laneChangedTo="0"/>
        <edge id="4fi" sampledSeconds="0.00" departed="0" arrived="0" entered="0" left="0" laneChangedFrom="0" laneChangedTo="0"/>
        <edge id="4o" sampledSeconds="0.00" departed="0" arrived="0" entered="0" left="0" laneChangedFrom="0" laneChangedTo="0"/>
        <edge id="4si" sampledSeconds="0.00" departed="0" arrived="0" entered="0" left="0" laneChangedFrom="0" laneChangedTo="0"/>
    </interval>
    <interval begin="0.00" end="60.00" id="dump_60">
        <edge id="1fi">
            <lane id="1fi_0" sampledSeconds="0.00" departed="0" arrived="0" entered="0" left="0" laneChangedFrom="0" laneChangedTo="0"/>
        </edge>
        <edge id="1o">
            <lane id="1o_0" sampledSeconds="0.00" departed="0" arrived="0" entered="0" left="0" laneChangedFrom="0" laneChangedTo="0"/>
        </edge>
        <edge id="1si">
            <lane id="1si_0" sampledSeconds="0.00" departed="0" arrived="0" entered="0" left="0" laneChangedFrom="0" laneChangedTo="0"/>
            <lane id="1si_1" sampledSeconds="0.00" departed="0" arrived="0" entered="0" left="0" laneChangedFrom="0" laneChangedTo="0"/>
            <lane id="1si_2" sampledSeconds="0.00" departed="0" arrived="0" entered="0" left="0" laneChangedFrom="0" laneChangedTo="0"/>
        </edge>
        <edge id="2fi">
            <lane id="2fi_0" sampledSeconds="0.00" departed="0" arrived="0" entered="0" left="0" laneChangedFrom="0" laneChangedTo="0"/>
        </edge>
        <edge id="2o">
            <lane id="2o_0" sampledSeconds="0.00" departed="0" arrived="0" entered="0" left="0" laneChangedFrom="0" laneChangedTo="0"/>
        </edge>
        <edge id="2si">
            <lane id="2si_0" sampledSeconds="0.00" departed="0" arrived="0" entered="0" left="0" laneChangedFrom="0" laneChangedTo="0"/>
            <lane id="2si_1" sampledSeconds="0.00" departed="0" arrived="0" entered="0" left="0" laneChangedFrom="0" laneChangedTo="0"/>
            <lane id="2si_2" sampledSeconds="0.00" departed="0" arrived="0" entered="0" left="0" laneChangedFrom="0" laneChangedTo="0"/>
        </edge>
        <edge id="3fi">
            <lane id="3fi_0" sampledSeconds="0.00" departed="0" arrived="0" entered="0" left="0" laneChangedFrom="0" laneChangedTo="0"/>
        </edge>
        <edge id="3o">
            <lane id="3o_0" sampledSeconds="0.00" departed="0" arrived="0" entered="0" left="0" laneChangedFrom="0" laneChangedTo="0"/>
        </edge>
        <edge id="3si">
            <lane id="3si_0" sampledSeconds="0.00" departed="0" arrived="0" entered="0" left="0" laneChangedFrom="0" laneChangedTo="0"/>
            <lane id="3si_1" sampledSeconds="0.00" departed="0" arrived="0" entered="0" left="0" laneChangedFrom="0" laneChangedTo="0"/>
            <lane id="3si_2" sampledSeconds="0.00" departed="0" arrived="0" entered="0" left="0" laneChangedFrom="0" laneChangedTo="0"/>
        </edge>
        <edge id="4fi">
            <lane id="4fi_0" sampledSeconds="0.00" departed="0" arrived="0" entered="0" left="0" laneChangedFrom="0" laneChangedTo="0"/>
        </edge>
        <edge id="4o">
            <lane id="4o_0" sampledSeconds="0.00" departed="0" arrived="0" entered="0" left="0" laneChangedFrom="0" laneChangedTo="0"/>
        </edge>
        <edge id="4si">
            <lane id="4si_0" sampledSeconds="0.00" departed="0" arrived="0" entered="0" left="0" laneChangedFrom="0" laneChangedTo="0"/>
            <lane id="4si_1" sampledSeconds="0.00" departed="0" arrived="0" entered="0" left="0" laneChangedFrom="0" laneChangedTo="0"/>
            <lane id="4si_2" sampledSeconds="0.00" departed="0" arrived="0" entered="0" left="0" laneChangedFrom="0" laneChangedTo="0"/>
        </edge>
    </interval>
    <interval begin="60.00" end="120.00" id="dump_60">
        <edge id="1fi" sampledSeconds="28.00" traveltime="28.65" overlapTraveltime="29.23" density="1.88" occupancy="0.94" waitingTime="0.00" speed="8.67" departed="2" arrived="0" entered="0" left="0" laneChangedFrom="0" laneChangedTo="0"/>
        <edge id="1o" sampledSeconds="0.00" departed="0" arrived="0" entered="0" left="0" laneChangedFrom="0" laneChangedTo="0"/>
        <edge id="1si" sampledSeconds="0.00" departed="0" arrived="0" entered="0" left="0" laneChangedFrom="0" laneChangedTo="0"/>
        <edge id="2fi" sampledSeconds="28.00" traveltime="28.45" overlapTraveltime="29.02" density="1.88" occupancy="0.94" waitingTime="0.00" speed="8.74" departed="2" arrived="0" entered="0" left="0" laneChangedFrom="0" laneChangedTo="0"/>
        <edge id="2o" sampledSeconds="0.00" departed="0" arrived="0" entered="0" left="0" laneChangedFrom="0" laneChangedTo="0"/>
        <edge id="2si" sampledSeconds="0.00" departed="0" arrived="0" entered="0" left="0" laneChangedFrom="0" laneChangedTo="0"/>
        <edge id="3fi" sampledSeconds="50.00" traveltime="28.72" overlapTraveltime="29.30" density="3.35" occupancy="1.68" waitingTime="0.00" speed="8.65" departed="4" arrived="0" entered="0" left="0" laneChangedFrom="0" laneChangedTo="0"/>
        <edge id="3o" sampledSeconds="0.00" departed="0" arrived="0" entered="0" left="0" laneChangedFrom="0" laneChangedTo="0"/>
        <edge id="3si" sampledSeconds="0.00" departed="0" arrived="0" entered="0" left="0" laneChangedFrom="0" laneChangedTo="0"/>
        <edge id="4fi" sampledSeconds="0.00" departed="0" arrived="0" entered="0" left="0" laneChangedFrom="0" laneChangedTo="0"/>
        <edge id="4o" sampledSeconds="0.00" departed="0" arrived="0" entered="0" left="0" laneChangedFrom="0" laneChangedTo="0"/>
        <edge id="4si" sampledSeconds="0.00" departed="0" arrived="0" entered="0" left="0" laneChangedFrom="0" laneChangedTo="0"/>
    </interval>
    <interval begin="60.00" end="120.00" id="dump_60">
        <edge id="1fi">
            <lane id="1fi_0" sampledSeconds="28.00" traveltime="28.65" overlapTraveltime="29.23" density="1.88" occupancy="0.94" waitingTime="0.00" speed="8.67" departed="2" arrived="0" entered="0" left="0" laneChangedFrom="0" laneChangedTo="0"/>
        </edge>
        <edge id="1o">
            <lane id="1o_0" sampledSeconds="0.00" departed="0" arrived="0" entered="0" left="0" laneChangedFrom="0" laneChangedTo="0"/>
        </edge>
        <edge id="1si">
            <lane id="1si_0" sampledSeconds="0.00" departed="0" arrived="0" entered="0" left="0" laneChangedFrom="0" laneChangedTo="0"/>
            <lane id="1si_1" sampledSeconds="0.00" departed="0" arrived="0" entered="0" left="0" laneChangedFrom="0" laneChangedTo="0"/>
            <lane id="1si_2" sampledSeconds="0.00" departed="0" arrived="0" entered="0" left="0" laneChangedFrom="0" laneChangedTo="0"/>
        </edge>
        <edge id="2fi">
            <lane id="2fi_0" sampledSeconds="28.00" traveltime="28.45" overlapTraveltime="29.02" density="1.88" occupancy="0.94" waitingTime="0.00" speed="8.74" departed="2" arrived="0" entered="0" left="0" laneChangedFrom="0" laneChangedTo="0"/>
        </edge>
        <edge id="2o">
            <lane id="2o_0" sampledSeconds="0.00" departed="0" arrived="0" entered="0" left="0" laneChangedFrom="0" laneChangedTo="0"/>
        </edge>
        <edge id="2si">
            <lane id="2si_0" sampledSeconds="0.00" departed="0" arrived="0" entered="0" left="0" laneChangedFrom="0" laneChangedTo="0"/>
            <lane id="2si_1" sampledSeconds="0.00" departed="0" arrived="0" entered="0" left="0" laneChangedFrom="0" laneChangedTo="0"/>
            <lane id="2si_2" sampledSeconds="0.00" departed="0" arrived="0" entered="0" left="0" laneChangedFrom="0" laneChangedTo="0"/>
        </edge>
        <edge id="3fi">
            <lane id="3fi_0" sampledSeconds="50.00" traveltime="28.72" overlapTraveltime="29.30" density="3.35" occupancy="1.68" waitingTime="0.00" speed="8.65" departed="4" arrived="0" entered="0" left="0" laneChangedFrom="0" laneChangedTo="0"/>
        </edge>
        <edge id="3o">
            <lane id="3o_0" sampledSeconds="0.00" departed="0" arrived="0" entered="0" left="0" laneChangedFrom="0" laneChangedTo="0"/>
        </edge>
        <edge id="3si">
            <lane id="3si_0" sampledSeconds="0.00" departed="0" arrived="0" entered="0" left="0" laneChangedFrom="0" laneChangedTo="0"/>
            <lane id="3si_1" sampledSeconds="0.00" departed="0" arrived="0" entered="0" left="0" laneChangedFrom="0" laneChangedTo="0"/>
            <lane id="3si_2" sampledSeconds="0.00" departed="0" arrived="0" entered="0" left="0" laneChangedFrom="0" laneChangedTo="0"/>
        </edge>
        <edge id="4fi">
            <lane id="4fi_0" sampledSeconds="0.00" departed="0" arrived="0" entered="0" left="0" laneChangedFrom="0" laneChangedTo="0"/>
        </edge>
        <edge id="4o">
            <lane id="4o_0" sampledSeconds="0.00" departed="0" arrived="0" entered="0" left="0" laneChangedFrom="0" laneChangedTo="0"/>
        </edge>
        <edge id="4si">
            <lane id="4si_0" sampledSeconds="0.00" departed="0" arrived="0" entered="0" left="0" laneChangedFrom="0" laneChangedTo="0"/>
            <lane id="4si_1" sampledSeconds="0.00" departed="0" arrived="0" entered="0" left="0" laneChangedFrom="0" laneChangedTo="0"/>
            <lane id="4si_2" sampledSeconds="0.00" departed="0" arrived="0" entered="0" left="0" laneChangedFrom="0" laneChangedTo="0"/>
        </edge>
    </interval>
    <interval begin="900.00" end="960.00" id="dump_60">
        <edge id="1fi" sampledSeconds="633.38" traveltime="29.19" overlapTraveltime="29.77" density="42.48" occupancy="20.95" waitingTime="2.00" speed="8.52" departed="6" arrived="6" entered="13" left="21" laneChangedFrom="0" laneChangedTo="0"/>
        <edge id="1o" sampledSeconds="669.96" traveltime="47.03" overlapTraveltime="47.52" density="22.85" occupancy="11.29" waitingTime="0.00" speed="10.39" departed="0" arrived="0" entered="19" left="13" laneChangedFrom="0" laneChangedTo="0"/>
        <edge id="1si" sampledSeconds="2273.04" traveltime="114.71" overlapTraveltime="116.48" density="159.75" occupancy="26.49" waitingTime="1349.00" speed="2.08" departed="0" arrived="0" entered="20" left="14" laneChangedFrom="0" laneChangedTo="0"/>
        <edge id="2fi" sampledSeconds="459.11" traveltime="24.39" overlapTraveltime="24.86" density="30.79" occupancy="15.14" waitingTime="0.00" speed="10.20" departed="5" arrived="8" entered="13" left="13" laneChangedFrom="0" laneChangedTo="0"/>
        <edge id="2o" sampledSeconds="657.23" traveltime="47.04" overlapTraveltime="47.53" density="22.42" occupancy="11.08" waitingTime="0.00" speed="10.39" departed="0" arrived="0" entered="17" left="13" laneChangedFrom="0" laneChangedTo="0"/>
        <edge id="2si" sampledSeconds="921.07" traveltime="59.88" overlapTraveltime="61.37" density="64.73" occupancy="10.69" waitingTime="519.00" speed="3.95" departed="0" arrived="0" entered="13" left="15" laneChangedFrom="0" laneChangedTo="0"/>
        <edge id="3fi" sampledSeconds="597.37" traveltime="24.38" overlapTraveltime="24.86" density="40.07" occupancy="19.74" waitingTime="0.00" speed="10.20" departed="5" arrived="10" entered="20" left="13" laneChangedFrom="0" laneChangedTo="0"/>
        <edge id="3o" sampledSeconds="742.55" traveltime="46.95" overlapTraveltime="47.46" density="25.33" occupancy="12.52" waitingTime="0.00" speed="10.40" departed="0" arrived="0" entered="13" left="21" laneChangedFrom="0" laneChangedTo="0"/>
        <edge id="3si" sampledSeconds="496.21" traveltime="40.69" overlapTraveltime="43.27" density="34.87" occupancy="5.67" waitingTime="182.00" speed="5.60" departed="0" arrived="0" entered="12" left="20" laneChangedFrom="0" laneChangedTo="0"/>
        <edge id="4fi" sampledSeconds="349.18" traveltime="23.83" overlapTraveltime="24.29" density="23.42" occupancy="11.48" waitingTime="0.00" speed="10.44" departed="0" arrived="0" entered="18" left="11" laneChangedFrom="0" laneChangedTo="0"/>
        <edge id="4o" sampledSeconds="699.59" traveltime="47.09" overlapTraveltime="47.56" density="23.86" occupancy="11.80" waitingTime="0.00" speed="10.38" departed="0" arrived="0" entered="13" left="18" laneChangedFrom="0" laneChangedTo="0"/>
        <edge id="4si" sampledSeconds="450.61" traveltime="34.73" overlapTraveltime="37.21" density="31.67" occupancy="5.14" waitingTime="113.00" speed="6.51" departed="0" arrived="0" entered="11" left="20" laneChangedFrom="0" laneChangedTo="0"/>
    </interval>
    <interval begin="960.00" end="1000.00" id="dump_60">
        <edge id="1fi" sampledSeconds="606.97" traveltime="49.46" overlapTraveltime="53.23" density="61.06" occupancy="29.94" waitingTime="156.00" speed="4.76" departed="5" arrived="0" entered="10" left="2" laneChangedFrom="0" laneChangedTo="0"/>
        <edge id="1o" sampledSeconds="492.00" traveltime="47.12" overlapTraveltime="47.69" density="25.17" occupancy="12.46" waitingTime="0.00" speed="10.35" departed="0" arrived="0" entered="8" left="10" laneChangedFrom="0" laneChangedTo="0"/>
        <edge id="1si" sampledSeconds="1202.44" traveltime="288.21" overlapTraveltime="286.13" density="126.76" occupancy="20.87" waitingTime="585.00" speed="0.85" departed="0" arrived="0" entered="2" left="8" laneChangedFrom="0" laneChangedTo="0"/>
        <edge id="2fi" sampledSeconds="363.45" traveltime="24.67" overlapTraveltime="25.13" density="36.56" occupancy="18.03" waitingTime="0.00" speed="10.09" departed="5" arrived="0" entered="9" left="12" laneChangedFrom="0" laneChangedTo="0"/>
        <edge id="2o" sampledSeconds="441.08" traveltime="46.96" overlapTraveltime="47.49" density="22.57" occupancy="11.17" waitingTime="0.00" speed="10.39" departed="0" arrived="0" entered="8" left="9" laneChangedFrom="0" laneChangedTo="0"/>
        <edge id="2si" sampledSeconds="295.54" traveltime="27.70" overlapTraveltime="29.36" density="31.16" occupancy="5.09" waitingTime="77.00" speed="8.25" departed="0" arrived="0" entered="12" left="7" laneChangedFrom="0" laneChangedTo="0"/>
        <edge id="3fi" sampledSeconds="381.31" traveltime="25.22" overlapTraveltime="25.70" density="38.36" occupancy="18.92" waitingTime="0.00" speed="9.87" departed="9" arrived="6" entered="6" left="9" laneChangedFrom="0" laneChangedTo="0"/>
        <edge id="3o" sampledSeconds="521.19" traveltime="46.96" overlapTraveltime="47.46" density="26.66" occupancy="13.22" waitingTime="0.00" speed="10.40" departed="0" arrived="0" entered="11" left="5" laneChangedFrom="0" laneChangedTo="0"/>
        <edge id="3si" sampledSeconds="575.91" traveltime="51.89" overlapTraveltime="53.32" density="60.71" occupancy="10.01" waitingTime="278.00" speed="4.54" departed="0" arrived="0" entered="10" left="10" laneChangedFrom="0" laneChangedTo="0"/>
        <edge id="4fi" sampledSeconds="187.41" traveltime="23.81" overlapTraveltime="24.27" density="18.85" occupancy="9.21" waitingTime="0.00" speed="10.44" departed="0" arrived="0" entered="6" left="12" laneChangedFrom="0" laneChangedTo="0"/>
        <edge id="4o" sampledSeconds="356.43" traveltime="47.13" overlapTraveltime="47.62" density="18.24" occupancy="9.02" waitingTime="0.00" speed="10.37" departed="0" arrived="0" entered="8" left="6" laneChangedFrom="0" laneChangedTo="0"/>
        <edge id="4si" sampledSeconds="604.72" traveltime="51.65" overlapTraveltime="52.84" density="63.75" occupancy="10.52" waitingTime="314.00" speed="4.58" departed="0" arrived="0" entered="12" left="9" laneChangedFrom="0" laneChangedTo="0"/>
    </interval>
</meandata>
