<?xml version="1.0" encoding="UTF-8"?>

<!-- generated on Thu Apr 18 00:13:39 2019 by Eclipse SUMO duarouter Version v1_2_0+0017-2a947141e5
This data file and the accompanying materials
are made available under the terms of the Eclipse Public License v2.0
which accompanies this distribution, and is available at
http://www.eclipse.org/legal/epl-v20.html
SPDX-License-Identifier: EPL-2.0
<configuration xmlns:xsi="http://www.w3.org/2001/XMLSchema-instance" xsi:noNamespaceSchemaLocation="http://sumo.dlr.de/xsd/duarouterConfiguration.xsd">

    <input>
        <net-file value="input_net.net.xml"/>
        <route-files value="input_trips.trips.xml"/>
    </input>

    <output>
        <write-license value="true"/>
        <output-file value="routes.rou.xml"/>
        <alternatives-output value="routes.rou.alt.xml"/>
    </output>

    <report>
        <no-step-log value="true"/>
    </report>

</configuration>
-->

<routes xmlns:xsi="http://www.w3.org/2001/XMLSchema-instance" xsi:noNamespaceSchemaLocation="http://sumo.dlr.de/xsd/routes_file.xsd">
    <vehicle id="0" depart="0.00">
        <routeDistribution last="0">
            <route cost="125.90" probability="1.00000000" edges="beg middle end rend"/>
        </routeDistribution>
    </vehicle>
    <vehicle id="1" depart="0.00">
        <routeDistribution last="0">
            <route cost="125.90" probability="1.00000000" edges="beg middle end rend"/>
        </routeDistribution>
    </vehicle>
    <vehicle id="2" depart="0.00">
        <routeDistribution last="0">
            <route cost="125.90" probability="1.00000000" edges="beg middle end rend"/>
        </routeDistribution>
    </vehicle>
    <vehicle id="3" depart="0.00">
        <routeDistribution last="0">
            <route cost="125.90" probability="1.00000000" edges="beg middle end rend"/>
        </routeDistribution>
    </vehicle>
    <vehicle id="4" depart="0.00">
        <routeDistribution last="0">
            <route cost="125.90" probability="1.00000000" edges="beg middle end rend"/>
        </routeDistribution>
    </vehicle>
    <vehicle id="5" depart="0.00">
        <routeDistribution last="0">
            <route cost="125.90" probability="1.00000000" edges="beg middle end rend"/>
        </routeDistribution>
    </vehicle>
    <vehicle id="6" depart="0.00">
        <routeDistribution last="0">
            <route cost="125.90" probability="1.00000000" edges="beg middle end rend"/>
        </routeDistribution>
    </vehicle>
    <vehicle id="7" depart="0.00">
        <routeDistribution last="0">
            <route cost="125.90" probability="1.00000000" edges="beg middle end rend"/>
        </routeDistribution>
    </vehicle>
    <vehicle id="8" depart="0.00">
        <routeDistribution last="0">
            <route cost="125.90" probability="1.00000000" edges="beg middle end rend"/>
        </routeDistribution>
    </vehicle>
    <vehicle id="9" depart="0.00">
        <routeDistribution last="0">
            <route cost="125.90" probability="1.00000000" edges="beg middle end rend"/>
        </routeDistribution>
    </vehicle>
</routes>
