<?xml version="1.0" encoding="UTF-8"?>
<!-- generated on 2020-02-17 13:29:24.932746 by turnFile2EdgeRelations.py v1_5_0+0118-a6ba6eb
  options: -t input_turns.turns.xml -o tmp.xml
-->
<edgeRelations xmlns:xsi="http://www.w3.org/2001/XMLSchema-instance" xsi:noNamespaceSchemaLocation="http://sumo.dlr.de/xsd/edgerelations_file.xsd">
    <interval begin="0" end="10000">
        <edgeRelation from="beg" to="beg2right" probability=".5"/>
        <edgeRelation from="beg" to="beg2left" probability=".5"/>
        <edgeRelation from="beg" to="middle" probability="0"/>
        <edgeRelation from="beg" to="-beg" probability="0"/>
        <edgeRelation from="right2end" to="-middle" probability="1"/>
        <edgeRelation from="right2end" to="end" probability="0"/>
        <edgeRelation from="right2end" to="-left2end" probability="0"/>
        <edgeRelation from="right2end" to="-right2end" probability="0"/>
        <edgeRelation from="left2end" to="-middle" probability="1"/>
        <edgeRelation from="left2end" to="end" probability="0"/>
        <edgeRelation from="left2end" to="-right2end" probability="0"/>
        <edgeRelation from="left2end" to="-left2end" probability="0"/>
        <edgeRelation from="-middle" to="middle" probability="1"/>
        <edgeRelation from="-middle" to="-beg" probability="0"/>
        <edgeRelation from="-middle" to="beg2right" probability="0"/>
        <edgeRelation from="-middle" to="beg2left" probability="0"/>
        <edgeRelation from="middle" to="end" probability="1"/>
        <edgeRelation from="middle" to="-middle" probability="0"/>
        <edgeRelation from="middle" to="-right2end" probability="0"/>
        <edgeRelation from="middle" to="-left2end" probability="0"/>
        <edgeRelation from="beg2right" to="right" probability="1"/>
        <edgeRelation from="beg2right" to="-beg2right" probability="0"/>
        <edgeRelation from="beg2left" to="left" probability="1"/>
        <edgeRelation from="beg2left" to="-beg2left" probability="0"/>
        <edgeRelation from="right" to="right2end" probability="1"/>
        <edgeRelation from="right" to="-right" probability="0"/>
        <edgeRelation from="left" to="left2end" probability="1"/>
        <edgeRelation from="left" to="-left" probability="0"/>
    </interval>
</edgeRelations>
