<?xml version="1.0" encoding="UTF-8"?>

<!-- generated on Thu Apr 18 00:13:39 2019 by Eclipse SUMO Version v1_2_0+0017-2a947141e5
This data file and the accompanying materials
are made available under the terms of the Eclipse Public License v2.0
which accompanies this distribution, and is available at
http://www.eclipse.org/legal/epl-v20.html
SPDX-License-Identifier: EPL-2.0
<configuration xmlns:xsi="http://www.w3.org/2001/XMLSchema-instance" xsi:noNamespaceSchemaLocation="http://sumo.dlr.de/xsd/sumoConfiguration.xsd">

    <input>
        <net-file value="net.net.xml"/>
        <route-files value="input_routes.rou.xml"/>
    </input>

    <output>
        <write-license value="true"/>
        <tripinfo-output value="tripinfos.xml"/>
    </output>

    <time>
        <begin value="0"/>
        <end value="1000"/>
    </time>

    <processing>
        <default.speeddev value="0"/>
    </processing>

    <report>
        <duration-log.disable value="true"/>
        <no-step-log value="true"/>
    </report>

</configuration>
-->

<tripinfos xmlns:xsi="http://www.w3.org/2001/XMLSchema-instance" xsi:noNamespaceSchemaLocation="http://sumo.dlr.de/xsd/tripinfo_file.xsd">
    <tripinfo id="horizontal.0" depart="100.00" departLane="2fi_0" departPos="5.10" departSpeed="0.00" departDelay="0.00" arrival="310.00" arrivalLane="2fi_0" arrivalPos="248.50" arrivalSpeed="10.78" duration="210.00" routeLength="2257.40" waitingTime="0.00" waitingCount="0" stopTime="0.00" timeLoss="15.15" rerouteNo="0" devices="tripinfo_horizontal.0" vType="DEFAULT_VEHTYPE" speedFactor="1.00" vaporized=""/>
    <tripinfo id="horizontal.1" depart="110.00" departLane="2fi_0" departPos="5.10" departSpeed="0.00" departDelay="0.00" arrival="319.00" arrivalLane="2fi_0" arrivalPos="248.50" arrivalSpeed="10.45" duration="209.00" routeLength="2257.40" waitingTime="0.00" waitingCount="0" stopTime="0.00" timeLoss="14.86" rerouteNo="0" devices="tripinfo_horizontal.1" vType="DEFAULT_VEHTYPE" speedFactor="1.00" vaporized=""/>
    <tripinfo id="horizontal.2" depart="120.00" departLane="2fi_0" departPos="5.10" departSpeed="0.00" departDelay="0.00" arrival="329.00" arrivalLane="2fi_0" arrivalPos="248.50" arrivalSpeed="10.54" duration="209.00" routeLength="2257.40" waitingTime="0.00" waitingCount="0" stopTime="0.00" timeLoss="14.13" rerouteNo="0" devices="tripinfo_horizontal.2" vType="DEFAULT_VEHTYPE" speedFactor="1.00" vaporized=""/>
    <tripinfo id="vertical.0" depart="103.00" departLane="3fi_0" departPos="5.10" departSpeed="0.00" departDelay="3.00" arrival="348.00" arrivalLane="3fi_0" arrivalPos="248.50" arrivalSpeed="11.04" duration="245.00" routeLength="2257.40" waitingTime="31.00" waitingCount="1" stopTime="0.00" timeLoss="50.99" rerouteNo="0" devices="tripinfo_vertical.0" vType="DEFAULT_VEHTYPE" speedFactor="1.00" vaporized=""/>
    <tripinfo id="vertical.1" depart="113.00" departLane="3fi_0" departPos="5.10" departSpeed="0.00" departDelay="3.00" arrival="350.00" arrivalLane="3fi_0" arrivalPos="248.50" arrivalSpeed="10.20" duration="237.00" routeLength="2257.40" waitingTime="22.00" waitingCount="1" stopTime="0.00" timeLoss="42.96" rerouteNo="0" devices="tripinfo_vertical.1" vType="DEFAULT_VEHTYPE" speedFactor="1.00" vaporized=""/>
    <tripinfo id="vertical.2" depart="123.00" departLane="3fi_0" departPos="5.10" departSpeed="0.00" departDelay="3.00" arrival="352.00" arrivalLane="3fi_0" arrivalPos="248.50" arrivalSpeed="10.76" duration="229.00" routeLength="2257.40" waitingTime="13.00" waitingCount="1" stopTime="0.00" timeLoss="34.79" rerouteNo="0" devices="tripinfo_vertical.2" vType="DEFAULT_VEHTYPE" speedFactor="1.00" vaporized=""/>
    <tripinfo id="vertical.3" depart="133.00" departLane="3fi_0" departPos="5.10" departSpeed="0.00" departDelay="3.00" arrival="354.00" arrivalLane="3fi_0" arrivalPos="248.50" arrivalSpeed="9.83" duration="221.00" routeLength="2257.40" waitingTime="2.00" waitingCount="1" stopTime="0.00" timeLoss="26.80" rerouteNo="0" devices="tripinfo_vertical.3" vType="DEFAULT_VEHTYPE" speedFactor="1.00" vaporized=""/>
    <tripinfo id="vertical.4" depart="143.00" departLane="3fi_0" departPos="5.10" departSpeed="0.00" departDelay="3.00" arrival="356.00" arrivalLane="3fi_0" arrivalPos="248.50" arrivalSpeed="10.94" duration="213.00" routeLength="2257.40" waitingTime="0.00" waitingCount="0" stopTime="0.00" timeLoss="18.84" rerouteNo="0" devices="tripinfo_vertical.4" vType="DEFAULT_VEHTYPE" speedFactor="1.00" vaporized=""/>
    <tripinfo id="vertical.5" depart="153.00" departLane="3fi_0" departPos="5.10" departSpeed="0.00" departDelay="3.00" arrival="362.00" arrivalLane="3fi_0" arrivalPos="248.50" arrivalSpeed="10.07" duration="209.00" routeLength="2257.40" waitingTime="0.00" waitingCount="0" stopTime="0.00" timeLoss="14.77" rerouteNo="0" devices="tripinfo_vertical.5" vType="DEFAULT_VEHTYPE" speedFactor="1.00" vaporized=""/>
    <tripinfo id="vertical.6" depart="163.00" departLane="3fi_0" departPos="5.10" departSpeed="0.00" departDelay="3.00" arrival="372.00" arrivalLane="3fi_0" arrivalPos="248.50" arrivalSpeed="10.98" duration="209.00" routeLength="2257.40" waitingTime="0.00" waitingCount="0" stopTime="0.00" timeLoss="14.55" rerouteNo="0" devices="tripinfo_vertical.6" vType="DEFAULT_VEHTYPE" speedFactor="1.00" vaporized=""/>
    <tripinfo id="horizontal.3" depart="130.00" departLane="2fi_0" departPos="5.10" departSpeed="0.00" departDelay="0.00" arrival="391.00" arrivalLane="2fi_0" arrivalPos="248.50" arrivalSpeed="10.85" duration="261.00" routeLength="2257.40" waitingTime="47.00" waitingCount="1" stopTime="0.00" timeLoss="66.72" rerouteNo="0" devices="tripinfo_horizontal.3" vType="DEFAULT_VEHTYPE" speedFactor="1.00" vaporized=""/>
    <tripinfo id="horizontal.4" depart="140.00" departLane="2fi_0" departPos="5.10" departSpeed="0.00" departDelay="0.00" arrival="393.00" arrivalLane="2fi_0" arrivalPos="248.50" arrivalSpeed="10.27" duration="253.00" routeLength="2257.40" waitingTime="40.00" waitingCount="1" stopTime="0.00" timeLoss="58.77" rerouteNo="0" devices="tripinfo_horizontal.4" vType="DEFAULT_VEHTYPE" speedFactor="1.00" vaporized=""/>
    <tripinfo id="horizontal.5" depart="150.00" departLane="2fi_0" departPos="5.10" departSpeed="0.00" departDelay="0.00" arrival="396.00" arrivalLane="2fi_0" arrivalPos="248.50" arrivalSpeed="11.02" duration="246.00" routeLength="2257.40" waitingTime="31.00" waitingCount="1" stopTime="0.00" timeLoss="51.29" rerouteNo="0" devices="tripinfo_horizontal.5" vType="DEFAULT_VEHTYPE" speedFactor="1.00" vaporized=""/>
    <tripinfo id="horizontal.6" depart="160.00" departLane="2fi_0" departPos="5.10" departSpeed="0.00" departDelay="0.00" arrival="398.00" arrivalLane="2fi_0" arrivalPos="248.50" arrivalSpeed="11.09" duration="238.00" routeLength="2257.40" waitingTime="22.00" waitingCount="1" stopTime="0.00" timeLoss="43.67" rerouteNo="0" devices="tripinfo_horizontal.6" vType="DEFAULT_VEHTYPE" speedFactor="1.00" vaporized=""/>
    <tripinfo id="horizontal.7" depart="170.00" departLane="2fi_0" departPos="5.10" departSpeed="0.00" departDelay="0.00" arrival="401.00" arrivalLane="2fi_0" arrivalPos="248.50" arrivalSpeed="9.82" duration="231.00" routeLength="2257.40" waitingTime="14.00" waitingCount="1" stopTime="0.00" timeLoss="36.04" rerouteNo="0" devices="tripinfo_horizontal.7" vType="DEFAULT_VEHTYPE" speedFactor="1.00" vaporized=""/>
    <tripinfo id="horizontal.8" depart="180.00" departLane="2fi_0" departPos="5.10" departSpeed="0.00" departDelay="0.00" arrival="403.00" arrivalLane="2fi_0" arrivalPos="248.50" arrivalSpeed="9.92" duration="223.00" routeLength="2257.40" waitingTime="4.00" waitingCount="1" stopTime="0.00" timeLoss="28.06" rerouteNo="0" devices="tripinfo_horizontal.8" vType="DEFAULT_VEHTYPE" speedFactor="1.00" vaporized=""/>
    <tripinfo id="horizontal.9" depart="190.00" departLane="2fi_0" departPos="5.10" departSpeed="0.00" departDelay="0.00" arrival="405.00" arrivalLane="2fi_0" arrivalPos="248.50" arrivalSpeed="10.19" duration="215.00" routeLength="2257.40" waitingTime="0.00" waitingCount="0" stopTime="0.00" timeLoss="20.08" rerouteNo="0" devices="tripinfo_horizontal.9" vType="DEFAULT_VEHTYPE" speedFactor="1.00" vaporized=""/>
    <tripinfo id="horizontal.10" depart="200.00" departLane="2fi_0" departPos="5.10" departSpeed="0.00" departDelay="0.00" arrival="410.00" arrivalLane="2fi_0" arrivalPos="248.50" arrivalSpeed="9.97" duration="210.00" routeLength="2257.40" waitingTime="0.00" waitingCount="0" stopTime="0.00" timeLoss="15.92" rerouteNo="0" devices="tripinfo_horizontal.10" vType="DEFAULT_VEHTYPE" speedFactor="1.00" vaporized=""/>
    <tripinfo id="horizontal.11" depart="210.00" departLane="2fi_0" departPos="5.10" departSpeed="0.00" departDelay="0.00" arrival="419.00" arrivalLane="2fi_0" arrivalPos="248.50" arrivalSpeed="11.08" duration="209.00" routeLength="2257.40" waitingTime="0.00" waitingCount="0" stopTime="0.00" timeLoss="14.92" rerouteNo="0" devices="tripinfo_horizontal.11" vType="DEFAULT_VEHTYPE" speedFactor="1.00" vaporized=""/>
    <tripinfo id="vertical.7" depart="173.00" departLane="3fi_0" departPos="5.10" departSpeed="0.00" departDelay="3.00" arrival="438.00" arrivalLane="3fi_0" arrivalPos="248.50" arrivalSpeed="10.06" duration="265.00" routeLength="2257.40" waitingTime="50.00" waitingCount="1" stopTime="0.00" timeLoss="70.74" rerouteNo="0" devices="tripinfo_vertical.7" vType="DEFAULT_VEHTYPE" speedFactor="1.00" vaporized=""/>
    <tripinfo id="vertical.8" depart="183.00" departLane="3fi_0" departPos="5.10" departSpeed="0.00" departDelay="3.00" arrival="440.00" arrivalLane="3fi_0" arrivalPos="248.50" arrivalSpeed="10.47" duration="257.00" routeLength="2257.40" waitingTime="41.00" waitingCount="1" stopTime="0.00" timeLoss="62.63" rerouteNo="0" devices="tripinfo_vertical.8" vType="DEFAULT_VEHTYPE" speedFactor="1.00" vaporized=""/>
    <tripinfo id="vertical.9" depart="193.00" departLane="3fi_0" departPos="5.10" departSpeed="0.00" departDelay="3.00" arrival="442.00" arrivalLane="3fi_0" arrivalPos="248.50" arrivalSpeed="9.92" duration="249.00" routeLength="2257.40" waitingTime="33.00" waitingCount="1" stopTime="0.00" timeLoss="54.55" rerouteNo="0" devices="tripinfo_vertical.9" vType="DEFAULT_VEHTYPE" speedFactor="1.00" vaporized=""/>
    <tripinfo id="vertical.10" depart="203.00" departLane="3fi_0" departPos="5.10" departSpeed="0.00" departDelay="3.00" arrival="444.00" arrivalLane="3fi_0" arrivalPos="248.50" arrivalSpeed="10.45" duration="241.00" routeLength="2257.40" waitingTime="22.00" waitingCount="1" stopTime="0.00" timeLoss="46.57" rerouteNo="0" devices="tripinfo_vertical.10" vType="DEFAULT_VEHTYPE" speedFactor="1.00" vaporized=""/>
    <tripinfo id="vertical.11" depart="213.00" departLane="3fi_0" departPos="5.10" departSpeed="0.00" departDelay="3.00" arrival="446.00" arrivalLane="3fi_0" arrivalPos="248.50" arrivalSpeed="11.08" duration="233.00" routeLength="2257.40" waitingTime="15.00" waitingCount="1" stopTime="0.00" timeLoss="38.45" rerouteNo="0" devices="tripinfo_vertical.11" vType="DEFAULT_VEHTYPE" speedFactor="1.00" vaporized=""/>
    <tripinfo id="vertical.12" depart="223.00" departLane="3fi_0" departPos="5.10" departSpeed="0.00" departDelay="3.00" arrival="448.00" arrivalLane="3fi_0" arrivalPos="248.50" arrivalSpeed="10.67" duration="225.00" routeLength="2257.40" waitingTime="7.00" waitingCount="1" stopTime="0.00" timeLoss="30.83" rerouteNo="0" devices="tripinfo_vertical.12" vType="DEFAULT_VEHTYPE" speedFactor="1.00" vaporized=""/>
    <tripinfo id="vertical.13" depart="233.00" departLane="3fi_0" departPos="5.10" departSpeed="0.00" departDelay="3.00" arrival="450.00" arrivalLane="3fi_0" arrivalPos="248.50" arrivalSpeed="10.07" duration="217.00" routeLength="2257.40" waitingTime="0.00" waitingCount="0" stopTime="0.00" timeLoss="22.81" rerouteNo="0" devices="tripinfo_vertical.13" vType="DEFAULT_VEHTYPE" speedFactor="1.00" vaporized=""/>
    <tripinfo id="vertical.14" depart="243.00" departLane="3fi_0" departPos="5.10" departSpeed="0.00" departDelay="3.00" arrival="452.00" arrivalLane="3fi_0" arrivalPos="248.50" arrivalSpeed="10.74" duration="209.00" routeLength="2257.40" waitingTime="0.00" waitingCount="0" stopTime="0.00" timeLoss="14.87" rerouteNo="0" devices="tripinfo_vertical.14" vType="DEFAULT_VEHTYPE" speedFactor="1.00" vaporized=""/>
    <tripinfo id="vertical.15" depart="253.00" departLane="3fi_0" departPos="5.10" departSpeed="0.00" departDelay="3.00" arrival="464.00" arrivalLane="3fi_0" arrivalPos="248.50" arrivalSpeed="11.05" duration="211.00" routeLength="2257.40" waitingTime="0.00" waitingCount="0" stopTime="0.00" timeLoss="16.78" rerouteNo="0" devices="tripinfo_vertical.15" vType="DEFAULT_VEHTYPE" speedFactor="1.00" vaporized=""/>
    <tripinfo id="horizontal.12" depart="220.00" departLane="2fi_0" departPos="5.10" departSpeed="0.00" departDelay="0.00" arrival="482.00" arrivalLane="2fi_0" arrivalPos="248.50" arrivalSpeed="10.09" duration="262.00" routeLength="2257.40" waitingTime="48.00" waitingCount="1" stopTime="0.00" timeLoss="67.54" rerouteNo="0" devices="tripinfo_horizontal.12" vType="DEFAULT_VEHTYPE" speedFactor="1.00" vaporized=""/>
    <tripinfo id="horizontal.13" depart="240.00" departLane="2fi_0" departPos="5.10" departSpeed="0.00" departDelay="10.00" arrival="484.00" arrivalLane="2fi_0" arrivalPos="248.50" arrivalSpeed="10.74" duration="244.00" routeLength="2257.40" waitingTime="29.00" waitingCount="1" stopTime="0.00" timeLoss="49.32" rerouteNo="0" devices="tripinfo_horizontal.13" vType="DEFAULT_VEHTYPE" speedFactor="1.00" vaporized=""/>
    <tripinfo id="horizontal.14" depart="245.00" departLane="2fi_0" departPos="5.10" departSpeed="0.00" departDelay="5.00" arrival="486.00" arrivalLane="2fi_0" arrivalPos="248.50" arrivalSpeed="10.46" duration="241.00" routeLength="2257.40" waitingTime="25.00" waitingCount="1" stopTime="0.00" timeLoss="46.45" rerouteNo="0" devices="tripinfo_horizontal.14" vType="DEFAULT_VEHTYPE" speedFactor="1.00" vaporized=""/>
    <tripinfo id="horizontal.15" depart="254.00" departLane="2fi_0" departPos="5.10" departSpeed="0.00" departDelay="4.00" arrival="488.00" arrivalLane="2fi_0" arrivalPos="248.50" arrivalSpeed="11.09" duration="234.00" routeLength="2257.40" waitingTime="18.00" waitingCount="1" stopTime="0.00" timeLoss="39.64" rerouteNo="0" devices="tripinfo_horizontal.15" vType="DEFAULT_VEHTYPE" speedFactor="1.00" vaporized=""/>
    <tripinfo id="horizontal.16" depart="260.00" departLane="2fi_0" departPos="5.10" departSpeed="0.00" departDelay="0.00" arrival="490.00" arrivalLane="2fi_0" arrivalPos="248.50" arrivalSpeed="10.08" duration="230.00" routeLength="2257.40" waitingTime="13.00" waitingCount="1" stopTime="0.00" timeLoss="35.70" rerouteNo="0" devices="tripinfo_horizontal.16" vType="DEFAULT_VEHTYPE" speedFactor="1.00" vaporized=""/>
    <tripinfo id="horizontal.17" depart="270.00" departLane="2fi_0" departPos="5.10" departSpeed="0.00" departDelay="0.00" arrival="492.00" arrivalLane="2fi_0" arrivalPos="248.50" arrivalSpeed="10.25" duration="222.00" routeLength="2257.40" waitingTime="6.00" waitingCount="1" stopTime="0.00" timeLoss="27.75" rerouteNo="0" devices="tripinfo_horizontal.17" vType="DEFAULT_VEHTYPE" speedFactor="1.00" vaporized=""/>
    <tripinfo id="horizontal.18" depart="280.00" departLane="2fi_0" departPos="5.10" departSpeed="0.00" departDelay="0.00" arrival="495.00" arrivalLane="2fi_0" arrivalPos="248.50" arrivalSpeed="10.15" duration="215.00" routeLength="2257.40" waitingTime="0.00" waitingCount="0" stopTime="0.00" timeLoss="19.97" rerouteNo="0" devices="tripinfo_horizontal.18" vType="DEFAULT_VEHTYPE" speedFactor="1.00" vaporized=""/>
    <tripinfo id="horizontal.19" depart="290.00" departLane="2fi_0" departPos="5.10" departSpeed="0.00" departDelay="0.00" arrival="500.00" arrivalLane="2fi_0" arrivalPos="248.50" arrivalSpeed="11.03" duration="210.00" routeLength="2257.40" waitingTime="0.00" waitingCount="0" stopTime="0.00" timeLoss="15.73" rerouteNo="0" devices="tripinfo_horizontal.19" vType="DEFAULT_VEHTYPE" speedFactor="1.00" vaporized=""/>
    <tripinfo id="vertical.16" depart="263.00" departLane="3fi_0" departPos="5.10" departSpeed="0.00" departDelay="3.00" arrival="526.00" arrivalLane="3fi_0" arrivalPos="248.50" arrivalSpeed="10.05" duration="263.00" routeLength="2257.40" waitingTime="50.00" waitingCount="1" stopTime="0.00" timeLoss="68.72" rerouteNo="0" devices="tripinfo_vertical.16" vType="DEFAULT_VEHTYPE" speedFactor="1.00" vaporized=""/>
    <tripinfo id="vertical.17" depart="273.00" departLane="3fi_0" departPos="5.10" departSpeed="0.00" departDelay="3.00" arrival="529.00" arrivalLane="3fi_0" arrivalPos="248.50" arrivalSpeed="10.80" duration="256.00" routeLength="2257.40" waitingTime="41.00" waitingCount="1" stopTime="0.00" timeLoss="61.19" rerouteNo="0" devices="tripinfo_vertical.17" vType="DEFAULT_VEHTYPE" speedFactor="1.00" vaporized=""/>
    <tripinfo id="vertical.18" depart="283.00" departLane="3fi_0" departPos="5.10" departSpeed="0.00" departDelay="3.00" arrival="531.00" arrivalLane="3fi_0" arrivalPos="248.50" arrivalSpeed="10.22" duration="248.00" routeLength="2257.40" waitingTime="33.00" waitingCount="1" stopTime="0.00" timeLoss="53.29" rerouteNo="0" devices="tripinfo_vertical.18" vType="DEFAULT_VEHTYPE" speedFactor="1.00" vaporized=""/>
    <tripinfo id="vertical.19" depart="293.00" departLane="3fi_0" departPos="5.10" departSpeed="0.00" departDelay="3.00" arrival="533.00" arrivalLane="3fi_0" arrivalPos="248.50" arrivalSpeed="10.02" duration="240.00" routeLength="2257.40" waitingTime="25.00" waitingCount="1" stopTime="0.00" timeLoss="45.76" rerouteNo="0" devices="tripinfo_vertical.19" vType="DEFAULT_VEHTYPE" speedFactor="1.00" vaporized=""/>
    <tripinfo id="vertical.20" depart="303.00" departLane="3fi_0" departPos="5.10" departSpeed="0.00" departDelay="3.00" arrival="536.00" arrivalLane="3fi_0" arrivalPos="248.50" arrivalSpeed="10.77" duration="233.00" routeLength="2257.40" waitingTime="16.00" waitingCount="1" stopTime="0.00" timeLoss="38.21" rerouteNo="0" devices="tripinfo_vertical.20" vType="DEFAULT_VEHTYPE" speedFactor="1.00" vaporized=""/>
    <tripinfo id="vertical.21" depart="313.00" departLane="3fi_0" departPos="5.10" departSpeed="0.00" departDelay="3.00" arrival="538.00" arrivalLane="3fi_0" arrivalPos="248.50" arrivalSpeed="10.75" duration="225.00" routeLength="2257.40" waitingTime="7.00" waitingCount="1" stopTime="0.00" timeLoss="30.09" rerouteNo="0" devices="tripinfo_vertical.21" vType="DEFAULT_VEHTYPE" speedFactor="1.00" vaporized=""/>
    <tripinfo id="vertical.22" depart="333.00" departLane="3fi_0" departPos="5.10" departSpeed="0.00" departDelay="13.00" arrival="543.00" arrivalLane="3fi_0" arrivalPos="248.50" arrivalSpeed="10.85" duration="210.00" routeLength="2257.40" waitingTime="0.00" waitingCount="0" stopTime="0.00" timeLoss="15.45" rerouteNo="0" devices="tripinfo_vertical.22" vType="DEFAULT_VEHTYPE" speedFactor="1.00" vaporized=""/>
    <tripinfo id="vertical.23" depart="343.00" departLane="3fi_0" departPos="5.10" departSpeed="0.00" departDelay="13.00" arrival="551.00" arrivalLane="3fi_0" arrivalPos="248.50" arrivalSpeed="10.25" duration="208.00" routeLength="2257.40" waitingTime="0.00" waitingCount="0" stopTime="0.00" timeLoss="13.80" rerouteNo="0" devices="tripinfo_vertical.23" vType="DEFAULT_VEHTYPE" speedFactor="1.00" vaporized=""/>
    <tripinfo id="horizontal.20" depart="300.00" departLane="2fi_0" departPos="5.10" departSpeed="0.00" departDelay="0.00" arrival="572.00" arrivalLane="2fi_0" arrivalPos="248.50" arrivalSpeed="9.92" duration="272.00" routeLength="2257.40" waitingTime="56.00" waitingCount="1" stopTime="0.00" timeLoss="77.71" rerouteNo="0" devices="tripinfo_horizontal.20" vType="DEFAULT_VEHTYPE" speedFactor="1.00" vaporized=""/>
    <tripinfo id="horizontal.21" depart="310.00" departLane="2fi_0" departPos="5.10" departSpeed="0.00" departDelay="0.00" arrival="574.00" arrivalLane="2fi_0" arrivalPos="248.50" arrivalSpeed="10.26" duration="264.00" routeLength="2257.40" waitingTime="47.00" waitingCount="1" stopTime="0.00" timeLoss="70.06" rerouteNo="0" devices="tripinfo_horizontal.21" vType="DEFAULT_VEHTYPE" speedFactor="1.00" vaporized=""/>
    <tripinfo id="horizontal.22" depart="336.00" departLane="2fi_0" departPos="5.10" departSpeed="0.00" departDelay="16.00" arrival="576.00" arrivalLane="2fi_0" arrivalPos="248.50" arrivalSpeed="10.29" duration="240.00" routeLength="2257.40" waitingTime="23.00" waitingCount="1" stopTime="0.00" timeLoss="46.08" rerouteNo="0" devices="tripinfo_horizontal.22" vType="DEFAULT_VEHTYPE" speedFactor="1.00" vaporized=""/>
    <tripinfo id="horizontal.23" depart="344.00" departLane="2fi_0" departPos="5.10" departSpeed="0.00" departDelay="14.00" arrival="578.00" arrivalLane="2fi_0" arrivalPos="248.50" arrivalSpeed="10.32" duration="234.00" routeLength="2257.40" waitingTime="17.00" waitingCount="1" stopTime="0.00" timeLoss="39.88" rerouteNo="0" devices="tripinfo_horizontal.23" vType="DEFAULT_VEHTYPE" speedFactor="1.00" vaporized=""/>
    <tripinfo id="horizontal.24" depart="347.00" departLane="2fi_0" departPos="5.10" departSpeed="0.00" departDelay="7.00" arrival="580.00" arrivalLane="2fi_0" arrivalPos="248.50" arrivalSpeed="10.36" duration="233.00" routeLength="2257.40" waitingTime="14.00" waitingCount="1" stopTime="0.00" timeLoss="38.79" rerouteNo="0" devices="tripinfo_horizontal.24" vType="DEFAULT_VEHTYPE" speedFactor="1.00" vaporized=""/>
    <tripinfo id="horizontal.25" depart="356.00" departLane="2fi_0" departPos="5.10" departSpeed="0.00" departDelay="6.00" arrival="582.00" arrivalLane="2fi_0" arrivalPos="248.50" arrivalSpeed="10.16" duration="226.00" routeLength="2257.40" waitingTime="8.00" waitingCount="1" stopTime="0.00" timeLoss="31.77" rerouteNo="0" devices="tripinfo_horizontal.25" vType="DEFAULT_VEHTYPE" speedFactor="1.00" vaporized=""/>
    <tripinfo id="horizontal.26" depart="360.00" departLane="2fi_0" departPos="5.10" departSpeed="0.00" departDelay="0.00" arrival="584.00" arrivalLane="2fi_0" arrivalPos="248.50" arrivalSpeed="10.74" duration="224.00" routeLength="2257.40" waitingTime="6.00" waitingCount="1" stopTime="0.00" timeLoss="29.74" rerouteNo="0" devices="tripinfo_horizontal.26" vType="DEFAULT_VEHTYPE" speedFactor="1.00" vaporized=""/>
    <tripinfo id="horizontal.27" depart="382.00" departLane="2fi_0" departPos="5.10" departSpeed="0.00" departDelay="12.00" arrival="592.00" arrivalLane="2fi_0" arrivalPos="248.50" arrivalSpeed="10.08" duration="210.00" routeLength="2257.40" waitingTime="0.00" waitingCount="0" stopTime="0.00" timeLoss="15.41" rerouteNo="0" devices="tripinfo_horizontal.27" vType="DEFAULT_VEHTYPE" speedFactor="1.00" vaporized=""/>
    <tripinfo id="horizontal.28" depart="387.00" departLane="2fi_0" departPos="5.10" departSpeed="0.00" departDelay="7.00" arrival="598.00" arrivalLane="2fi_0" arrivalPos="248.50" arrivalSpeed="10.01" duration="211.00" routeLength="2257.40" waitingTime="0.00" waitingCount="0" stopTime="0.00" timeLoss="16.28" rerouteNo="0" devices="tripinfo_horizontal.28" vType="DEFAULT_VEHTYPE" speedFactor="1.00" vaporized=""/>
    <tripinfo id="horizontal.29" depart="390.00" departLane="2fi_0" departPos="5.10" departSpeed="0.00" departDelay="0.00" arrival="599.00" arrivalLane="2fi_0" arrivalPos="248.50" arrivalSpeed="10.58" duration="209.00" routeLength="2257.40" waitingTime="0.00" waitingCount="0" stopTime="0.00" timeLoss="14.93" rerouteNo="0" devices="tripinfo_horizontal.29" vType="DEFAULT_VEHTYPE" speedFactor="1.00" vaporized=""/>
    <tripinfo id="vertical.24" depart="352.00" departLane="3fi_0" departPos="5.10" departSpeed="0.00" departDelay="12.00" arrival="616.00" arrivalLane="3fi_0" arrivalPos="248.50" arrivalSpeed="10.54" duration="264.00" routeLength="2257.40" waitingTime="49.00" waitingCount="1" stopTime="0.00" timeLoss="69.24" rerouteNo="0" devices="tripinfo_vertical.24" vType="DEFAULT_VEHTYPE" speedFactor="1.00" vaporized=""/>
    <tripinfo id="vertical.25" depart="358.00" departLane="3fi_0" departPos="5.10" departSpeed="0.00" departDelay="8.00" arrival="618.00" arrivalLane="3fi_0" arrivalPos="248.50" arrivalSpeed="10.17" duration="260.00" routeLength="2257.40" waitingTime="46.00" waitingCount="1" stopTime="0.00" timeLoss="65.65" rerouteNo="0" devices="tripinfo_vertical.25" vType="DEFAULT_VEHTYPE" speedFactor="1.00" vaporized=""/>
    <tripinfo id="vertical.26" depart="364.00" departLane="3fi_0" departPos="5.10" departSpeed="0.00" departDelay="4.00" arrival="620.00" arrivalLane="3fi_0" arrivalPos="248.50" arrivalSpeed="10.70" duration="256.00" routeLength="2257.40" waitingTime="42.00" waitingCount="1" stopTime="0.00" timeLoss="61.90" rerouteNo="0" devices="tripinfo_vertical.26" vType="DEFAULT_VEHTYPE" speedFactor="1.00" vaporized=""/>
    <tripinfo id="vertical.27" depart="373.00" departLane="3fi_0" departPos="5.10" departSpeed="0.00" departDelay="3.00" arrival="622.00" arrivalLane="3fi_0" arrivalPos="248.50" arrivalSpeed="10.84" duration="249.00" routeLength="2257.40" waitingTime="35.00" waitingCount="1" stopTime="0.00" timeLoss="54.88" rerouteNo="0" devices="tripinfo_vertical.27" vType="DEFAULT_VEHTYPE" speedFactor="1.00" vaporized=""/>
    <tripinfo id="vertical.28" depart="383.00" departLane="3fi_0" departPos="5.10" departSpeed="0.00" departDelay="3.00" arrival="625.00" arrivalLane="3fi_0" arrivalPos="248.50" arrivalSpeed="10.76" duration="242.00" routeLength="2257.40" waitingTime="26.00" waitingCount="1" stopTime="0.00" timeLoss="47.90" rerouteNo="0" devices="tripinfo_vertical.28" vType="DEFAULT_VEHTYPE" speedFactor="1.00" vaporized=""/>
    <tripinfo id="vertical.29" depart="393.00" departLane="3fi_0" departPos="5.10" departSpeed="0.00" departDelay="3.00" arrival="627.00" arrivalLane="3fi_0" arrivalPos="248.50" arrivalSpeed="9.94" duration="234.00" routeLength="2257.40" waitingTime="16.00" waitingCount="1" stopTime="0.00" timeLoss="40.02" rerouteNo="0" devices="tripinfo_vertical.29" vType="DEFAULT_VEHTYPE" speedFactor="1.00" vaporized=""/>
    <tripinfo id="vertical.30" depart="403.00" departLane="3fi_0" departPos="5.10" departSpeed="0.00" departDelay="3.00" arrival="629.00" arrivalLane="3fi_0" arrivalPos="248.50" arrivalSpeed="10.16" duration="226.00" routeLength="2257.40" waitingTime="10.00" waitingCount="1" stopTime="0.00" timeLoss="32.03" rerouteNo="0" devices="tripinfo_vertical.30" vType="DEFAULT_VEHTYPE" speedFactor="1.00" vaporized=""/>
    <tripinfo id="always_left.0" depart="100.00" departLane="1fi_0" departPos="5.10" departSpeed="0.00" departDelay="0.00" arrival="634.00" arrivalLane="1fi_0" arrivalPos="248.50" arrivalSpeed="10.20" duration="534.00" routeLength="4263.32" waitingTime="114.00" waitingCount="6" stopTime="0.00" timeLoss="167.79" rerouteNo="0" devices="tripinfo_always_left.0" vType="DEFAULT_VEHTYPE" speedFactor="1.00" vaporized=""/>
    <tripinfo id="vertical.31" depart="430.00" departLane="3fi_0" departPos="5.10" departSpeed="0.00" departDelay="20.00" arrival="641.00" arrivalLane="3fi_0" arrivalPos="248.50" arrivalSpeed="11.01" duration="211.00" routeLength="2257.40" waitingTime="0.00" waitingCount="0" stopTime="0.00" timeLoss="16.36" rerouteNo="0" devices="tripinfo_vertical.31" vType="DEFAULT_VEHTYPE" speedFactor="1.00" vaporized=""/>
    <tripinfo id="always_left.1" depart="110.00" departLane="1fi_0" departPos="5.10" departSpeed="0.00" departDelay="0.00" arrival="645.00" arrivalLane="1fi_0" arrivalPos="248.50" arrivalSpeed="10.10" duration="535.00" routeLength="4263.32" waitingTime="100.00" waitingCount="8" stopTime="0.00" timeLoss="169.12" rerouteNo="0" devices="tripinfo_always_left.1" vType="DEFAULT_VEHTYPE" speedFactor="1.00" vaporized=""/>
    <tripinfo id="always_left.2" depart="120.00" departLane="1fi_0" departPos="5.10" departSpeed="0.00" departDelay="0.00" arrival="647.00" arrivalLane="1fi_0" arrivalPos="248.50" arrivalSpeed="9.97" duration="527.00" routeLength="4263.32" waitingTime="81.00" waitingCount="10" stopTime="0.00" timeLoss="161.32" rerouteNo="0" devices="tripinfo_always_left.2" vType="DEFAULT_VEHTYPE" speedFactor="1.00" vaporized=""/>
    <tripinfo id="always_left.3" depart="130.00" departLane="1fi_0" departPos="5.10" departSpeed="0.00" departDelay="0.00" arrival="649.00" arrivalLane="1fi_0" arrivalPos="248.50" arrivalSpeed="10.59" duration="519.00" routeLength="4263.32" waitingTime="73.00" waitingCount="8" stopTime="0.00" timeLoss="153.27" rerouteNo="0" devices="tripinfo_always_left.3" vType="DEFAULT_VEHTYPE" speedFactor="1.00" vaporized=""/>
    <tripinfo id="always_right.0" depart="100.00" departLane="3fi_0" departPos="5.10" departSpeed="0.00" departDelay="0.00" arrival="658.00" arrivalLane="3fi_0" arrivalPos="248.50" arrivalSpeed="9.93" duration="558.00" routeLength="4223.00" waitingTime="150.00" waitingCount="4" stopTime="0.00" timeLoss="195.57" rerouteNo="0" devices="tripinfo_always_right.0" vType="DEFAULT_VEHTYPE" speedFactor="1.00" vaporized=""/>
    <tripinfo id="always_right.1" depart="110.00" departLane="3fi_0" departPos="5.10" departSpeed="0.00" departDelay="0.00" arrival="661.00" arrivalLane="3fi_0" arrivalPos="248.50" arrivalSpeed="10.99" duration="551.00" routeLength="4223.00" waitingTime="140.00" waitingCount="4" stopTime="0.00" timeLoss="188.00" rerouteNo="0" devices="tripinfo_always_right.1" vType="DEFAULT_VEHTYPE" speedFactor="1.00" vaporized=""/>
    <tripinfo id="horizontal.30" depart="400.00" departLane="2fi_0" departPos="5.10" departSpeed="0.00" departDelay="0.00" arrival="661.00" arrivalLane="2fi_0" arrivalPos="248.50" arrivalSpeed="11.10" duration="261.00" routeLength="2257.40" waitingTime="46.00" waitingCount="1" stopTime="0.00" timeLoss="66.69" rerouteNo="0" devices="tripinfo_horizontal.30" vType="DEFAULT_VEHTYPE" speedFactor="1.00" vaporized=""/>
    <tripinfo id="always_right.2" depart="120.00" departLane="3fi_0" departPos="5.10" departSpeed="0.00" departDelay="0.00" arrival="663.00" arrivalLane="3fi_0" arrivalPos="248.50" arrivalSpeed="11.02" duration="543.00" routeLength="4223.00" waitingTime="130.00" waitingCount="4" stopTime="0.00" timeLoss="179.88" rerouteNo="0" devices="tripinfo_always_right.2" vType="DEFAULT_VEHTYPE" speedFactor="1.00" vaporized=""/>
    <tripinfo id="horizontal.31" depart="424.00" departLane="2fi_0" departPos="5.10" departSpeed="0.00" departDelay="14.00" arrival="663.00" arrivalLane="2fi_0" arrivalPos="248.50" arrivalSpeed="11.00" duration="239.00" routeLength="2257.40" waitingTime="25.00" waitingCount="1" stopTime="0.00" timeLoss="44.72" rerouteNo="0" devices="tripinfo_horizontal.31" vType="DEFAULT_VEHTYPE" speedFactor="1.00" vaporized=""/>
    <tripinfo id="always_right.3" depart="130.00" departLane="3fi_0" departPos="5.10" departSpeed="0.00" departDelay="0.00" arrival="665.00" arrivalLane="3fi_0" arrivalPos="248.50" arrivalSpeed="10.39" duration="535.00" routeLength="4223.00" waitingTime="114.00" waitingCount="4" stopTime="0.00" timeLoss="172.48" rerouteNo="0" devices="tripinfo_always_right.3" vType="DEFAULT_VEHTYPE" speedFactor="1.00" vaporized=""/>
    <tripinfo id="always_right.4" depart="140.00" departLane="3fi_0" departPos="5.10" departSpeed="0.00" departDelay="0.00" arrival="667.00" arrivalLane="3fi_0" arrivalPos="248.50" arrivalSpeed="9.85" duration="527.00" routeLength="4223.00" waitingTime="106.00" waitingCount="3" stopTime="0.00" timeLoss="164.29" rerouteNo="0" devices="tripinfo_always_right.4" vType="DEFAULT_VEHTYPE" speedFactor="1.00" vaporized=""/>
    <tripinfo id="horizontal.32" depart="427.00" departLane="2fi_0" departPos="5.10" departSpeed="0.00" departDelay="7.00" arrival="667.00" arrivalLane="2fi_0" arrivalPos="248.50" arrivalSpeed="10.57" duration="240.00" routeLength="2257.40" waitingTime="24.00" waitingCount="1" stopTime="0.00" timeLoss="45.18" rerouteNo="0" devices="tripinfo_horizontal.32" vType="DEFAULT_VEHTYPE" speedFactor="1.00" vaporized=""/>
    <tripinfo id="always_right.5" depart="150.00" departLane="3fi_0" departPos="5.10" departSpeed="0.00" departDelay="0.00" arrival="669.00" arrivalLane="3fi_0" arrivalPos="248.50" arrivalSpeed="10.28" duration="519.00" routeLength="4223.00" waitingTime="101.00" waitingCount="3" stopTime="0.00" timeLoss="156.39" rerouteNo="0" devices="tripinfo_always_right.5" vType="DEFAULT_VEHTYPE" speedFactor="1.00" vaporized=""/>
    <tripinfo id="horizontal.33" depart="435.00" departLane="2fi_0" departPos="5.10" departSpeed="0.00" departDelay="5.00" arrival="669.00" arrivalLane="2fi_0" arrivalPos="248.50" arrivalSpeed="10.74" duration="234.00" routeLength="2257.40" waitingTime="17.00" waitingCount="1" stopTime="0.00" timeLoss="39.23" rerouteNo="0" devices="tripinfo_horizontal.33" vType="DEFAULT_VEHTYPE" speedFactor="1.00" vaporized=""/>
    <tripinfo id="always_right.6" depart="160.00" departLane="3fi_0" departPos="5.10" departSpeed="0.00" departDelay="0.00" arrival="671.00" arrivalLane="3fi_0" arrivalPos="248.50" arrivalSpeed="10.26" duration="511.00" routeLength="4223.00" waitingTime="94.00" waitingCount="3" stopTime="0.00" timeLoss="148.70" rerouteNo="0" devices="tripinfo_always_right.6" vType="DEFAULT_VEHTYPE" speedFactor="1.00" vaporized=""/>
    <tripinfo id="horizontal.34" depart="451.00" departLane="2fi_0" departPos="5.10" departSpeed="0.00" departDelay="11.00" arrival="671.00" arrivalLane="2fi_0" arrivalPos="248.50" arrivalSpeed="9.99" duration="220.00" routeLength="2257.40" waitingTime="3.00" waitingCount="1" stopTime="0.00" timeLoss="25.09" rerouteNo="0" devices="tripinfo_horizontal.34" vType="DEFAULT_VEHTYPE" speedFactor="1.00" vaporized=""/>
    <tripinfo id="horizontal.35" depart="454.00" departLane="2fi_0" departPos="5.10" departSpeed="0.00" departDelay="4.00" arrival="673.00" arrivalLane="2fi_0" arrivalPos="248.50" arrivalSpeed="10.77" duration="219.00" routeLength="2257.40" waitingTime="0.00" waitingCount="0" stopTime="0.00" timeLoss="24.02" rerouteNo="0" devices="tripinfo_horizontal.35" vType="DEFAULT_VEHTYPE" speedFactor="1.00" vaporized=""/>
    <tripinfo id="horizontal.36" depart="472.00" departLane="2fi_0" departPos="5.10" departSpeed="0.00" departDelay="12.00" arrival="681.00" arrivalLane="2fi_0" arrivalPos="248.50" arrivalSpeed="10.25" duration="209.00" routeLength="2257.40" waitingTime="0.00" waitingCount="0" stopTime="0.00" timeLoss="14.69" rerouteNo="0" devices="tripinfo_horizontal.36" vType="DEFAULT_VEHTYPE" speedFactor="1.00" vaporized=""/>
    <tripinfo id="horizontal.37" depart="478.00" departLane="2fi_0" departPos="5.10" departSpeed="0.00" departDelay="8.00" arrival="688.00" arrivalLane="2fi_0" arrivalPos="248.50" arrivalSpeed="11.10" duration="210.00" routeLength="2257.40" waitingTime="0.00" waitingCount="0" stopTime="0.00" timeLoss="15.07" rerouteNo="0" devices="tripinfo_horizontal.37" vType="DEFAULT_VEHTYPE" speedFactor="1.00" vaporized=""/>
    <tripinfo id="vertical.32" depart="436.00" departLane="3fi_0" departPos="5.10" departSpeed="0.00" departDelay="16.00" arrival="707.00" arrivalLane="3fi_0" arrivalPos="248.50" arrivalSpeed="9.97" duration="271.00" routeLength="2257.40" waitingTime="56.00" waitingCount="1" stopTime="0.00" timeLoss="76.72" rerouteNo="0" devices="tripinfo_vertical.32" vType="DEFAULT_VEHTYPE" speedFactor="1.00" vaporized=""/>
    <tripinfo id="vertical.33" depart="444.00" departLane="3fi_0" departPos="5.10" departSpeed="0.00" departDelay="14.00" arrival="709.00" arrivalLane="3fi_0" arrivalPos="248.50" arrivalSpeed="10.49" duration="265.00" routeLength="2257.40" waitingTime="48.00" waitingCount="1" stopTime="0.00" timeLoss="70.69" rerouteNo="0" devices="tripinfo_vertical.33" vType="DEFAULT_VEHTYPE" speedFactor="1.00" vaporized=""/>
    <tripinfo id="vertical.34" depart="450.00" departLane="3fi_0" departPos="5.10" departSpeed="0.00" departDelay="10.00" arrival="711.00" arrivalLane="3fi_0" arrivalPos="248.50" arrivalSpeed="10.31" duration="261.00" routeLength="2257.40" waitingTime="44.00" waitingCount="1" stopTime="0.00" timeLoss="66.70" rerouteNo="0" devices="tripinfo_vertical.34" vType="DEFAULT_VEHTYPE" speedFactor="1.00" vaporized=""/>
    <tripinfo id="vertical.35" depart="456.00" departLane="3fi_0" departPos="5.10" departSpeed="0.00" departDelay="6.00" arrival="713.00" arrivalLane="3fi_0" arrivalPos="248.50" arrivalSpeed="10.81" duration="257.00" routeLength="2257.40" waitingTime="39.00" waitingCount="1" stopTime="0.00" timeLoss="62.90" rerouteNo="0" devices="tripinfo_vertical.35" vType="DEFAULT_VEHTYPE" speedFactor="1.00" vaporized=""/>
    <tripinfo id="vertical.36" depart="463.00" departLane="3fi_0" departPos="5.10" departSpeed="0.00" departDelay="3.00" arrival="716.00" arrivalLane="3fi_0" arrivalPos="248.50" arrivalSpeed="10.28" duration="253.00" routeLength="2257.40" waitingTime="34.00" waitingCount="1" stopTime="0.00" timeLoss="58.03" rerouteNo="0" devices="tripinfo_vertical.36" vType="DEFAULT_VEHTYPE" speedFactor="1.00" vaporized=""/>
    <tripinfo id="vertical.37" depart="476.00" departLane="3fi_0" departPos="5.10" departSpeed="0.00" departDelay="6.00" arrival="718.00" arrivalLane="3fi_0" arrivalPos="248.50" arrivalSpeed="10.30" duration="242.00" routeLength="2257.40" waitingTime="22.00" waitingCount="1" stopTime="0.00" timeLoss="47.07" rerouteNo="0" devices="tripinfo_vertical.37" vType="DEFAULT_VEHTYPE" speedFactor="1.00" vaporized=""/>
    <tripinfo id="vertical.38" depart="490.00" departLane="3fi_0" departPos="5.10" departSpeed="0.00" departDelay="10.00" arrival="719.00" arrivalLane="3fi_0" arrivalPos="248.50" arrivalSpeed="10.86" duration="229.00" routeLength="2257.40" waitingTime="11.00" waitingCount="1" stopTime="0.00" timeLoss="34.92" rerouteNo="0" devices="tripinfo_vertical.38" vType="DEFAULT_VEHTYPE" speedFactor="1.00" vaporized=""/>
    <tripinfo id="vertical.39" depart="496.00" departLane="3fi_0" departPos="5.10" departSpeed="0.00" departDelay="6.00" arrival="721.00" arrivalLane="3fi_0" arrivalPos="248.50" arrivalSpeed="10.86" duration="225.00" routeLength="2257.40" waitingTime="6.00" waitingCount="1" stopTime="0.00" timeLoss="30.90" rerouteNo="0" devices="tripinfo_vertical.39" vType="DEFAULT_VEHTYPE" speedFactor="1.00" vaporized=""/>
    <tripinfo id="always_left.4" depart="140.00" departLane="1fi_0" departPos="5.10" departSpeed="0.00" departDelay="0.00" arrival="723.00" arrivalLane="1fi_0" arrivalPos="248.50" arrivalSpeed="10.27" duration="583.00" routeLength="4263.32" waitingTime="158.00" waitingCount="8" stopTime="0.00" timeLoss="217.55" rerouteNo="0" devices="tripinfo_always_left.4" vType="DEFAULT_VEHTYPE" speedFactor="1.00" vaporized=""/>
    <tripinfo id="always_left.5" depart="150.00" departLane="1fi_0" departPos="5.10" departSpeed="0.00" departDelay="0.00" arrival="725.00" arrivalLane="1fi_0" arrivalPos="248.50" arrivalSpeed="10.83" duration="575.00" routeLength="4263.32" waitingTime="134.00" waitingCount="11" stopTime="0.00" timeLoss="209.52" rerouteNo="0" devices="tripinfo_always_left.5" vType="DEFAULT_VEHTYPE" speedFactor="1.00" vaporized=""/>
    <tripinfo id="vertical.40" depart="520.00" departLane="3fi_0" departPos="5.10" departSpeed="0.00" departDelay="20.00" arrival="730.00" arrivalLane="3fi_0" arrivalPos="248.50" arrivalSpeed="11.09" duration="210.00" routeLength="2257.40" waitingTime="0.00" waitingCount="0" stopTime="0.00" timeLoss="15.39" rerouteNo="0" devices="tripinfo_vertical.40" vType="DEFAULT_VEHTYPE" speedFactor="1.00" vaporized=""/>
    <tripinfo id="always_left.6" depart="160.00" departLane="1fi_0" departPos="5.10" departSpeed="0.00" departDelay="0.00" arrival="735.00" arrivalLane="1fi_0" arrivalPos="248.50" arrivalSpeed="10.74" duration="575.00" routeLength="4263.32" waitingTime="117.00" waitingCount="13" stopTime="0.00" timeLoss="208.94" rerouteNo="0" devices="tripinfo_always_left.6" vType="DEFAULT_VEHTYPE" speedFactor="1.00" vaporized=""/>
    <tripinfo id="always_left.7" depart="170.00" departLane="1fi_0" departPos="5.10" departSpeed="0.00" departDelay="0.00" arrival="736.00" arrivalLane="1fi_0" arrivalPos="248.50" arrivalSpeed="10.81" duration="566.00" routeLength="4263.32" waitingTime="97.00" waitingCount="11" stopTime="0.00" timeLoss="200.55" rerouteNo="0" devices="tripinfo_always_left.7" vType="DEFAULT_VEHTYPE" speedFactor="1.00" vaporized=""/>
    <tripinfo id="always_left.8" depart="180.00" departLane="1fi_0" departPos="5.10" departSpeed="0.00" departDelay="0.00" arrival="739.00" arrivalLane="1fi_0" arrivalPos="248.50" arrivalSpeed="10.93" duration="559.00" routeLength="4263.32" waitingTime="84.00" waitingCount="13" stopTime="0.00" timeLoss="192.80" rerouteNo="0" devices="tripinfo_always_left.8" vType="DEFAULT_VEHTYPE" speedFactor="1.00" vaporized=""/>
    <tripinfo id="always_right.7" depart="170.00" departLane="3fi_0" departPos="5.10" departSpeed="0.00" departDelay="0.00" arrival="750.00" arrivalLane="3fi_0" arrivalPos="248.50" arrivalSpeed="9.83" duration="580.00" routeLength="4223.00" waitingTime="172.00" waitingCount="4" stopTime="0.00" timeLoss="217.34" rerouteNo="0" devices="tripinfo_always_right.7" vType="DEFAULT_VEHTYPE" speedFactor="1.00" vaporized=""/>
    <tripinfo id="horizontal.38" depart="481.00" departLane="2fi_0" departPos="5.10" departSpeed="0.00" departDelay="1.00" arrival="750.00" arrivalLane="2fi_0" arrivalPos="248.50" arrivalSpeed="10.65" duration="269.00" routeLength="2257.40" waitingTime="56.00" waitingCount="1" stopTime="0.00" timeLoss="74.85" rerouteNo="0" devices="tripinfo_horizontal.38" vType="DEFAULT_VEHTYPE" speedFactor="1.00" vaporized=""/>
    <tripinfo id="always_right.8" depart="180.00" departLane="3fi_0" departPos="5.10" departSpeed="0.00" departDelay="0.00" arrival="752.00" arrivalLane="3fi_0" arrivalPos="248.50" arrivalSpeed="10.82" duration="572.00" routeLength="4223.00" waitingTime="158.00" waitingCount="4" stopTime="0.00" timeLoss="209.41" rerouteNo="0" devices="tripinfo_always_right.8" vType="DEFAULT_VEHTYPE" speedFactor="1.00" vaporized=""/>
    <tripinfo id="horizontal.39" depart="490.00" departLane="2fi_0" departPos="5.10" departSpeed="0.00" departDelay="0.00" arrival="753.00" arrivalLane="2fi_0" arrivalPos="248.50" arrivalSpeed="10.12" duration="263.00" routeLength="2257.40" waitingTime="49.00" waitingCount="1" stopTime="0.00" timeLoss="68.22" rerouteNo="0" devices="tripinfo_horizontal.39" vType="DEFAULT_VEHTYPE" speedFactor="1.00" vaporized=""/>
    <tripinfo id="always_right.9" depart="190.00" departLane="3fi_0" departPos="5.10" departSpeed="0.00" departDelay="0.00" arrival="754.00" arrivalLane="3fi_0" arrivalPos="248.50" arrivalSpeed="10.21" duration="564.00" routeLength="4223.00" waitingTime="148.00" waitingCount="4" stopTime="0.00" timeLoss="201.29" rerouteNo="0" devices="tripinfo_always_right.9" vType="DEFAULT_VEHTYPE" speedFactor="1.00" vaporized=""/>
    <tripinfo id="horizontal.40" depart="520.00" departLane="2fi_0" departPos="5.10" departSpeed="0.00" departDelay="20.00" arrival="754.00" arrivalLane="2fi_0" arrivalPos="248.50" arrivalSpeed="10.87" duration="234.00" routeLength="2257.40" waitingTime="18.00" waitingCount="1" stopTime="0.00" timeLoss="39.94" rerouteNo="0" devices="tripinfo_horizontal.40" vType="DEFAULT_VEHTYPE" speedFactor="1.00" vaporized=""/>
    <tripinfo id="always_right.10" depart="200.00" departLane="3fi_0" departPos="5.10" departSpeed="0.00" departDelay="0.00" arrival="756.00" arrivalLane="3fi_0" arrivalPos="248.50" arrivalSpeed="10.01" duration="556.00" routeLength="4223.00" waitingTime="138.00" waitingCount="4" stopTime="0.00" timeLoss="193.06" rerouteNo="0" devices="tripinfo_always_right.10" vType="DEFAULT_VEHTYPE" speedFactor="1.00" vaporized=""/>
    <tripinfo id="horizontal.41" depart="523.00" departLane="2fi_0" departPos="5.10" departSpeed="0.00" departDelay="13.00" arrival="757.00" arrivalLane="2fi_0" arrivalPos="248.50" arrivalSpeed="10.58" duration="234.00" routeLength="2257.40" waitingTime="17.00" waitingCount="1" stopTime="0.00" timeLoss="38.91" rerouteNo="0" devices="tripinfo_horizontal.41" vType="DEFAULT_VEHTYPE" speedFactor="1.00" vaporized=""/>
    <tripinfo id="always_right.11" depart="210.00" departLane="3fi_0" departPos="5.10" departSpeed="0.00" departDelay="0.00" arrival="758.00" arrivalLane="3fi_0" arrivalPos="248.50" arrivalSpeed="10.73" duration="548.00" routeLength="4223.00" waitingTime="127.00" waitingCount="4" stopTime="0.00" timeLoss="185.29" rerouteNo="0" devices="tripinfo_always_right.11" vType="DEFAULT_VEHTYPE" speedFactor="1.00" vaporized=""/>
    <tripinfo id="horizontal.42" depart="528.00" departLane="2fi_0" departPos="5.10" departSpeed="0.00" departDelay="8.00" arrival="759.00" arrivalLane="2fi_0" arrivalPos="248.50" arrivalSpeed="10.73" duration="231.00" routeLength="2257.40" waitingTime="14.00" waitingCount="1" stopTime="0.00" timeLoss="36.21" rerouteNo="0" devices="tripinfo_horizontal.42" vType="DEFAULT_VEHTYPE" speedFactor="1.00" vaporized=""/>
    <tripinfo id="always_right.12" depart="220.00" departLane="3fi_0" departPos="5.10" departSpeed="0.00" departDelay="0.00" arrival="760.00" arrivalLane="3fi_0" arrivalPos="248.50" arrivalSpeed="10.43" duration="540.00" routeLength="4223.00" waitingTime="116.00" waitingCount="4" stopTime="0.00" timeLoss="177.02" rerouteNo="0" devices="tripinfo_always_right.12" vType="DEFAULT_VEHTYPE" speedFactor="1.00" vaporized=""/>
    <tripinfo id="horizontal.43" depart="541.00" departLane="2fi_0" departPos="5.10" departSpeed="0.00" departDelay="11.00" arrival="761.00" arrivalLane="2fi_0" arrivalPos="248.50" arrivalSpeed="10.80" duration="220.00" routeLength="2257.40" waitingTime="3.00" waitingCount="1" stopTime="0.00" timeLoss="25.18" rerouteNo="0" devices="tripinfo_horizontal.43" vType="DEFAULT_VEHTYPE" speedFactor="1.00" vaporized=""/>
    <tripinfo id="always_right.13" depart="230.00" departLane="3fi_0" departPos="5.10" departSpeed="0.00" departDelay="0.00" arrival="762.00" arrivalLane="3fi_0" arrivalPos="248.50" arrivalSpeed="10.21" duration="532.00" routeLength="4223.00" waitingTime="106.00" waitingCount="4" stopTime="0.00" timeLoss="169.03" rerouteNo="0" devices="tripinfo_always_right.13" vType="DEFAULT_VEHTYPE" speedFactor="1.00" vaporized=""/>
    <tripinfo id="horizontal.44" depart="544.00" departLane="2fi_0" departPos="5.10" departSpeed="0.00" departDelay="4.00" arrival="763.00" arrivalLane="2fi_0" arrivalPos="248.50" arrivalSpeed="11.02" duration="219.00" routeLength="2257.40" waitingTime="0.00" waitingCount="0" stopTime="0.00" timeLoss="24.41" rerouteNo="0" devices="tripinfo_horizontal.44" vType="DEFAULT_VEHTYPE" speedFactor="1.00" vaporized=""/>
    <tripinfo id="always_right.14" depart="240.00" departLane="3fi_0" departPos="5.10" departSpeed="0.00" departDelay="0.00" arrival="764.00" arrivalLane="3fi_0" arrivalPos="248.50" arrivalSpeed="11.08" duration="524.00" routeLength="4223.00" waitingTime="104.00" waitingCount="3" stopTime="0.00" timeLoss="160.98" rerouteNo="0" devices="tripinfo_always_right.14" vType="DEFAULT_VEHTYPE" speedFactor="1.00" vaporized=""/>
    <tripinfo id="always_right.15" depart="250.00" departLane="3fi_0" departPos="5.10" departSpeed="0.00" departDelay="0.00" arrival="766.00" arrivalLane="3fi_0" arrivalPos="248.50" arrivalSpeed="11.05" duration="516.00" routeLength="4223.00" waitingTime="96.00" waitingCount="3" stopTime="0.00" timeLoss="153.01" rerouteNo="0" devices="tripinfo_always_right.15" vType="DEFAULT_VEHTYPE" speedFactor="1.00" vaporized=""/>
    <tripinfo id="horizontal.45" depart="561.00" departLane="2fi_0" departPos="5.10" departSpeed="0.00" departDelay="11.00" arrival="771.00" arrivalLane="2fi_0" arrivalPos="248.50" arrivalSpeed="10.89" duration="210.00" routeLength="2257.40" waitingTime="0.00" waitingCount="0" stopTime="0.00" timeLoss="15.45" rerouteNo="0" devices="tripinfo_horizontal.45" vType="DEFAULT_VEHTYPE" speedFactor="1.00" vaporized=""/>
    <tripinfo id="horizontal.46" depart="564.00" departLane="2fi_0" departPos="5.10" departSpeed="0.00" departDelay="4.00" arrival="773.00" arrivalLane="2fi_0" arrivalPos="248.50" arrivalSpeed="10.11" duration="209.00" routeLength="2257.40" waitingTime="0.00" waitingCount="0" stopTime="0.00" timeLoss="14.70" rerouteNo="0" devices="tripinfo_horizontal.46" vType="DEFAULT_VEHTYPE" speedFactor="1.00" vaporized=""/>
    <tripinfo id="horizontal.47" depart="570.00" departLane="2fi_0" departPos="5.10" departSpeed="0.00" departDelay="0.00" arrival="779.00" arrivalLane="2fi_0" arrivalPos="248.50" arrivalSpeed="10.22" duration="209.00" routeLength="2257.40" waitingTime="0.00" waitingCount="0" stopTime="0.00" timeLoss="14.42" rerouteNo="0" devices="tripinfo_horizontal.47" vType="DEFAULT_VEHTYPE" speedFactor="1.00" vaporized=""/>
    <tripinfo id="vertical.41" depart="529.00" departLane="3fi_0" departPos="5.10" departSpeed="0.00" departDelay="19.00" arrival="796.00" arrivalLane="3fi_0" arrivalPos="248.50" arrivalSpeed="11.01" duration="267.00" routeLength="2257.40" waitingTime="53.00" waitingCount="1" stopTime="0.00" timeLoss="72.42" rerouteNo="0" devices="tripinfo_vertical.41" vType="DEFAULT_VEHTYPE" speedFactor="1.00" vaporized=""/>
    <tripinfo id="vertical.42" depart="535.00" departLane="3fi_0" departPos="5.10" departSpeed="0.00" departDelay="15.00" arrival="798.00" arrivalLane="3fi_0" arrivalPos="248.50" arrivalSpeed="11.07" duration="263.00" routeLength="2257.40" waitingTime="49.00" waitingCount="1" stopTime="0.00" timeLoss="68.93" rerouteNo="0" devices="tripinfo_vertical.42" vType="DEFAULT_VEHTYPE" speedFactor="1.00" vaporized=""/>
    <tripinfo id="vertical.43" depart="541.00" departLane="3fi_0" departPos="5.10" departSpeed="0.00" departDelay="11.00" arrival="801.00" arrivalLane="3fi_0" arrivalPos="248.50" arrivalSpeed="11.05" duration="260.00" routeLength="2257.40" waitingTime="46.00" waitingCount="1" stopTime="0.00" timeLoss="65.45" rerouteNo="0" devices="tripinfo_vertical.43" vType="DEFAULT_VEHTYPE" speedFactor="1.00" vaporized=""/>
    <tripinfo id="vertical.44" depart="547.00" departLane="3fi_0" departPos="5.10" departSpeed="0.00" departDelay="7.00" arrival="803.00" arrivalLane="3fi_0" arrivalPos="248.50" arrivalSpeed="10.65" duration="256.00" routeLength="2257.40" waitingTime="39.00" waitingCount="1" stopTime="0.00" timeLoss="61.97" rerouteNo="0" devices="tripinfo_vertical.44" vType="DEFAULT_VEHTYPE" speedFactor="1.00" vaporized=""/>
    <tripinfo id="vertical.45" depart="553.00" departLane="3fi_0" departPos="5.10" departSpeed="0.00" departDelay="3.00" arrival="805.00" arrivalLane="3fi_0" arrivalPos="248.50" arrivalSpeed="9.97" duration="252.00" routeLength="2257.40" waitingTime="36.00" waitingCount="1" stopTime="0.00" timeLoss="57.90" rerouteNo="0" devices="tripinfo_vertical.45" vType="DEFAULT_VEHTYPE" speedFactor="1.00" vaporized=""/>
    <tripinfo id="vertical.46" depart="566.00" departLane="3fi_0" departPos="5.10" departSpeed="0.00" departDelay="6.00" arrival="807.00" arrivalLane="3fi_0" arrivalPos="248.50" arrivalSpeed="9.83" duration="241.00" routeLength="2257.40" waitingTime="24.00" waitingCount="1" stopTime="0.00" timeLoss="46.99" rerouteNo="0" devices="tripinfo_vertical.46" vType="DEFAULT_VEHTYPE" speedFactor="1.00" vaporized=""/>
    <tripinfo id="vertical.47" depart="573.00" departLane="3fi_0" departPos="5.10" departSpeed="0.00" departDelay="3.00" arrival="809.00" arrivalLane="3fi_0" arrivalPos="248.50" arrivalSpeed="10.61" duration="236.00" routeLength="2257.40" waitingTime="19.00" waitingCount="1" stopTime="0.00" timeLoss="41.91" rerouteNo="0" devices="tripinfo_vertical.47" vType="DEFAULT_VEHTYPE" speedFactor="1.00" vaporized=""/>
    <tripinfo id="always_left.9" depart="190.00" departLane="1fi_0" departPos="5.10" departSpeed="0.00" departDelay="0.00" arrival="814.00" arrivalLane="1fi_0" arrivalPos="248.50" arrivalSpeed="10.60" duration="624.00" routeLength="4263.32" waitingTime="144.00" waitingCount="12" stopTime="0.00" timeLoss="257.92" rerouteNo="0" devices="tripinfo_always_left.9" vType="DEFAULT_VEHTYPE" speedFactor="1.00" vaporized=""/>
    <tripinfo id="vertical.48" depart="607.00" departLane="3fi_0" departPos="5.10" departSpeed="0.00" departDelay="27.00" arrival="818.00" arrivalLane="3fi_0" arrivalPos="248.50" arrivalSpeed="10.83" duration="211.00" routeLength="2257.40" waitingTime="0.00" waitingCount="0" stopTime="0.00" timeLoss="16.29" rerouteNo="0" devices="tripinfo_vertical.48" vType="DEFAULT_VEHTYPE" speedFactor="1.00" vaporized=""/>
    <tripinfo id="vertical.49" depart="613.00" departLane="3fi_0" departPos="5.10" departSpeed="0.00" departDelay="23.00" arrival="823.00" arrivalLane="3fi_0" arrivalPos="248.50" arrivalSpeed="10.29" duration="210.00" routeLength="2257.40" waitingTime="0.00" waitingCount="0" stopTime="0.00" timeLoss="15.51" rerouteNo="0" devices="tripinfo_vertical.49" vType="DEFAULT_VEHTYPE" speedFactor="1.00" vaporized=""/>
    <tripinfo id="always_left.10" depart="200.00" departLane="1fi_0" departPos="5.10" departSpeed="0.00" departDelay="0.00" arrival="825.00" arrivalLane="1fi_0" arrivalPos="248.50" arrivalSpeed="10.90" duration="625.00" routeLength="4263.32" waitingTime="158.00" waitingCount="13" stopTime="0.00" timeLoss="259.66" rerouteNo="0" devices="tripinfo_always_left.10" vType="DEFAULT_VEHTYPE" speedFactor="1.00" vaporized=""/>
    <tripinfo id="always_left.11" depart="210.00" departLane="1fi_0" departPos="5.10" departSpeed="0.00" departDelay="0.00" arrival="827.00" arrivalLane="1fi_0" arrivalPos="248.50" arrivalSpeed="10.53" duration="617.00" routeLength="4263.32" waitingTime="155.00" waitingCount="11" stopTime="0.00" timeLoss="251.81" rerouteNo="0" devices="tripinfo_always_left.11" vType="DEFAULT_VEHTYPE" speedFactor="1.00" vaporized=""/>
    <tripinfo id="always_left.12" depart="220.00" departLane="1fi_0" departPos="5.10" departSpeed="0.00" departDelay="0.00" arrival="830.00" arrivalLane="1fi_0" arrivalPos="248.50" arrivalSpeed="10.93" duration="610.00" routeLength="4263.32" waitingTime="144.00" waitingCount="12" stopTime="0.00" timeLoss="243.67" rerouteNo="0" devices="tripinfo_always_left.12" vType="DEFAULT_VEHTYPE" speedFactor="1.00" vaporized=""/>
    <tripinfo id="always_left.13" depart="230.00" departLane="1fi_0" departPos="5.10" departSpeed="0.00" departDelay="0.00" arrival="832.00" arrivalLane="1fi_0" arrivalPos="248.50" arrivalSpeed="10.41" duration="602.00" routeLength="4263.32" waitingTime="131.00" waitingCount="11" stopTime="0.00" timeLoss="235.72" rerouteNo="0" devices="tripinfo_always_left.13" vType="DEFAULT_VEHTYPE" speedFactor="1.00" vaporized=""/>
    <tripinfo id="always_left.14" depart="240.00" departLane="1fi_0" departPos="5.10" departSpeed="0.00" departDelay="0.00" arrival="834.00" arrivalLane="1fi_0" arrivalPos="248.50" arrivalSpeed="10.31" duration="594.00" routeLength="4263.32" waitingTime="113.00" waitingCount="11" stopTime="0.00" timeLoss="227.73" rerouteNo="0" devices="tripinfo_always_left.14" vType="DEFAULT_VEHTYPE" speedFactor="1.00" vaporized=""/>
    <tripinfo id="always_right.16" depart="260.00" departLane="3fi_0" departPos="5.10" departSpeed="0.00" departDelay="0.00" arrival="840.00" arrivalLane="3fi_0" arrivalPos="248.50" arrivalSpeed="10.46" duration="580.00" routeLength="4223.00" waitingTime="171.00" waitingCount="4" stopTime="0.00" timeLoss="217.30" rerouteNo="0" devices="tripinfo_always_right.16" vType="DEFAULT_VEHTYPE" speedFactor="1.00" vaporized=""/>
    <tripinfo id="horizontal.48" depart="580.00" departLane="2fi_0" departPos="5.10" departSpeed="0.00" departDelay="0.00" arrival="841.00" arrivalLane="2fi_0" arrivalPos="248.50" arrivalSpeed="10.35" duration="261.00" routeLength="2257.40" waitingTime="48.00" waitingCount="1" stopTime="0.00" timeLoss="67.03" rerouteNo="0" devices="tripinfo_horizontal.48" vType="DEFAULT_VEHTYPE" speedFactor="1.00" vaporized=""/>
    <tripinfo id="always_right.17" depart="270.00" departLane="3fi_0" departPos="5.10" departSpeed="0.00" departDelay="0.00" arrival="842.00" arrivalLane="3fi_0" arrivalPos="248.50" arrivalSpeed="10.85" duration="572.00" routeLength="4223.00" waitingTime="158.00" waitingCount="4" stopTime="0.00" timeLoss="209.44" rerouteNo="0" devices="tripinfo_always_right.17" vType="DEFAULT_VEHTYPE" speedFactor="1.00" vaporized=""/>
    <tripinfo id="always_right.18" depart="280.00" departLane="3fi_0" departPos="5.10" departSpeed="0.00" departDelay="0.00" arrival="844.00" arrivalLane="3fi_0" arrivalPos="248.50" arrivalSpeed="10.60" duration="564.00" routeLength="4223.00" waitingTime="147.00" waitingCount="4" stopTime="0.00" timeLoss="201.72" rerouteNo="0" devices="tripinfo_always_right.18" vType="DEFAULT_VEHTYPE" speedFactor="1.00" vaporized=""/>
    <tripinfo id="horizontal.49" depart="604.00" departLane="2fi_0" departPos="5.10" departSpeed="0.00" departDelay="14.00" arrival="844.00" arrivalLane="2fi_0" arrivalPos="248.50" arrivalSpeed="10.19" duration="240.00" routeLength="2257.40" waitingTime="25.00" waitingCount="1" stopTime="0.00" timeLoss="45.48" rerouteNo="0" devices="tripinfo_horizontal.49" vType="DEFAULT_VEHTYPE" speedFactor="1.00" vaporized=""/>
    <tripinfo id="always_right.19" depart="290.00" departLane="3fi_0" departPos="5.10" departSpeed="0.00" departDelay="0.00" arrival="846.00" arrivalLane="3fi_0" arrivalPos="248.50" arrivalSpeed="10.28" duration="556.00" routeLength="4223.00" waitingTime="137.00" waitingCount="4" stopTime="0.00" timeLoss="193.57" rerouteNo="0" devices="tripinfo_always_right.19" vType="DEFAULT_VEHTYPE" speedFactor="1.00" vaporized=""/>
    <tripinfo id="horizontal.50" depart="611.00" departLane="2fi_0" departPos="5.10" departSpeed="0.00" departDelay="11.00" arrival="846.00" arrivalLane="2fi_0" arrivalPos="248.50" arrivalSpeed="10.56" duration="235.00" routeLength="2257.40" waitingTime="20.00" waitingCount="1" stopTime="0.00" timeLoss="40.59" rerouteNo="0" devices="tripinfo_horizontal.50" vType="DEFAULT_VEHTYPE" speedFactor="1.00" vaporized=""/>
    <tripinfo id="always_right.20" depart="300.00" departLane="3fi_0" departPos="5.10" departSpeed="0.00" departDelay="0.00" arrival="848.00" arrivalLane="3fi_0" arrivalPos="248.50" arrivalSpeed="10.43" duration="548.00" routeLength="4223.00" waitingTime="125.00" waitingCount="4" stopTime="0.00" timeLoss="185.49" rerouteNo="0" devices="tripinfo_always_right.20" vType="DEFAULT_VEHTYPE" speedFactor="1.00" vaporized=""/>
    <tripinfo id="horizontal.51" depart="617.00" departLane="2fi_0" departPos="5.10" departSpeed="0.00" departDelay="7.00" arrival="848.00" arrivalLane="2fi_0" arrivalPos="248.50" arrivalSpeed="10.71" duration="231.00" routeLength="2257.40" waitingTime="15.00" waitingCount="1" stopTime="0.00" timeLoss="36.48" rerouteNo="0" devices="tripinfo_horizontal.51" vType="DEFAULT_VEHTYPE" speedFactor="1.00" vaporized=""/>
    <tripinfo id="always_right.21" depart="310.00" departLane="3fi_0" departPos="5.10" departSpeed="0.00" departDelay="0.00" arrival="850.00" arrivalLane="3fi_0" arrivalPos="248.50" arrivalSpeed="10.72" duration="540.00" routeLength="4223.00" waitingTime="116.00" waitingCount="4" stopTime="0.00" timeLoss="177.24" rerouteNo="0" devices="tripinfo_always_right.21" vType="DEFAULT_VEHTYPE" speedFactor="1.00" vaporized=""/>
    <tripinfo id="horizontal.52" depart="630.00" departLane="2fi_0" departPos="5.10" departSpeed="0.00" departDelay="10.00" arrival="850.00" arrivalLane="2fi_0" arrivalPos="248.50" arrivalSpeed="10.55" duration="220.00" routeLength="2257.40" waitingTime="4.00" waitingCount="1" stopTime="0.00" timeLoss="25.62" rerouteNo="0" devices="tripinfo_horizontal.52" vType="DEFAULT_VEHTYPE" speedFactor="1.00" vaporized=""/>
    <tripinfo id="always_right.22" depart="320.00" departLane="3fi_0" departPos="5.10" departSpeed="0.00" departDelay="0.00" arrival="852.00" arrivalLane="3fi_0" arrivalPos="248.50" arrivalSpeed="10.87" duration="532.00" routeLength="4223.00" waitingTime="106.00" waitingCount="4" stopTime="0.00" timeLoss="169.34" rerouteNo="0" devices="tripinfo_always_right.22" vType="DEFAULT_VEHTYPE" speedFactor="1.00" vaporized=""/>
    <tripinfo id="horizontal.53" depart="633.00" departLane="2fi_0" departPos="5.10" departSpeed="0.00" departDelay="3.00" arrival="853.00" arrivalLane="2fi_0" arrivalPos="248.50" arrivalSpeed="9.85" duration="220.00" routeLength="2257.40" waitingTime="2.00" waitingCount="1" stopTime="0.00" timeLoss="25.23" rerouteNo="0" devices="tripinfo_horizontal.53" vType="DEFAULT_VEHTYPE" speedFactor="1.00" vaporized=""/>
    <tripinfo id="always_right.23" depart="340.00" departLane="3fi_0" departPos="5.10" departSpeed="0.00" departDelay="10.00" arrival="854.00" arrivalLane="3fi_0" arrivalPos="248.50" arrivalSpeed="11.06" duration="514.00" routeLength="4223.00" waitingTime="94.00" waitingCount="3" stopTime="0.00" timeLoss="151.00" rerouteNo="0" devices="tripinfo_always_right.23" vType="DEFAULT_VEHTYPE" speedFactor="1.00" vaporized=""/>
    <tripinfo id="horizontal.54" depart="650.00" departLane="2fi_0" departPos="5.10" departSpeed="0.00" departDelay="10.00" arrival="858.00" arrivalLane="2fi_0" arrivalPos="248.50" arrivalSpeed="10.62" duration="208.00" routeLength="2257.40" waitingTime="0.00" waitingCount="0" stopTime="0.00" timeLoss="13.72" rerouteNo="0" devices="tripinfo_horizontal.54" vType="DEFAULT_VEHTYPE" speedFactor="1.00" vaporized=""/>
    <tripinfo id="horizontal.55" depart="653.00" departLane="2fi_0" departPos="5.10" departSpeed="0.00" departDelay="3.00" arrival="862.00" arrivalLane="2fi_0" arrivalPos="248.50" arrivalSpeed="10.84" duration="209.00" routeLength="2257.40" waitingTime="0.00" waitingCount="0" stopTime="0.00" timeLoss="14.35" rerouteNo="0" devices="tripinfo_horizontal.55" vType="DEFAULT_VEHTYPE" speedFactor="1.00" vaporized=""/>
    <tripinfo id="horizontal.56" depart="660.00" departLane="2fi_0" departPos="5.10" departSpeed="0.00" departDelay="0.00" arrival="868.00" arrivalLane="2fi_0" arrivalPos="248.50" arrivalSpeed="10.42" duration="208.00" routeLength="2257.40" waitingTime="0.00" waitingCount="0" stopTime="0.00" timeLoss="13.67" rerouteNo="0" devices="tripinfo_horizontal.56" vType="DEFAULT_VEHTYPE" speedFactor="1.00" vaporized=""/>
    <tripinfo id="vertical.50" depart="621.00" departLane="3fi_0" departPos="5.10" departSpeed="0.00" departDelay="21.00" arrival="887.00" arrivalLane="3fi_0" arrivalPos="248.50" arrivalSpeed="10.57" duration="266.00" routeLength="2257.40" waitingTime="52.00" waitingCount="1" stopTime="0.00" timeLoss="70.91" rerouteNo="0" devices="tripinfo_vertical.50" vType="DEFAULT_VEHTYPE" speedFactor="1.00" vaporized=""/>
    <tripinfo id="vertical.51" depart="627.00" departLane="3fi_0" departPos="5.10" departSpeed="0.00" departDelay="17.00" arrival="889.00" arrivalLane="3fi_0" arrivalPos="248.50" arrivalSpeed="10.72" duration="262.00" routeLength="2257.40" waitingTime="46.00" waitingCount="1" stopTime="0.00" timeLoss="67.36" rerouteNo="0" devices="tripinfo_vertical.51" vType="DEFAULT_VEHTYPE" speedFactor="1.00" vaporized=""/>
    <tripinfo id="vertical.52" depart="649.00" departLane="3fi_0" departPos="5.10" departSpeed="0.00" departDelay="29.00" arrival="891.00" arrivalLane="3fi_0" arrivalPos="248.50" arrivalSpeed="10.41" duration="242.00" routeLength="2257.40" waitingTime="25.00" waitingCount="1" stopTime="0.00" timeLoss="47.48" rerouteNo="0" devices="tripinfo_vertical.52" vType="DEFAULT_VEHTYPE" speedFactor="1.00" vaporized=""/>
    <tripinfo id="vertical.53" depart="661.00" departLane="3fi_0" departPos="5.10" departSpeed="0.00" departDelay="31.00" arrival="893.00" arrivalLane="3fi_0" arrivalPos="248.50" arrivalSpeed="9.81" duration="232.00" routeLength="2257.40" waitingTime="16.00" waitingCount="1" stopTime="0.00" timeLoss="37.49" rerouteNo="0" devices="tripinfo_vertical.53" vType="DEFAULT_VEHTYPE" speedFactor="1.00" vaporized=""/>
    <tripinfo id="vertical.54" depart="676.00" departLane="3fi_0" departPos="5.10" departSpeed="0.00" departDelay="36.00" arrival="895.00" arrivalLane="3fi_0" arrivalPos="248.50" arrivalSpeed="9.96" duration="219.00" routeLength="2257.40" waitingTime="2.00" waitingCount="1" stopTime="0.00" timeLoss="24.75" rerouteNo="0" devices="tripinfo_vertical.54" vType="DEFAULT_VEHTYPE" speedFactor="1.00" vaporized=""/>
    <tripinfo id="vertical.55" depart="698.00" departLane="3fi_0" departPos="5.10" departSpeed="0.00" departDelay="48.00" arrival="907.00" arrivalLane="3fi_0" arrivalPos="248.50" arrivalSpeed="10.30" duration="209.00" routeLength="2257.40" waitingTime="0.00" waitingCount="0" stopTime="0.00" timeLoss="14.65" rerouteNo="0" devices="tripinfo_vertical.55" vType="DEFAULT_VEHTYPE" speedFactor="1.00" vaporized=""/>
    <tripinfo id="always_left.15" depart="250.00" departLane="1fi_0" departPos="5.10" departSpeed="0.00" departDelay="0.00" arrival="913.00" arrivalLane="1fi_0" arrivalPos="248.50" arrivalSpeed="10.62" duration="663.00" routeLength="4263.32" waitingTime="172.00" waitingCount="12" stopTime="0.00" timeLoss="297.35" rerouteNo="0" devices="tripinfo_always_left.15" vType="DEFAULT_VEHTYPE" speedFactor="1.00" vaporized=""/>
    <tripinfo id="always_left.16" depart="260.00" departLane="1fi_0" departPos="5.10" departSpeed="0.00" departDelay="0.00" arrival="918.00" arrivalLane="1fi_0" arrivalPos="248.50" arrivalSpeed="10.88" duration="658.00" routeLength="4263.32" waitingTime="180.00" waitingCount="14" stopTime="0.00" timeLoss="291.71" rerouteNo="0" devices="tripinfo_always_left.16" vType="DEFAULT_VEHTYPE" speedFactor="1.00" vaporized=""/>
    <tripinfo id="always_left.17" depart="270.00" departLane="1fi_0" departPos="5.10" departSpeed="0.00" departDelay="0.00" arrival="921.00" arrivalLane="1fi_0" arrivalPos="248.50" arrivalSpeed="11.00" duration="651.00" routeLength="4263.32" waitingTime="150.00" waitingCount="15" stopTime="0.00" timeLoss="285.36" rerouteNo="0" devices="tripinfo_always_left.17" vType="DEFAULT_VEHTYPE" speedFactor="1.00" vaporized=""/>
    <tripinfo id="always_left.18" depart="290.00" departLane="1fi_0" departPos="5.10" departSpeed="0.00" departDelay="10.00" arrival="923.00" arrivalLane="1fi_0" arrivalPos="248.50" arrivalSpeed="9.97" duration="633.00" routeLength="4263.32" waitingTime="153.00" waitingCount="12" stopTime="0.00" timeLoss="267.37" rerouteNo="0" devices="tripinfo_always_left.18" vType="DEFAULT_VEHTYPE" speedFactor="1.00" vaporized=""/>
    <tripinfo id="always_left.19" depart="296.00" departLane="1fi_0" departPos="5.10" departSpeed="0.00" departDelay="6.00" arrival="925.00" arrivalLane="1fi_0" arrivalPos="248.50" arrivalSpeed="10.43" duration="629.00" routeLength="4263.32" waitingTime="143.00" waitingCount="12" stopTime="0.00" timeLoss="263.49" rerouteNo="0" devices="tripinfo_always_left.19" vType="DEFAULT_VEHTYPE" speedFactor="1.00" vaporized=""/>
    <tripinfo id="always_left.20" depart="300.00" departLane="1fi_0" departPos="5.10" departSpeed="0.00" departDelay="0.00" arrival="927.00" arrivalLane="1fi_0" arrivalPos="248.50" arrivalSpeed="11.07" duration="627.00" routeLength="4263.32" waitingTime="135.00" waitingCount="10" stopTime="0.00" timeLoss="261.26" rerouteNo="0" devices="tripinfo_always_left.20" vType="DEFAULT_VEHTYPE" speedFactor="1.00" vaporized=""/>
    <tripinfo id="always_right.24" depart="349.00" departLane="3fi_0" departPos="5.10" departSpeed="0.00" departDelay="9.00" arrival="928.00" arrivalLane="3fi_0" arrivalPos="248.50" arrivalSpeed="9.92" duration="579.00" routeLength="4223.00" waitingTime="174.00" waitingCount="4" stopTime="0.00" timeLoss="216.64" rerouteNo="0" devices="tripinfo_always_right.24" vType="DEFAULT_VEHTYPE" speedFactor="1.00" vaporized=""/>
    <tripinfo id="always_right.25" depart="355.00" departLane="3fi_0" departPos="5.10" departSpeed="0.00" departDelay="5.00" arrival="931.00" arrivalLane="3fi_0" arrivalPos="248.50" arrivalSpeed="10.56" duration="576.00" routeLength="4223.00" waitingTime="164.00" waitingCount="4" stopTime="0.00" timeLoss="212.89" rerouteNo="0" devices="tripinfo_always_right.25" vType="DEFAULT_VEHTYPE" speedFactor="1.00" vaporized=""/>
    <tripinfo id="horizontal.57" depart="670.00" departLane="2fi_0" departPos="5.10" departSpeed="0.00" departDelay="0.00" arrival="932.00" arrivalLane="2fi_0" arrivalPos="248.50" arrivalSpeed="11.03" duration="262.00" routeLength="2257.40" waitingTime="48.00" waitingCount="1" stopTime="0.00" timeLoss="67.11" rerouteNo="0" devices="tripinfo_horizontal.57" vType="DEFAULT_VEHTYPE" speedFactor="1.00" vaporized=""/>
    <tripinfo id="always_right.26" depart="361.00" departLane="3fi_0" departPos="5.10" departSpeed="0.00" departDelay="1.00" arrival="933.00" arrivalLane="3fi_0" arrivalPos="248.50" arrivalSpeed="11.04" duration="572.00" routeLength="4223.00" waitingTime="157.00" waitingCount="4" stopTime="0.00" timeLoss="208.93" rerouteNo="0" devices="tripinfo_always_right.26" vType="DEFAULT_VEHTYPE" speedFactor="1.00" vaporized=""/>
    <tripinfo id="horizontal.58" depart="693.00" departLane="2fi_0" departPos="5.10" departSpeed="0.00" departDelay="13.00" arrival="934.00" arrivalLane="2fi_0" arrivalPos="248.50" arrivalSpeed="10.99" duration="241.00" routeLength="2257.40" waitingTime="27.00" waitingCount="1" stopTime="0.00" timeLoss="46.31" rerouteNo="0" devices="tripinfo_horizontal.58" vType="DEFAULT_VEHTYPE" speedFactor="1.00" vaporized=""/>
    <tripinfo id="always_right.27" depart="370.00" departLane="3fi_0" departPos="5.10" departSpeed="0.00" departDelay="0.00" arrival="935.00" arrivalLane="3fi_0" arrivalPos="248.50" arrivalSpeed="10.91" duration="565.00" routeLength="4223.00" waitingTime="145.00" waitingCount="4" stopTime="0.00" timeLoss="202.16" rerouteNo="0" devices="tripinfo_always_right.27" vType="DEFAULT_VEHTYPE" speedFactor="1.00" vaporized=""/>
    <tripinfo id="horizontal.59" depart="698.00" departLane="2fi_0" departPos="5.10" departSpeed="0.00" departDelay="8.00" arrival="936.00" arrivalLane="2fi_0" arrivalPos="248.50" arrivalSpeed="10.35" duration="238.00" routeLength="2257.40" waitingTime="23.00" waitingCount="1" stopTime="0.00" timeLoss="43.82" rerouteNo="0" devices="tripinfo_horizontal.59" vType="DEFAULT_VEHTYPE" speedFactor="1.00" vaporized=""/>
    <tripinfo id="always_right.28" depart="380.00" departLane="3fi_0" departPos="5.10" departSpeed="0.00" departDelay="0.00" arrival="937.00" arrivalLane="3fi_0" arrivalPos="248.50" arrivalSpeed="10.30" duration="557.00" routeLength="4223.00" waitingTime="138.00" waitingCount="4" stopTime="0.00" timeLoss="194.61" rerouteNo="0" devices="tripinfo_always_right.28" vType="DEFAULT_VEHTYPE" speedFactor="1.00" vaporized=""/>
    <tripinfo id="horizontal.60" depart="704.00" departLane="2fi_0" departPos="5.10" departSpeed="0.00" departDelay="4.00" arrival="938.00" arrivalLane="2fi_0" arrivalPos="248.50" arrivalSpeed="10.68" duration="234.00" routeLength="2257.40" waitingTime="17.00" waitingCount="1" stopTime="0.00" timeLoss="39.85" rerouteNo="0" devices="tripinfo_horizontal.60" vType="DEFAULT_VEHTYPE" speedFactor="1.00" vaporized=""/>
    <tripinfo id="always_right.29" depart="390.00" departLane="3fi_0" departPos="5.10" departSpeed="0.00" departDelay="0.00" arrival="939.00" arrivalLane="3fi_0" arrivalPos="248.50" arrivalSpeed="10.31" duration="549.00" routeLength="4223.00" waitingTime="128.00" waitingCount="4" stopTime="0.00" timeLoss="186.75" rerouteNo="0" devices="tripinfo_always_right.29" vType="DEFAULT_VEHTYPE" speedFactor="1.00" vaporized=""/>
    <tripinfo id="always_right.30" depart="400.00" departLane="3fi_0" departPos="5.10" departSpeed="0.00" departDelay="0.00" arrival="941.00" arrivalLane="3fi_0" arrivalPos="248.50" arrivalSpeed="10.97" duration="541.00" routeLength="4223.00" waitingTime="118.00" waitingCount="4" stopTime="0.00" timeLoss="178.68" rerouteNo="0" devices="tripinfo_always_right.30" vType="DEFAULT_VEHTYPE" speedFactor="1.00" vaporized=""/>
    <tripinfo id="horizontal.61" depart="719.00" departLane="2fi_0" departPos="5.10" departSpeed="0.00" departDelay="9.00" arrival="941.00" arrivalLane="2fi_0" arrivalPos="248.50" arrivalSpeed="10.83" duration="222.00" routeLength="2257.40" waitingTime="5.00" waitingCount="1" stopTime="0.00" timeLoss="27.33" rerouteNo="0" devices="tripinfo_horizontal.61" vType="DEFAULT_VEHTYPE" speedFactor="1.00" vaporized=""/>
    <tripinfo id="always_right.31" depart="410.00" departLane="3fi_0" departPos="5.10" departSpeed="0.00" departDelay="0.00" arrival="943.00" arrivalLane="3fi_0" arrivalPos="248.50" arrivalSpeed="10.01" duration="533.00" routeLength="4223.00" waitingTime="107.00" waitingCount="5" stopTime="0.00" timeLoss="170.79" rerouteNo="0" devices="tripinfo_always_right.31" vType="DEFAULT_VEHTYPE" speedFactor="1.00" vaporized=""/>
    <tripinfo id="horizontal.62" depart="722.00" departLane="2fi_0" departPos="5.10" departSpeed="0.00" departDelay="2.00" arrival="943.00" arrivalLane="2fi_0" arrivalPos="248.50" arrivalSpeed="10.75" duration="221.00" routeLength="2257.40" waitingTime="2.00" waitingCount="1" stopTime="0.00" timeLoss="26.28" rerouteNo="0" devices="tripinfo_horizontal.62" vType="DEFAULT_VEHTYPE" speedFactor="1.00" vaporized=""/>
    <tripinfo id="always_right.32" depart="433.00" departLane="3fi_0" departPos="5.10" departSpeed="0.00" departDelay="13.00" arrival="945.00" arrivalLane="3fi_0" arrivalPos="248.50" arrivalSpeed="10.00" duration="512.00" routeLength="4223.00" waitingTime="93.00" waitingCount="3" stopTime="0.00" timeLoss="149.66" rerouteNo="0" devices="tripinfo_always_right.32" vType="DEFAULT_VEHTYPE" speedFactor="1.00" vaporized=""/>
    <tripinfo id="horizontal.63" depart="740.00" departLane="2fi_0" departPos="5.10" departSpeed="0.00" departDelay="10.00" arrival="951.00" arrivalLane="2fi_0" arrivalPos="248.50" arrivalSpeed="10.80" duration="211.00" routeLength="2257.40" waitingTime="0.00" waitingCount="0" stopTime="0.00" timeLoss="16.68" rerouteNo="0" devices="tripinfo_horizontal.63" vType="DEFAULT_VEHTYPE" speedFactor="1.00" vaporized=""/>
    <tripinfo id="horizontal.64" depart="743.00" departLane="2fi_0" departPos="5.10" departSpeed="0.00" departDelay="3.00" arrival="953.00" arrivalLane="2fi_0" arrivalPos="248.50" arrivalSpeed="10.59" duration="210.00" routeLength="2257.40" waitingTime="0.00" waitingCount="0" stopTime="0.00" timeLoss="15.41" rerouteNo="0" devices="tripinfo_horizontal.64" vType="DEFAULT_VEHTYPE" speedFactor="1.00" vaporized=""/>
    <tripinfo id="vertical.56" depart="707.00" departLane="3fi_0" departPos="5.10" departSpeed="0.00" departDelay="47.00" arrival="975.00" arrivalLane="3fi_0" arrivalPos="248.50" arrivalSpeed="10.28" duration="268.00" routeLength="2257.40" waitingTime="54.00" waitingCount="1" stopTime="0.00" timeLoss="73.42" rerouteNo="0" devices="tripinfo_vertical.56" vType="DEFAULT_VEHTYPE" speedFactor="1.00" vaporized=""/>
    <tripinfo id="vertical.57" depart="713.00" departLane="3fi_0" departPos="5.10" departSpeed="0.00" departDelay="43.00" arrival="977.00" arrivalLane="3fi_0" arrivalPos="248.50" arrivalSpeed="10.02" duration="264.00" routeLength="2257.40" waitingTime="49.00" waitingCount="1" stopTime="0.00" timeLoss="69.57" rerouteNo="0" devices="tripinfo_vertical.57" vType="DEFAULT_VEHTYPE" speedFactor="1.00" vaporized=""/>
    <tripinfo id="vertical.58" depart="719.00" departLane="3fi_0" departPos="5.10" departSpeed="0.00" departDelay="39.00" arrival="979.00" arrivalLane="3fi_0" arrivalPos="248.50" arrivalSpeed="10.46" duration="260.00" routeLength="2257.40" waitingTime="46.00" waitingCount="1" stopTime="0.00" timeLoss="65.37" rerouteNo="0" devices="tripinfo_vertical.58" vType="DEFAULT_VEHTYPE" speedFactor="1.00" vaporized=""/>
    <tripinfo id="vertical.59" depart="745.00" departLane="3fi_0" departPos="5.10" departSpeed="0.00" departDelay="55.00" arrival="981.00" arrivalLane="3fi_0" arrivalPos="248.50" arrivalSpeed="10.18" duration="236.00" routeLength="2257.40" waitingTime="20.00" waitingCount="1" stopTime="0.00" timeLoss="41.57" rerouteNo="0" devices="tripinfo_vertical.59" vType="DEFAULT_VEHTYPE" speedFactor="1.00" vaporized=""/>
    <tripinfo id="vertical.60" depart="754.00" departLane="3fi_0" departPos="5.10" departSpeed="0.00" departDelay="54.00" arrival="984.00" arrivalLane="3fi_0" arrivalPos="248.50" arrivalSpeed="10.54" duration="230.00" routeLength="2257.40" waitingTime="12.00" waitingCount="1" stopTime="0.00" timeLoss="35.10" rerouteNo="0" devices="tripinfo_vertical.60" vType="DEFAULT_VEHTYPE" speedFactor="1.00" vaporized=""/>
    <tripinfo id="vertical.61" depart="787.00" departLane="3fi_0" departPos="5.10" departSpeed="0.00" departDelay="77.00" arrival="996.00" arrivalLane="3fi_0" arrivalPos="248.50" arrivalSpeed="9.97" duration="209.00" routeLength="2257.40" waitingTime="0.00" waitingCount="0" stopTime="0.00" timeLoss="14.17" rerouteNo="0" devices="tripinfo_vertical.61" vType="DEFAULT_VEHTYPE" speedFactor="1.00" vaporized=""/>
</tripinfos>
