<?xml version="1.0" encoding="iso-8859-1"?>

<!-- generated on Fri Jul 22 23:05:36 2011 by SUMO netgen Version dev-SVN-r11063
<?xml version="1.0" encoding="iso-8859-1"?>

<configuration xmlns:xsi="http://www.w3.org/2001/XMLSchema-instance" xsi:noNamespaceSchemaLocation="https://sumo.sf.net/xsd/netgenConfiguration.xsd">

    <grid_network>
        <grid value="true"/>
        <grid.number value="2"/>
        <grid.attach-length value="100"/>
    </grid_network>

    <output>
        <output-file value="kuehne/kuehne.tmp.net.xml"/>
    </output>

    <building_defaults>
        <default-junction-type value="traffic_light"/>
    </building_defaults>

</configuration>
-->

<net version="0.13" xmlns:xsi="http://www.w3.org/2001/XMLSchema-instance" xsi:noNamespaceSchemaLocation="https://sumo.sf.net/xsd/net_file.xsd">

    <location netOffset="0.00,0.00" convBoundary="0.00,0.00,300.00,300.00" origBoundary="0.00,0.00,300.00,300.00" projParameter="!"/>

    <edge id=":0/0_0" function="internal">
        <lane id=":0/0_0_0" index="0" speed="13.90" length="5.00" shape="98.35,104.75 98.16,103.39 97.57,102.43 96.61,101.84 95.25,101.65"/>
    </edge>
    <edge id=":0/0_1" function="internal">
        <lane id=":0/0_1_0" index="0" speed="13.90" length="9.50" shape="98.35,104.75 98.35,95.25"/>
    </edge>
    <edge id=":0/0_2" function="internal">
        <lane id=":0/0_2_0" index="0" speed="13.90" length="3.18" shape="98.35,104.75 98.75,101.95 98.93,101.65"/>
    </edge>
    <edge id=":0/0_16" function="internal">
        <lane id=":0/0_16_0" index="0" speed="13.90" length="7.14" shape="98.93,101.65 99.95,99.95 101.95,98.75 104.75,98.35"/>
    </edge>
    <edge id=":0/0_3" function="internal">
        <lane id=":0/0_3_0" index="0" speed="13.90" length="2.41" shape="98.35,104.75 99.18,103.51 100.00,103.10"/>
    </edge>
    <edge id=":0/0_17" function="internal">
        <lane id=":0/0_17_0" index="0" speed="13.90" length="2.41" shape="100.00,103.10 100.83,103.51 101.65,104.75"/>
    </edge>
    <edge id=":0/0_4" function="internal">
        <lane id=":0/0_4_0" index="0" speed="13.90" length="5.00" shape="104.75,101.65 103.39,101.84 102.43,102.43 101.84,103.39 101.65,104.75"/>
    </edge>
    <edge id=":0/0_5" function="internal">
        <lane id=":0/0_5_0" index="0" speed="13.90" length="9.50" shape="104.75,101.65 95.25,101.65"/>
    </edge>
    <edge id=":0/0_6" function="internal">
        <lane id=":0/0_6_0" index="0" speed="13.90" length="3.18" shape="104.75,101.65 101.95,101.25 101.65,101.07"/>
    </edge>
    <edge id=":0/0_18" function="internal">
        <lane id=":0/0_18_0" index="0" speed="13.90" length="7.14" shape="101.65,101.07 99.95,100.05 98.75,98.05 98.35,95.25"/>
    </edge>
    <edge id=":0/0_7" function="internal">
        <lane id=":0/0_7_0" index="0" speed="13.90" length="2.41" shape="104.75,101.65 103.51,100.83 103.10,100.00"/>
    </edge>
    <edge id=":0/0_19" function="internal">
        <lane id=":0/0_19_0" index="0" speed="13.90" length="2.41" shape="103.10,100.00 103.51,99.18 104.75,98.35"/>
    </edge>
    <edge id=":0/0_8" function="internal">
        <lane id=":0/0_8_0" index="0" speed="13.90" length="5.00" shape="101.65,95.25 101.84,96.61 102.43,97.57 103.39,98.16 104.75,98.35"/>
    </edge>
    <edge id=":0/0_9" function="internal">
        <lane id=":0/0_9_0" index="0" speed="13.90" length="9.50" shape="101.65,95.25 101.65,104.75"/>
    </edge>
    <edge id=":0/0_10" function="internal">
        <lane id=":0/0_10_0" index="0" speed="13.90" length="3.18" shape="101.65,95.25 101.25,98.05 101.07,98.35"/>
    </edge>
    <edge id=":0/0_20" function="internal">
        <lane id=":0/0_20_0" index="0" speed="13.90" length="7.14" shape="101.07,98.35 100.05,100.05 98.05,101.25 95.25,101.65"/>
    </edge>
    <edge id=":0/0_11" function="internal">
        <lane id=":0/0_11_0" index="0" speed="13.90" length="2.41" shape="101.65,95.25 100.82,96.49 100.00,96.90"/>
    </edge>
    <edge id=":0/0_21" function="internal">
        <lane id=":0/0_21_0" index="0" speed="13.90" length="2.41" shape="100.00,96.90 99.17,96.49 98.35,95.25"/>
    </edge>
    <edge id=":0/0_12" function="internal">
        <lane id=":0/0_12_0" index="0" speed="13.90" length="5.00" shape="95.25,98.35 96.61,98.16 97.57,97.57 98.16,96.61 98.35,95.25"/>
    </edge>
    <edge id=":0/0_13" function="internal">
        <lane id=":0/0_13_0" index="0" speed="13.90" length="9.50" shape="95.25,98.35 104.75,98.35"/>
    </edge>
    <edge id=":0/0_14" function="internal">
        <lane id=":0/0_14_0" index="0" speed="13.90" length="3.18" shape="95.25,98.35 98.05,98.75 98.35,98.93"/>
    </edge>
    <edge id=":0/0_22" function="internal">
        <lane id=":0/0_22_0" index="0" speed="13.90" length="7.14" shape="98.35,98.93 100.05,99.95 101.25,101.95 101.65,104.75"/>
    </edge>
    <edge id=":0/0_15" function="internal">
        <lane id=":0/0_15_0" index="0" speed="13.90" length="2.41" shape="95.25,98.35 96.49,99.17 96.90,100.00"/>
    </edge>
    <edge id=":0/0_23" function="internal">
        <lane id=":0/0_23_0" index="0" speed="13.90" length="2.41" shape="96.90,100.00 96.49,100.82 95.25,101.65"/>
    </edge>
    <edge id=":0/1_0" function="internal">
        <lane id=":0/1_0_0" index="0" speed="13.90" length="5.00" shape="98.35,204.75 98.16,203.39 97.57,202.42 96.61,201.84 95.25,201.65"/>
    </edge>
    <edge id=":0/1_1" function="internal">
        <lane id=":0/1_1_0" index="0" speed="13.90" length="9.50" shape="98.35,204.75 98.35,195.25"/>
    </edge>
    <edge id=":0/1_2" function="internal">
        <lane id=":0/1_2_0" index="0" speed="13.90" length="3.18" shape="98.35,204.75 98.75,201.95 98.93,201.65"/>
    </edge>
    <edge id=":0/1_16" function="internal">
        <lane id=":0/1_16_0" index="0" speed="13.90" length="7.14" shape="98.93,201.65 99.95,199.95 101.95,198.75 104.75,198.35"/>
    </edge>
    <edge id=":0/1_3" function="internal">
        <lane id=":0/1_3_0" index="0" speed="13.90" length="2.41" shape="98.35,204.75 99.18,203.51 100.00,203.10"/>
    </edge>
    <edge id=":0/1_17" function="internal">
        <lane id=":0/1_17_0" index="0" speed="13.90" length="2.41" shape="100.00,203.10 100.83,203.51 101.65,204.75"/>
    </edge>
    <edge id=":0/1_4" function="internal">
        <lane id=":0/1_4_0" index="0" speed="13.90" length="5.00" shape="104.75,201.65 103.39,201.84 102.43,202.43 101.84,203.39 101.65,204.75"/>
    </edge>
    <edge id=":0/1_5" function="internal">
        <lane id=":0/1_5_0" index="0" speed="13.90" length="9.50" shape="104.75,201.65 95.25,201.65"/>
    </edge>
    <edge id=":0/1_6" function="internal">
        <lane id=":0/1_6_0" index="0" speed="13.90" length="3.18" shape="104.75,201.65 101.95,201.25 101.65,201.07"/>
    </edge>
    <edge id=":0/1_18" function="internal">
        <lane id=":0/1_18_0" index="0" speed="13.90" length="7.14" shape="101.65,201.07 99.95,200.05 98.75,198.05 98.35,195.25"/>
    </edge>
    <edge id=":0/1_7" function="internal">
        <lane id=":0/1_7_0" index="0" speed="13.90" length="2.41" shape="104.75,201.65 103.51,200.83 103.10,200.00"/>
    </edge>
    <edge id=":0/1_19" function="internal">
        <lane id=":0/1_19_0" index="0" speed="13.90" length="2.41" shape="103.10,200.00 103.51,199.18 104.75,198.35"/>
    </edge>
    <edge id=":0/1_8" function="internal">
        <lane id=":0/1_8_0" index="0" speed="13.90" length="5.00" shape="101.65,195.25 101.84,196.61 102.43,197.58 103.39,198.16 104.75,198.35"/>
    </edge>
    <edge id=":0/1_9" function="internal">
        <lane id=":0/1_9_0" index="0" speed="13.90" length="9.50" shape="101.65,195.25 101.65,204.75"/>
    </edge>
    <edge id=":0/1_10" function="internal">
        <lane id=":0/1_10_0" index="0" speed="13.90" length="3.18" shape="101.65,195.25 101.25,198.05 101.07,198.35"/>
    </edge>
    <edge id=":0/1_20" function="internal">
        <lane id=":0/1_20_0" index="0" speed="13.90" length="7.14" shape="101.07,198.35 100.05,200.05 98.05,201.25 95.25,201.65"/>
    </edge>
    <edge id=":0/1_11" function="internal">
        <lane id=":0/1_11_0" index="0" speed="13.90" length="2.41" shape="101.65,195.25 100.82,196.49 100.00,196.90"/>
    </edge>
    <edge id=":0/1_21" function="internal">
        <lane id=":0/1_21_0" index="0" speed="13.90" length="2.41" shape="100.00,196.90 99.17,196.49 98.35,195.25"/>
    </edge>
    <edge id=":0/1_12" function="internal">
        <lane id=":0/1_12_0" index="0" speed="13.90" length="5.00" shape="95.25,198.35 96.61,198.16 97.57,197.57 98.16,196.61 98.35,195.25"/>
    </edge>
    <edge id=":0/1_13" function="internal">
        <lane id=":0/1_13_0" index="0" speed="13.90" length="9.50" shape="95.25,198.35 104.75,198.35"/>
    </edge>
    <edge id=":0/1_14" function="internal">
        <lane id=":0/1_14_0" index="0" speed="13.90" length="3.18" shape="95.25,198.35 98.05,198.75 98.35,198.93"/>
    </edge>
    <edge id=":0/1_22" function="internal">
        <lane id=":0/1_22_0" index="0" speed="13.90" length="7.14" shape="98.35,198.93 100.05,199.95 101.25,201.95 101.65,204.75"/>
    </edge>
    <edge id=":0/1_15" function="internal">
        <lane id=":0/1_15_0" index="0" speed="13.90" length="2.41" shape="95.25,198.35 96.49,199.17 96.90,200.00"/>
    </edge>
    <edge id=":0/1_23" function="internal">
        <lane id=":0/1_23_0" index="0" speed="13.90" length="2.41" shape="96.90,200.00 96.49,200.82 95.25,201.65"/>
    </edge>
    <edge id=":1/0_0" function="internal">
        <lane id=":1/0_0_0" index="0" speed="13.90" length="5.00" shape="198.35,104.75 198.16,103.39 197.57,102.43 196.61,101.84 195.25,101.65"/>
    </edge>
    <edge id=":1/0_1" function="internal">
        <lane id=":1/0_1_0" index="0" speed="13.90" length="9.50" shape="198.35,104.75 198.35,95.25"/>
    </edge>
    <edge id=":1/0_2" function="internal">
        <lane id=":1/0_2_0" index="0" speed="13.90" length="3.18" shape="198.35,104.75 198.75,101.95 198.93,101.65"/>
    </edge>
    <edge id=":1/0_16" function="internal">
        <lane id=":1/0_16_0" index="0" speed="13.90" length="7.14" shape="198.93,101.65 199.95,99.95 201.95,98.75 204.75,98.35"/>
    </edge>
    <edge id=":1/0_3" function="internal">
        <lane id=":1/0_3_0" index="0" speed="13.90" length="2.41" shape="198.35,104.75 199.17,103.51 200.00,103.10"/>
    </edge>
    <edge id=":1/0_17" function="internal">
        <lane id=":1/0_17_0" index="0" speed="13.90" length="2.41" shape="200.00,103.10 200.82,103.51 201.65,104.75"/>
    </edge>
    <edge id=":1/0_4" function="internal">
        <lane id=":1/0_4_0" index="0" speed="13.90" length="5.00" shape="204.75,101.65 203.39,101.84 202.43,102.43 201.84,103.39 201.65,104.75"/>
    </edge>
    <edge id=":1/0_5" function="internal">
        <lane id=":1/0_5_0" index="0" speed="13.90" length="9.50" shape="204.75,101.65 195.25,101.65"/>
    </edge>
    <edge id=":1/0_6" function="internal">
        <lane id=":1/0_6_0" index="0" speed="13.90" length="3.18" shape="204.75,101.65 201.95,101.25 201.65,101.07"/>
    </edge>
    <edge id=":1/0_18" function="internal">
        <lane id=":1/0_18_0" index="0" speed="13.90" length="7.14" shape="201.65,101.07 199.95,100.05 198.75,98.05 198.35,95.25"/>
    </edge>
    <edge id=":1/0_7" function="internal">
        <lane id=":1/0_7_0" index="0" speed="13.90" length="2.41" shape="204.75,101.65 203.51,100.83 203.10,100.00"/>
    </edge>
    <edge id=":1/0_19" function="internal">
        <lane id=":1/0_19_0" index="0" speed="13.90" length="2.41" shape="203.10,100.00 203.51,99.18 204.75,98.35"/>
    </edge>
    <edge id=":1/0_8" function="internal">
        <lane id=":1/0_8_0" index="0" speed="13.90" length="5.00" shape="201.65,95.25 201.84,96.61 202.43,97.57 203.39,98.16 204.75,98.35"/>
    </edge>
    <edge id=":1/0_9" function="internal">
        <lane id=":1/0_9_0" index="0" speed="13.90" length="9.50" shape="201.65,95.25 201.65,104.75"/>
    </edge>
    <edge id=":1/0_10" function="internal">
        <lane id=":1/0_10_0" index="0" speed="13.90" length="3.18" shape="201.65,95.25 201.25,98.05 201.07,98.35"/>
    </edge>
    <edge id=":1/0_20" function="internal">
        <lane id=":1/0_20_0" index="0" speed="13.90" length="7.14" shape="201.07,98.35 200.05,100.05 198.05,101.25 195.25,101.65"/>
    </edge>
    <edge id=":1/0_11" function="internal">
        <lane id=":1/0_11_0" index="0" speed="13.90" length="2.41" shape="201.65,95.25 200.83,96.49 200.00,96.90"/>
    </edge>
    <edge id=":1/0_21" function="internal">
        <lane id=":1/0_21_0" index="0" speed="13.90" length="2.41" shape="200.00,96.90 199.18,96.49 198.35,95.25"/>
    </edge>
    <edge id=":1/0_12" function="internal">
        <lane id=":1/0_12_0" index="0" speed="13.90" length="5.00" shape="195.25,98.35 196.61,98.16 197.57,97.57 198.16,96.61 198.35,95.25"/>
    </edge>
    <edge id=":1/0_13" function="internal">
        <lane id=":1/0_13_0" index="0" speed="13.90" length="9.50" shape="195.25,98.35 204.75,98.35"/>
    </edge>
    <edge id=":1/0_14" function="internal">
        <lane id=":1/0_14_0" index="0" speed="13.90" length="3.18" shape="195.25,98.35 198.05,98.75 198.35,98.93"/>
    </edge>
    <edge id=":1/0_22" function="internal">
        <lane id=":1/0_22_0" index="0" speed="13.90" length="7.14" shape="198.35,98.93 200.05,99.95 201.25,101.95 201.65,104.75"/>
    </edge>
    <edge id=":1/0_15" function="internal">
        <lane id=":1/0_15_0" index="0" speed="13.90" length="2.41" shape="195.25,98.35 196.49,99.17 196.90,100.00"/>
    </edge>
    <edge id=":1/0_23" function="internal">
        <lane id=":1/0_23_0" index="0" speed="13.90" length="2.41" shape="196.90,100.00 196.49,100.82 195.25,101.65"/>
    </edge>
    <edge id=":1/1_0" function="internal">
        <lane id=":1/1_0_0" index="0" speed="13.90" length="5.00" shape="198.35,204.75 198.16,203.39 197.57,202.42 196.61,201.84 195.25,201.65"/>
    </edge>
    <edge id=":1/1_1" function="internal">
        <lane id=":1/1_1_0" index="0" speed="13.90" length="9.50" shape="198.35,204.75 198.35,195.25"/>
    </edge>
    <edge id=":1/1_2" function="internal">
        <lane id=":1/1_2_0" index="0" speed="13.90" length="3.18" shape="198.35,204.75 198.75,201.95 198.93,201.65"/>
    </edge>
    <edge id=":1/1_16" function="internal">
        <lane id=":1/1_16_0" index="0" speed="13.90" length="7.14" shape="198.93,201.65 199.95,199.95 201.95,198.75 204.75,198.35"/>
    </edge>
    <edge id=":1/1_3" function="internal">
        <lane id=":1/1_3_0" index="0" speed="13.90" length="2.41" shape="198.35,204.75 199.17,203.51 200.00,203.10"/>
    </edge>
    <edge id=":1/1_17" function="internal">
        <lane id=":1/1_17_0" index="0" speed="13.90" length="2.41" shape="200.00,203.10 200.82,203.51 201.65,204.75"/>
    </edge>
    <edge id=":1/1_4" function="internal">
        <lane id=":1/1_4_0" index="0" speed="13.90" length="5.00" shape="204.75,201.65 203.39,201.84 202.43,202.43 201.84,203.39 201.65,204.75"/>
    </edge>
    <edge id=":1/1_5" function="internal">
        <lane id=":1/1_5_0" index="0" speed="13.90" length="9.50" shape="204.75,201.65 195.25,201.65"/>
    </edge>
    <edge id=":1/1_6" function="internal">
        <lane id=":1/1_6_0" index="0" speed="13.90" length="3.18" shape="204.75,201.65 201.95,201.25 201.65,201.07"/>
    </edge>
    <edge id=":1/1_18" function="internal">
        <lane id=":1/1_18_0" index="0" speed="13.90" length="7.14" shape="201.65,201.07 199.95,200.05 198.75,198.05 198.35,195.25"/>
    </edge>
    <edge id=":1/1_7" function="internal">
        <lane id=":1/1_7_0" index="0" speed="13.90" length="2.41" shape="204.75,201.65 203.51,200.83 203.10,200.00"/>
    </edge>
    <edge id=":1/1_19" function="internal">
        <lane id=":1/1_19_0" index="0" speed="13.90" length="2.41" shape="203.10,200.00 203.51,199.18 204.75,198.35"/>
    </edge>
    <edge id=":1/1_8" function="internal">
        <lane id=":1/1_8_0" index="0" speed="13.90" length="5.00" shape="201.65,195.25 201.84,196.61 202.43,197.58 203.39,198.16 204.75,198.35"/>
    </edge>
    <edge id=":1/1_9" function="internal">
        <lane id=":1/1_9_0" index="0" speed="13.90" length="9.50" shape="201.65,195.25 201.65,204.75"/>
    </edge>
    <edge id=":1/1_10" function="internal">
        <lane id=":1/1_10_0" index="0" speed="13.90" length="3.18" shape="201.65,195.25 201.25,198.05 201.07,198.35"/>
    </edge>
    <edge id=":1/1_20" function="internal">
        <lane id=":1/1_20_0" index="0" speed="13.90" length="7.14" shape="201.07,198.35 200.05,200.05 198.05,201.25 195.25,201.65"/>
    </edge>
    <edge id=":1/1_11" function="internal">
        <lane id=":1/1_11_0" index="0" speed="13.90" length="2.41" shape="201.65,195.25 200.83,196.49 200.00,196.90"/>
    </edge>
    <edge id=":1/1_21" function="internal">
        <lane id=":1/1_21_0" index="0" speed="13.90" length="2.41" shape="200.00,196.90 199.18,196.49 198.35,195.25"/>
    </edge>
    <edge id=":1/1_12" function="internal">
        <lane id=":1/1_12_0" index="0" speed="13.90" length="5.00" shape="195.25,198.35 196.61,198.16 197.57,197.57 198.16,196.61 198.35,195.25"/>
    </edge>
    <edge id=":1/1_13" function="internal">
        <lane id=":1/1_13_0" index="0" speed="13.90" length="9.50" shape="195.25,198.35 204.75,198.35"/>
    </edge>
    <edge id=":1/1_14" function="internal">
        <lane id=":1/1_14_0" index="0" speed="13.90" length="3.18" shape="195.25,198.35 198.05,198.75 198.35,198.93"/>
    </edge>
    <edge id=":1/1_22" function="internal">
        <lane id=":1/1_22_0" index="0" speed="13.90" length="7.14" shape="198.35,198.93 200.05,199.95 201.25,201.95 201.65,204.75"/>
    </edge>
    <edge id=":1/1_15" function="internal">
        <lane id=":1/1_15_0" index="0" speed="13.90" length="2.41" shape="195.25,198.35 196.49,199.17 196.90,200.00"/>
    </edge>
    <edge id=":1/1_23" function="internal">
        <lane id=":1/1_23_0" index="0" speed="13.90" length="2.41" shape="196.90,200.00 196.49,200.82 195.25,201.65"/>
    </edge>
    <edge id=":bottom0_0" function="internal">
        <lane id=":bottom0_0_0" index="0" speed="13.90" length="4.82" shape="98.35,0.00 99.18,-1.24 100.00,-1.65 100.83,-1.24 101.65,0.00"/>
    </edge>
    <edge id=":bottom1_0" function="internal">
        <lane id=":bottom1_0_0" index="0" speed="13.90" length="4.82" shape="198.35,0.00 199.17,-1.24 200.00,-1.65 200.82,-1.24 201.65,0.00"/>
    </edge>
    <edge id=":left0_0" function="internal">
        <lane id=":left0_0_0" index="0" speed="13.90" length="4.82" shape="0.00,101.65 -1.24,100.82 -1.65,100.00 -1.24,99.17 0.00,98.35"/>
    </edge>
    <edge id=":left1_0" function="internal">
        <lane id=":left1_0_0" index="0" speed="13.90" length="4.82" shape="0.00,201.65 -1.24,200.83 -1.65,200.00 -1.24,199.18 0.00,198.35"/>
    </edge>
    <edge id=":right0_0" function="internal">
        <lane id=":right0_0_0" index="0" speed="13.90" length="4.82" shape="300.00,98.35 301.24,99.17 301.65,100.00 301.24,100.82 300.00,101.65"/>
    </edge>
    <edge id=":right1_0" function="internal">
        <lane id=":right1_0_0" index="0" speed="13.90" length="4.82" shape="300.00,198.35 301.24,199.17 301.65,200.00 301.24,200.82 300.00,201.65"/>
    </edge>
    <edge id=":top0_0" function="internal">
        <lane id=":top0_0_0" index="0" speed="13.90" length="4.82" shape="101.65,300.00 100.82,301.24 100.00,301.65 99.17,301.24 98.35,300.00"/>
    </edge>
    <edge id=":top1_0" function="internal">
        <lane id=":top1_0_0" index="0" speed="13.90" length="4.82" shape="201.65,300.00 200.83,301.24 200.00,301.65 199.18,301.24 198.35,300.00"/>
    </edge>

    <edge id="0/0to0/1" from="0/0" to="0/1" priority="-1">
        <lane id="0/0to0/1_0" index="0" speed="13.90" length="90.50" shape="101.65,104.75 101.65,195.25"/>
    </edge>
    <edge id="0/0to1/0" from="0/0" to="1/0" priority="-1">
        <lane id="0/0to1/0_0" index="0" speed="13.90" length="90.50" shape="104.75,98.35 195.25,98.35"/>
    </edge>
    <edge id="0/0tobottom0" from="0/0" to="bottom0" priority="-1">
        <lane id="0/0tobottom0_0" index="0" speed="13.90" length="95.25" shape="98.35,95.25 98.35,0.00"/>
    </edge>
    <edge id="0/0toleft0" from="0/0" to="left0" priority="-1">
        <lane id="0/0toleft0_0" index="0" speed="13.90" length="95.25" shape="95.25,101.65 0.00,101.65"/>
    </edge>
    <edge id="0/1to0/0" from="0/1" to="0/0" priority="-1">
        <lane id="0/1to0/0_0" index="0" speed="13.90" length="90.50" shape="98.35,195.25 98.35,104.75"/>
    </edge>
    <edge id="0/1to1/1" from="0/1" to="1/1" priority="-1">
        <lane id="0/1to1/1_0" index="0" speed="13.90" length="90.50" shape="104.75,198.35 195.25,198.35"/>
    </edge>
    <edge id="0/1toleft1" from="0/1" to="left1" priority="-1">
        <lane id="0/1toleft1_0" index="0" speed="13.90" length="95.25" shape="95.25,201.65 0.00,201.65"/>
    </edge>
    <edge id="0/1totop0" from="0/1" to="top0" priority="-1">
        <lane id="0/1totop0_0" index="0" speed="13.90" length="95.25" shape="101.65,204.75 101.65,300.00"/>
    </edge>
    <edge id="1/0to0/0" from="1/0" to="0/0" priority="-1">
        <lane id="1/0to0/0_0" index="0" speed="13.90" length="90.50" shape="195.25,101.65 104.75,101.65"/>
    </edge>
    <edge id="1/0to1/1" from="1/0" to="1/1" priority="-1">
        <lane id="1/0to1/1_0" index="0" speed="13.90" length="90.50" shape="201.65,104.75 201.65,195.25"/>
    </edge>
    <edge id="1/0tobottom1" from="1/0" to="bottom1" priority="-1">
        <lane id="1/0tobottom1_0" index="0" speed="13.90" length="95.25" shape="198.35,95.25 198.35,0.00"/>
    </edge>
    <edge id="1/0toright0" from="1/0" to="right0" priority="-1">
        <lane id="1/0toright0_0" index="0" speed="13.90" length="95.25" shape="204.75,98.35 300.00,98.35"/>
    </edge>
    <edge id="1/1to0/1" from="1/1" to="0/1" priority="-1">
        <lane id="1/1to0/1_0" index="0" speed="13.90" length="90.50" shape="195.25,201.65 104.75,201.65"/>
    </edge>
    <edge id="1/1to1/0" from="1/1" to="1/0" priority="-1">
        <lane id="1/1to1/0_0" index="0" speed="13.90" length="90.50" shape="198.35,195.25 198.35,104.75"/>
    </edge>
    <edge id="1/1toright1" from="1/1" to="right1" priority="-1">
        <lane id="1/1toright1_0" index="0" speed="13.90" length="95.25" shape="204.75,198.35 300.00,198.35"/>
    </edge>
    <edge id="1/1totop1" from="1/1" to="top1" priority="-1">
        <lane id="1/1totop1_0" index="0" speed="13.90" length="95.25" shape="201.65,204.75 201.65,300.00"/>
    </edge>
    <edge id="bottom0to0/0" from="bottom0" to="0/0" priority="-1">
        <lane id="bottom0to0/0_0" index="0" speed="13.90" length="95.25" shape="101.65,0.00 101.65,95.25"/>
    </edge>
    <edge id="bottom1to1/0" from="bottom1" to="1/0" priority="-1">
        <lane id="bottom1to1/0_0" index="0" speed="13.90" length="95.25" shape="201.65,0.00 201.65,95.25"/>
    </edge>
    <edge id="left0to0/0" from="left0" to="0/0" priority="-1">
        <lane id="left0to0/0_0" index="0" speed="13.90" length="95.25" shape="0.00,98.35 95.25,98.35"/>
    </edge>
    <edge id="left1to0/1" from="left1" to="0/1" priority="-1">
        <lane id="left1to0/1_0" index="0" speed="13.90" length="95.25" shape="0.00,198.35 95.25,198.35"/>
    </edge>
    <edge id="right0to1/0" from="right0" to="1/0" priority="-1">
        <lane id="right0to1/0_0" index="0" speed="13.90" length="95.25" shape="300.00,101.65 204.75,101.65"/>
    </edge>
    <edge id="right1to1/1" from="right1" to="1/1" priority="-1">
        <lane id="right1to1/1_0" index="0" speed="13.90" length="95.25" shape="300.00,201.65 204.75,201.65"/>
    </edge>
    <edge id="top0to0/1" from="top0" to="0/1" priority="-1">
        <lane id="top0to0/1_0" index="0" speed="13.90" length="95.25" shape="98.35,300.00 98.35,204.75"/>
    </edge>
    <edge id="top1to1/1" from="top1" to="1/1" priority="-1">
        <lane id="top1to1/1_0" index="0" speed="13.90" length="95.25" shape="198.35,300.00 198.35,204.75"/>
    </edge>

    <tlLogic id="0/0" type="static" programID="0" offset="0">
      <phase duration="2" state="rrrrrrrrrrrrrrrr"/>
      <phase duration="10000" state="rrrrGGggrrrrGGgg"/>
   </tlLogic>

   <tlLogic id="0/0" type="static" programID="1" offset="0">
      <phase duration="2" state="rrrrrrrrrrrrrrrr"/>
      <phase duration="10000" state="GGggrrrrGGggrrrr"/>
    </tlLogic>
    <tlLogic id="0/1" type="static" programID="0" offset="0">
      <phase duration="2" state="rrrrrrrrrrrrrrrr"/>
      <phase duration="10000" state="rrrrGGggrrrrGGgg"/>
   </tlLogic>

   <tlLogic id="0/1" type="static" programID="1" offset="0">
      <phase duration="2" state="rrrrrrrrrrrrrrrr"/>
      <phase duration="10000" state="GGggrrrrGGggrrrr"/>
    </tlLogic>
    <tlLogic id="1/0" type="static" programID="0" offset="0">
      <phase duration="2" state="rrrrrrrrrrrrrrrr"/>
      <phase duration="10000" state="rrrrGGggrrrrGGgg"/>
   </tlLogic>

   <tlLogic id="1/0" type="static" programID="1" offset="0">
      <phase duration="2" state="rrrrrrrrrrrrrrrr"/>
      <phase duration="10000" state="GGggrrrrGGggrrrr"/>
    </tlLogic>
    <tlLogic id="1/1" type="static" programID="0" offset="0">
      <phase duration="2" state="rrrrrrrrrrrrrrrr"/>
      <phase duration="10000" state="rrrrGGggrrrrGGgg"/>
   </tlLogic>

   <tlLogic id="1/1" type="static" programID="1" offset="0">
      <phase duration="2" state="rrrrrrrrrrrrrrrr"/>
      <phase duration="10000" state="GGggrrrrGGggrrrr"/>
    </tlLogic>
    <tlLogic id="bottom0" type="static" programID="0" offset="0">
        <phase duration="31" state="G"/>
        <phase duration="4" state="y"/>
    </tlLogic>
    <tlLogic id="bottom1" type="static" programID="0" offset="0">
        <phase duration="31" state="G"/>
        <phase duration="4" state="y"/>
    </tlLogic>
    <tlLogic id="left0" type="static" programID="0" offset="0">
        <phase duration="31" state="G"/>
        <phase duration="4" state="y"/>
    </tlLogic>
    <tlLogic id="left1" type="static" programID="0" offset="0">
        <phase duration="31" state="G"/>
        <phase duration="4" state="y"/>
    </tlLogic>
    <tlLogic id="right0" type="static" programID="0" offset="0">
        <phase duration="31" state="G"/>
        <phase duration="4" state="y"/>
    </tlLogic>
    <tlLogic id="right1" type="static" programID="0" offset="0">
        <phase duration="31" state="G"/>
        <phase duration="4" state="y"/>
    </tlLogic>
    <tlLogic id="top0" type="static" programID="0" offset="0">
        <phase duration="31" state="G"/>
        <phase duration="4" state="y"/>
    </tlLogic>
    <tlLogic id="top1" type="static" programID="0" offset="0">
        <phase duration="31" state="G"/>
        <phase duration="4" state="y"/>
    </tlLogic>

    <junction id="0/0" type="traffic_light" x="100.00" y="100.00" incLanes="0/1to0/0_0 1/0to0/0_0 bottom0to0/0_0 left0to0/0_0" intLanes=":0/0_0_0 :0/0_1_0 :0/0_16_0 :0/0_17_0 :0/0_4_0 :0/0_5_0 :0/0_18_0 :0/0_19_0 :0/0_8_0 :0/0_9_0 :0/0_20_0 :0/0_21_0 :0/0_12_0 :0/0_13_0 :0/0_22_0 :0/0_23_0" shape="96.75,104.75 103.25,104.75 104.75,103.25 104.75,96.75 103.25,95.25 96.75,95.25 95.25,96.75 95.25,103.25">
        <request index="0" response="0000000000000000" foes="1000010000100000" cont="0"/>
        <request index="1" response="0000000000000000" foes="0111110001100000" cont="0"/>
        <request index="2" response="0000001100000000" foes="0110001111100000" cont="1"/>
        <request index="3" response="0100001000010000" foes="0100001000010000" cont="1"/>
        <request index="4" response="0000001000000000" foes="0100001000001000" cont="0"/>
        <request index="5" response="0000011000000111" foes="1100011000000111" cont="0"/>
        <request index="6" response="0011011000000110" foes="0011111000000110" cont="1"/>
        <request index="7" response="0010000100000100" foes="0010000100000100" cont="1"/>
        <request index="8" response="0000000000000000" foes="0010000010000100" cont="0"/>
        <request index="9" response="0000000000000000" foes="0110000001111100" cont="0"/>
        <request index="10" response="0000000000000011" foes="1110000001100011" cont="1"/>
        <request index="11" response="0001000001000010" foes="0001000001000010" cont="1"/>
        <request index="12" response="0000000000000010" foes="0000100001000010" cont="0"/>
        <request index="13" response="0000011100000110" foes="0000011111000110" cont="0"/>
        <request index="14" response="0000011000110110" foes="0000011000111110" cont="1"/>
        <request index="15" response="0000010000100001" foes="0000010000100001" cont="1"/>
    </junction>
    <junction id="0/1" type="traffic_light" x="100.00" y="200.00" incLanes="top0to0/1_0 1/1to0/1_0 0/0to0/1_0 left1to0/1_0" intLanes=":0/1_0_0 :0/1_1_0 :0/1_16_0 :0/1_17_0 :0/1_4_0 :0/1_5_0 :0/1_18_0 :0/1_19_0 :0/1_8_0 :0/1_9_0 :0/1_20_0 :0/1_21_0 :0/1_12_0 :0/1_13_0 :0/1_22_0 :0/1_23_0" shape="96.75,204.75 103.25,204.75 104.75,203.25 104.75,196.75 103.25,195.25 96.75,195.25 95.25,196.75 95.25,203.25">
        <request index="0" response="0000000000000000" foes="1000010000100000" cont="0"/>
        <request index="1" response="0000000000000000" foes="0111110001100000" cont="0"/>
        <request index="2" response="0000001100000000" foes="0110001111100000" cont="1"/>
        <request index="3" response="0100001000010000" foes="0100001000010000" cont="1"/>
        <request index="4" response="0000001000000000" foes="0100001000001000" cont="0"/>
        <request index="5" response="0000011000000111" foes="1100011000000111" cont="0"/>
        <request index="6" response="0011011000000110" foes="0011111000000110" cont="1"/>
        <request index="7" response="0010000100000100" foes="0010000100000100" cont="1"/>
        <request index="8" response="0000000000000000" foes="0010000010000100" cont="0"/>
        <request index="9" response="0000000000000000" foes="0110000001111100" cont="0"/>
        <request index="10" response="0000000000000011" foes="1110000001100011" cont="1"/>
        <request index="11" response="0001000001000010" foes="0001000001000010" cont="1"/>
        <request index="12" response="0000000000000010" foes="0000100001000010" cont="0"/>
        <request index="13" response="0000011100000110" foes="0000011111000110" cont="0"/>
        <request index="14" response="0000011000110110" foes="0000011000111110" cont="1"/>
        <request index="15" response="0000010000100001" foes="0000010000100001" cont="1"/>
    </junction>
    <junction id="1/0" type="traffic_light" x="200.00" y="100.00" incLanes="1/1to1/0_0 right0to1/0_0 bottom1to1/0_0 0/0to1/0_0" intLanes=":1/0_0_0 :1/0_1_0 :1/0_16_0 :1/0_17_0 :1/0_4_0 :1/0_5_0 :1/0_18_0 :1/0_19_0 :1/0_8_0 :1/0_9_0 :1/0_20_0 :1/0_21_0 :1/0_12_0 :1/0_13_0 :1/0_22_0 :1/0_23_0" shape="196.75,104.75 203.25,104.75 204.75,103.25 204.75,96.75 203.25,95.25 196.75,95.25 195.25,96.75 195.25,103.25">
        <request index="0" response="0000000000000000" foes="1000010000100000" cont="0"/>
        <request index="1" response="0000000000000000" foes="0111110001100000" cont="0"/>
        <request index="2" response="0000001100000000" foes="0110001111100000" cont="1"/>
        <request index="3" response="0100001000010000" foes="0100001000010000" cont="1"/>
        <request index="4" response="0000001000000000" foes="0100001000001000" cont="0"/>
        <request index="5" response="0000011000000111" foes="1100011000000111" cont="0"/>
        <request index="6" response="0011011000000110" foes="0011111000000110" cont="1"/>
        <request index="7" response="0010000100000100" foes="0010000100000100" cont="1"/>
        <request index="8" response="0000000000000000" foes="0010000010000100" cont="0"/>
        <request index="9" response="0000000000000000" foes="0110000001111100" cont="0"/>
        <request index="10" response="0000000000000011" foes="1110000001100011" cont="1"/>
        <request index="11" response="0001000001000010" foes="0001000001000010" cont="1"/>
        <request index="12" response="0000000000000010" foes="0000100001000010" cont="0"/>
        <request index="13" response="0000011100000110" foes="0000011111000110" cont="0"/>
        <request index="14" response="0000011000110110" foes="0000011000111110" cont="1"/>
        <request index="15" response="0000010000100001" foes="0000010000100001" cont="1"/>
    </junction>
    <junction id="1/1" type="traffic_light" x="200.00" y="200.00" incLanes="top1to1/1_0 right1to1/1_0 1/0to1/1_0 0/1to1/1_0" intLanes=":1/1_0_0 :1/1_1_0 :1/1_16_0 :1/1_17_0 :1/1_4_0 :1/1_5_0 :1/1_18_0 :1/1_19_0 :1/1_8_0 :1/1_9_0 :1/1_20_0 :1/1_21_0 :1/1_12_0 :1/1_13_0 :1/1_22_0 :1/1_23_0" shape="196.75,204.75 203.25,204.75 204.75,203.25 204.75,196.75 203.25,195.25 196.75,195.25 195.25,196.75 195.25,203.25">
        <request index="0" response="0000000000000000" foes="1000010000100000" cont="0"/>
        <request index="1" response="0000000000000000" foes="0111110001100000" cont="0"/>
        <request index="2" response="0000001100000000" foes="0110001111100000" cont="1"/>
        <request index="3" response="0100001000010000" foes="0100001000010000" cont="1"/>
        <request index="4" response="0000001000000000" foes="0100001000001000" cont="0"/>
        <request index="5" response="0000011000000111" foes="1100011000000111" cont="0"/>
        <request index="6" response="0011011000000110" foes="0011111000000110" cont="1"/>
        <request index="7" response="0010000100000100" foes="0010000100000100" cont="1"/>
        <request index="8" response="0000000000000000" foes="0010000010000100" cont="0"/>
        <request index="9" response="0000000000000000" foes="0110000001111100" cont="0"/>
        <request index="10" response="0000000000000011" foes="1110000001100011" cont="1"/>
        <request index="11" response="0001000001000010" foes="0001000001000010" cont="1"/>
        <request index="12" response="0000000000000010" foes="0000100001000010" cont="0"/>
        <request index="13" response="0000011100000110" foes="0000011111000110" cont="0"/>
        <request index="14" response="0000011000110110" foes="0000011000111110" cont="1"/>
        <request index="15" response="0000010000100001" foes="0000010000100001" cont="1"/>
    </junction>
    <junction id="bottom0" type="traffic_light" x="100.00" y="0.00" incLanes="0/0tobottom0_0" intLanes=":bottom0_0_0" shape="100.05,0.00 103.25,0.00 96.75,-0.00 99.95,-0.00">
        <request index="0" response="0" foes="0" cont="0"/>
    </junction>
    <junction id="bottom1" type="traffic_light" x="200.00" y="0.00" incLanes="1/0tobottom1_0" intLanes=":bottom1_0_0" shape="200.05,0.00 203.25,0.00 196.75,-0.00 199.95,-0.00">
        <request index="0" response="0" foes="0" cont="0"/>
    </junction>
    <junction id="left0" type="traffic_light" x="0.00" y="100.00" incLanes="0/0toleft0_0" intLanes=":left0_0_0" shape="0.00,99.95 0.00,96.75 -0.00,103.25 -0.00,100.05">
        <request index="0" response="0" foes="0" cont="0"/>
    </junction>
    <junction id="left1" type="traffic_light" x="0.00" y="200.00" incLanes="0/1toleft1_0" intLanes=":left1_0_0" shape="0.00,199.95 0.00,196.75 -0.00,203.25 -0.00,200.05">
        <request index="0" response="0" foes="0" cont="0"/>
    </junction>
    <junction id="right0" type="traffic_light" x="300.00" y="100.00" incLanes="1/0toright0_0" intLanes=":right0_0_0" shape="300.00,100.05 300.00,103.25 300.00,96.75 300.00,99.95">
        <request index="0" response="0" foes="0" cont="0"/>
    </junction>
    <junction id="right1" type="traffic_light" x="300.00" y="200.00" incLanes="1/1toright1_0" intLanes=":right1_0_0" shape="300.00,200.05 300.00,203.25 300.00,196.75 300.00,199.95">
        <request index="0" response="0" foes="0" cont="0"/>
    </junction>
    <junction id="top0" type="traffic_light" x="100.00" y="300.00" incLanes="0/1totop0_0" intLanes=":top0_0_0" shape="99.95,300.00 96.75,300.00 103.25,300.00 100.05,300.00">
        <request index="0" response="0" foes="0" cont="0"/>
    </junction>
    <junction id="top1" type="traffic_light" x="200.00" y="300.00" incLanes="1/1totop1_0" intLanes=":top1_0_0" shape="199.95,300.00 196.75,300.00 203.25,300.00 200.05,300.00">
        <request index="0" response="0" foes="0" cont="0"/>
    </junction>

    <junction id=":0/0_16_0" type="internal" x="98.93" y="101.65" incLanes=":0/0_2_0 bottom0to0/0_0" intLanes=":0/0_8_0 :0/0_9_0"/>
    <junction id=":0/0_17_0" type="internal" x="100.00" y="103.10" incLanes=":0/0_3_0 bottom0to0/0_0" intLanes=":0/0_9_0"/>
    <junction id=":0/0_18_0" type="internal" x="101.65" y="101.07" incLanes=":0/0_6_0 left0to0/0_0" intLanes=":0/0_12_0 :0/0_13_0"/>
    <junction id=":0/0_19_0" type="internal" x="103.10" y="100.00" incLanes=":0/0_7_0 left0to0/0_0" intLanes=":0/0_13_0"/>
    <junction id=":0/0_20_0" type="internal" x="101.07" y="98.35" incLanes=":0/0_10_0 0/1to0/0_0" intLanes=":0/0_0_0 :0/0_1_0"/>
    <junction id=":0/0_21_0" type="internal" x="100.00" y="96.90" incLanes=":0/0_11_0 0/1to0/0_0" intLanes=":0/0_1_0"/>
    <junction id=":0/0_22_0" type="internal" x="98.35" y="98.93" incLanes=":0/0_14_0 1/0to0/0_0" intLanes=":0/0_4_0 :0/0_5_0"/>
    <junction id=":0/0_23_0" type="internal" x="96.90" y="100.00" incLanes=":0/0_15_0 1/0to0/0_0" intLanes=":0/0_5_0"/>
    <junction id=":0/1_16_0" type="internal" x="98.93" y="201.65" incLanes=":0/1_2_0 0/0to0/1_0" intLanes=":0/1_8_0 :0/1_9_0"/>
    <junction id=":0/1_17_0" type="internal" x="100.00" y="203.10" incLanes=":0/1_3_0 0/0to0/1_0" intLanes=":0/1_9_0"/>
    <junction id=":0/1_18_0" type="internal" x="101.65" y="201.07" incLanes=":0/1_6_0 left1to0/1_0" intLanes=":0/1_12_0 :0/1_13_0"/>
    <junction id=":0/1_19_0" type="internal" x="103.10" y="200.00" incLanes=":0/1_7_0 left1to0/1_0" intLanes=":0/1_13_0"/>
    <junction id=":0/1_20_0" type="internal" x="101.07" y="198.35" incLanes=":0/1_10_0 top0to0/1_0" intLanes=":0/1_0_0 :0/1_1_0"/>
    <junction id=":0/1_21_0" type="internal" x="100.00" y="196.90" incLanes=":0/1_11_0 top0to0/1_0" intLanes=":0/1_1_0"/>
    <junction id=":0/1_22_0" type="internal" x="98.35" y="198.93" incLanes=":0/1_14_0 1/1to0/1_0" intLanes=":0/1_4_0 :0/1_5_0"/>
    <junction id=":0/1_23_0" type="internal" x="96.90" y="200.00" incLanes=":0/1_15_0 1/1to0/1_0" intLanes=":0/1_5_0"/>
    <junction id=":1/0_16_0" type="internal" x="198.93" y="101.65" incLanes=":1/0_2_0 bottom1to1/0_0" intLanes=":1/0_8_0 :1/0_9_0"/>
    <junction id=":1/0_17_0" type="internal" x="200.00" y="103.10" incLanes=":1/0_3_0 bottom1to1/0_0" intLanes=":1/0_9_0"/>
    <junction id=":1/0_18_0" type="internal" x="201.65" y="101.07" incLanes=":1/0_6_0 0/0to1/0_0" intLanes=":1/0_12_0 :1/0_13_0"/>
    <junction id=":1/0_19_0" type="internal" x="203.10" y="100.00" incLanes=":1/0_7_0 0/0to1/0_0" intLanes=":1/0_13_0"/>
    <junction id=":1/0_20_0" type="internal" x="201.07" y="98.35" incLanes=":1/0_10_0 1/1to1/0_0" intLanes=":1/0_0_0 :1/0_1_0"/>
    <junction id=":1/0_21_0" type="internal" x="200.00" y="96.90" incLanes=":1/0_11_0 1/1to1/0_0" intLanes=":1/0_1_0"/>
    <junction id=":1/0_22_0" type="internal" x="198.35" y="98.93" incLanes=":1/0_14_0 right0to1/0_0" intLanes=":1/0_4_0 :1/0_5_0"/>
    <junction id=":1/0_23_0" type="internal" x="196.90" y="100.00" incLanes=":1/0_15_0 right0to1/0_0" intLanes=":1/0_5_0"/>
    <junction id=":1/1_16_0" type="internal" x="198.93" y="201.65" incLanes=":1/1_2_0 1/0to1/1_0" intLanes=":1/1_8_0 :1/1_9_0"/>
    <junction id=":1/1_17_0" type="internal" x="200.00" y="203.10" incLanes=":1/1_3_0 1/0to1/1_0" intLanes=":1/1_9_0"/>
    <junction id=":1/1_18_0" type="internal" x="201.65" y="201.07" incLanes=":1/1_6_0 0/1to1/1_0" intLanes=":1/1_12_0 :1/1_13_0"/>
    <junction id=":1/1_19_0" type="internal" x="203.10" y="200.00" incLanes=":1/1_7_0 0/1to1/1_0" intLanes=":1/1_13_0"/>
    <junction id=":1/1_20_0" type="internal" x="201.07" y="198.35" incLanes=":1/1_10_0 top1to1/1_0" intLanes=":1/1_0_0 :1/1_1_0"/>
    <junction id=":1/1_21_0" type="internal" x="200.00" y="196.90" incLanes=":1/1_11_0 top1to1/1_0" intLanes=":1/1_1_0"/>
    <junction id=":1/1_22_0" type="internal" x="198.35" y="198.93" incLanes=":1/1_14_0 right1to1/1_0" intLanes=":1/1_4_0 :1/1_5_0"/>
    <junction id=":1/1_23_0" type="internal" x="196.90" y="200.00" incLanes=":1/1_15_0 right1to1/1_0" intLanes=":1/1_5_0"/>

    <connection from="0/0to0/1" to="0/1to1/1" fromLane="0" toLane="0" via=":0/1_8_0" tl="0/1" linkIndex="8" dir="r" state="o"/>
    <connection from="0/0to0/1" to="0/1totop0" fromLane="0" toLane="0" via=":0/1_9_0" tl="0/1" linkIndex="9" dir="s" state="o"/>
    <connection from="0/0to0/1" to="0/1toleft1" fromLane="0" toLane="0" via=":0/1_10_0" tl="0/1" linkIndex="10" dir="l" state="o"/>
    <connection from="0/0to0/1" to="0/1to0/0" fromLane="0" toLane="0" via=":0/1_11_0" tl="0/1" linkIndex="11" dir="t" state="o"/>
    <connection from="0/0to1/0" to="1/0tobottom1" fromLane="0" toLane="0" via=":1/0_12_0" tl="1/0" linkIndex="12" dir="r" state="o"/>
    <connection from="0/0to1/0" to="1/0toright0" fromLane="0" toLane="0" via=":1/0_13_0" tl="1/0" linkIndex="13" dir="s" state="o"/>
    <connection from="0/0to1/0" to="1/0to1/1" fromLane="0" toLane="0" via=":1/0_14_0" tl="1/0" linkIndex="14" dir="l" state="o"/>
    <connection from="0/0to1/0" to="1/0to0/0" fromLane="0" toLane="0" via=":1/0_15_0" tl="1/0" linkIndex="15" dir="t" state="o"/>
    <connection from="0/0tobottom0" to="bottom0to0/0" fromLane="0" toLane="0" via=":bottom0_0_0" tl="bottom0" linkIndex="0" dir="t" state="o"/>
    <connection from="0/0toleft0" to="left0to0/0" fromLane="0" toLane="0" via=":left0_0_0" tl="left0" linkIndex="0" dir="t" state="o"/>
    <connection from="0/1to0/0" to="0/0toleft0" fromLane="0" toLane="0" via=":0/0_0_0" tl="0/0" linkIndex="0" dir="r" state="o"/>
    <connection from="0/1to0/0" to="0/0tobottom0" fromLane="0" toLane="0" via=":0/0_1_0" tl="0/0" linkIndex="1" dir="s" state="o"/>
    <connection from="0/1to0/0" to="0/0to1/0" fromLane="0" toLane="0" via=":0/0_2_0" tl="0/0" linkIndex="2" dir="l" state="o"/>
    <connection from="0/1to0/0" to="0/0to0/1" fromLane="0" toLane="0" via=":0/0_3_0" tl="0/0" linkIndex="3" dir="t" state="o"/>
    <connection from="0/1to1/1" to="1/1to1/0" fromLane="0" toLane="0" via=":1/1_12_0" tl="1/1" linkIndex="12" dir="r" state="o"/>
    <connection from="0/1to1/1" to="1/1toright1" fromLane="0" toLane="0" via=":1/1_13_0" tl="1/1" linkIndex="13" dir="s" state="o"/>
    <connection from="0/1to1/1" to="1/1totop1" fromLane="0" toLane="0" via=":1/1_14_0" tl="1/1" linkIndex="14" dir="l" state="o"/>
    <connection from="0/1to1/1" to="1/1to0/1" fromLane="0" toLane="0" via=":1/1_15_0" tl="1/1" linkIndex="15" dir="t" state="o"/>
    <connection from="0/1toleft1" to="left1to0/1" fromLane="0" toLane="0" via=":left1_0_0" tl="left1" linkIndex="0" dir="t" state="o"/>
    <connection from="0/1totop0" to="top0to0/1" fromLane="0" toLane="0" via=":top0_0_0" tl="top0" linkIndex="0" dir="t" state="o"/>
    <connection from="1/0to0/0" to="0/0to0/1" fromLane="0" toLane="0" via=":0/0_4_0" tl="0/0" linkIndex="4" dir="r" state="o"/>
    <connection from="1/0to0/0" to="0/0toleft0" fromLane="0" toLane="0" via=":0/0_5_0" tl="0/0" linkIndex="5" dir="s" state="o"/>
    <connection from="1/0to0/0" to="0/0tobottom0" fromLane="0" toLane="0" via=":0/0_6_0" tl="0/0" linkIndex="6" dir="l" state="o"/>
    <connection from="1/0to0/0" to="0/0to1/0" fromLane="0" toLane="0" via=":0/0_7_0" tl="0/0" linkIndex="7" dir="t" state="o"/>
    <connection from="1/0to1/1" to="1/1toright1" fromLane="0" toLane="0" via=":1/1_8_0" tl="1/1" linkIndex="8" dir="r" state="o"/>
    <connection from="1/0to1/1" to="1/1totop1" fromLane="0" toLane="0" via=":1/1_9_0" tl="1/1" linkIndex="9" dir="s" state="o"/>
    <connection from="1/0to1/1" to="1/1to0/1" fromLane="0" toLane="0" via=":1/1_10_0" tl="1/1" linkIndex="10" dir="l" state="o"/>
    <connection from="1/0to1/1" to="1/1to1/0" fromLane="0" toLane="0" via=":1/1_11_0" tl="1/1" linkIndex="11" dir="t" state="o"/>
    <connection from="1/0tobottom1" to="bottom1to1/0" fromLane="0" toLane="0" via=":bottom1_0_0" tl="bottom1" linkIndex="0" dir="t" state="o"/>
    <connection from="1/0toright0" to="right0to1/0" fromLane="0" toLane="0" via=":right0_0_0" tl="right0" linkIndex="0" dir="t" state="o"/>
    <connection from="1/1to0/1" to="0/1totop0" fromLane="0" toLane="0" via=":0/1_4_0" tl="0/1" linkIndex="4" dir="r" state="o"/>
    <connection from="1/1to0/1" to="0/1toleft1" fromLane="0" toLane="0" via=":0/1_5_0" tl="0/1" linkIndex="5" dir="s" state="o"/>
    <connection from="1/1to0/1" to="0/1to0/0" fromLane="0" toLane="0" via=":0/1_6_0" tl="0/1" linkIndex="6" dir="l" state="o"/>
    <connection from="1/1to0/1" to="0/1to1/1" fromLane="0" toLane="0" via=":0/1_7_0" tl="0/1" linkIndex="7" dir="t" state="o"/>
    <connection from="1/1to1/0" to="1/0to0/0" fromLane="0" toLane="0" via=":1/0_0_0" tl="1/0" linkIndex="0" dir="r" state="o"/>
    <connection from="1/1to1/0" to="1/0tobottom1" fromLane="0" toLane="0" via=":1/0_1_0" tl="1/0" linkIndex="1" dir="s" state="o"/>
    <connection from="1/1to1/0" to="1/0toright0" fromLane="0" toLane="0" via=":1/0_2_0" tl="1/0" linkIndex="2" dir="l" state="o"/>
    <connection from="1/1to1/0" to="1/0to1/1" fromLane="0" toLane="0" via=":1/0_3_0" tl="1/0" linkIndex="3" dir="t" state="o"/>
    <connection from="1/1toright1" to="right1to1/1" fromLane="0" toLane="0" via=":right1_0_0" tl="right1" linkIndex="0" dir="t" state="o"/>
    <connection from="1/1totop1" to="top1to1/1" fromLane="0" toLane="0" via=":top1_0_0" tl="top1" linkIndex="0" dir="t" state="o"/>
    <connection from="bottom0to0/0" to="0/0to1/0" fromLane="0" toLane="0" via=":0/0_8_0" tl="0/0" linkIndex="8" dir="r" state="o"/>
    <connection from="bottom0to0/0" to="0/0to0/1" fromLane="0" toLane="0" via=":0/0_9_0" tl="0/0" linkIndex="9" dir="s" state="o"/>
    <connection from="bottom0to0/0" to="0/0toleft0" fromLane="0" toLane="0" via=":0/0_10_0" tl="0/0" linkIndex="10" dir="l" state="o"/>
    <connection from="bottom0to0/0" to="0/0tobottom0" fromLane="0" toLane="0" via=":0/0_11_0" tl="0/0" linkIndex="11" dir="t" state="o"/>
    <connection from="bottom1to1/0" to="1/0toright0" fromLane="0" toLane="0" via=":1/0_8_0" tl="1/0" linkIndex="8" dir="r" state="o"/>
    <connection from="bottom1to1/0" to="1/0to1/1" fromLane="0" toLane="0" via=":1/0_9_0" tl="1/0" linkIndex="9" dir="s" state="o"/>
    <connection from="bottom1to1/0" to="1/0to0/0" fromLane="0" toLane="0" via=":1/0_10_0" tl="1/0" linkIndex="10" dir="l" state="o"/>
    <connection from="bottom1to1/0" to="1/0tobottom1" fromLane="0" toLane="0" via=":1/0_11_0" tl="1/0" linkIndex="11" dir="t" state="o"/>
    <connection from="left0to0/0" to="0/0tobottom0" fromLane="0" toLane="0" via=":0/0_12_0" tl="0/0" linkIndex="12" dir="r" state="o"/>
    <connection from="left0to0/0" to="0/0to1/0" fromLane="0" toLane="0" via=":0/0_13_0" tl="0/0" linkIndex="13" dir="s" state="o"/>
    <connection from="left0to0/0" to="0/0to0/1" fromLane="0" toLane="0" via=":0/0_14_0" tl="0/0" linkIndex="14" dir="l" state="o"/>
    <connection from="left0to0/0" to="0/0toleft0" fromLane="0" toLane="0" via=":0/0_15_0" tl="0/0" linkIndex="15" dir="t" state="o"/>
    <connection from="left1to0/1" to="0/1to0/0" fromLane="0" toLane="0" via=":0/1_12_0" tl="0/1" linkIndex="12" dir="r" state="o"/>
    <connection from="left1to0/1" to="0/1to1/1" fromLane="0" toLane="0" via=":0/1_13_0" tl="0/1" linkIndex="13" dir="s" state="o"/>
    <connection from="left1to0/1" to="0/1totop0" fromLane="0" toLane="0" via=":0/1_14_0" tl="0/1" linkIndex="14" dir="l" state="o"/>
    <connection from="left1to0/1" to="0/1toleft1" fromLane="0" toLane="0" via=":0/1_15_0" tl="0/1" linkIndex="15" dir="t" state="o"/>
    <connection from="right0to1/0" to="1/0to1/1" fromLane="0" toLane="0" via=":1/0_4_0" tl="1/0" linkIndex="4" dir="r" state="o"/>
    <connection from="right0to1/0" to="1/0to0/0" fromLane="0" toLane="0" via=":1/0_5_0" tl="1/0" linkIndex="5" dir="s" state="o"/>
    <connection from="right0to1/0" to="1/0tobottom1" fromLane="0" toLane="0" via=":1/0_6_0" tl="1/0" linkIndex="6" dir="l" state="o"/>
    <connection from="right0to1/0" to="1/0toright0" fromLane="0" toLane="0" via=":1/0_7_0" tl="1/0" linkIndex="7" dir="t" state="o"/>
    <connection from="right1to1/1" to="1/1totop1" fromLane="0" toLane="0" via=":1/1_4_0" tl="1/1" linkIndex="4" dir="r" state="o"/>
    <connection from="right1to1/1" to="1/1to0/1" fromLane="0" toLane="0" via=":1/1_5_0" tl="1/1" linkIndex="5" dir="s" state="o"/>
    <connection from="right1to1/1" to="1/1to1/0" fromLane="0" toLane="0" via=":1/1_6_0" tl="1/1" linkIndex="6" dir="l" state="o"/>
    <connection from="right1to1/1" to="1/1toright1" fromLane="0" toLane="0" via=":1/1_7_0" tl="1/1" linkIndex="7" dir="t" state="o"/>
    <connection from="top0to0/1" to="0/1toleft1" fromLane="0" toLane="0" via=":0/1_0_0" tl="0/1" linkIndex="0" dir="r" state="o"/>
    <connection from="top0to0/1" to="0/1to0/0" fromLane="0" toLane="0" via=":0/1_1_0" tl="0/1" linkIndex="1" dir="s" state="o"/>
    <connection from="top0to0/1" to="0/1to1/1" fromLane="0" toLane="0" via=":0/1_2_0" tl="0/1" linkIndex="2" dir="l" state="o"/>
    <connection from="top0to0/1" to="0/1totop0" fromLane="0" toLane="0" via=":0/1_3_0" tl="0/1" linkIndex="3" dir="t" state="o"/>
    <connection from="top1to1/1" to="1/1to0/1" fromLane="0" toLane="0" via=":1/1_0_0" tl="1/1" linkIndex="0" dir="r" state="o"/>
    <connection from="top1to1/1" to="1/1to1/0" fromLane="0" toLane="0" via=":1/1_1_0" tl="1/1" linkIndex="1" dir="s" state="o"/>
    <connection from="top1to1/1" to="1/1toright1" fromLane="0" toLane="0" via=":1/1_2_0" tl="1/1" linkIndex="2" dir="l" state="o"/>
    <connection from="top1to1/1" to="1/1totop1" fromLane="0" toLane="0" via=":1/1_3_0" tl="1/1" linkIndex="3" dir="t" state="o"/>

    <connection from=":0/0_0" to="0/0toleft0" fromLane="0" toLane="0" dir="s" state="M"/>
    <connection from=":0/0_1" to="0/0tobottom0" fromLane="0" toLane="0" dir="s" state="M"/>
    <connection from=":0/0_2" to="0/0to1/0" fromLane="0" toLane="0" via=":0/0_16_0" dir="s" state="M"/>
    <connection from=":0/0_16" to="0/0to1/0" fromLane="0" toLane="0" dir="s" state="M"/>
    <connection from=":0/0_3" to="0/0to0/1" fromLane="0" toLane="0" via=":0/0_17_0" dir="s" state="M"/>
    <connection from=":0/0_17" to="0/0to0/1" fromLane="0" toLane="0" dir="s" state="M"/>
    <connection from=":0/0_4" to="0/0to0/1" fromLane="0" toLane="0" dir="s" state="M"/>
    <connection from=":0/0_5" to="0/0toleft0" fromLane="0" toLane="0" dir="s" state="M"/>
    <connection from=":0/0_6" to="0/0tobottom0" fromLane="0" toLane="0" via=":0/0_18_0" dir="s" state="M"/>
    <connection from=":0/0_18" to="0/0tobottom0" fromLane="0" toLane="0" dir="s" state="M"/>
    <connection from=":0/0_7" to="0/0to1/0" fromLane="0" toLane="0" via=":0/0_19_0" dir="s" state="M"/>
    <connection from=":0/0_19" to="0/0to1/0" fromLane="0" toLane="0" dir="s" state="M"/>
    <connection from=":0/0_8" to="0/0to1/0" fromLane="0" toLane="0" dir="s" state="M"/>
    <connection from=":0/0_9" to="0/0to0/1" fromLane="0" toLane="0" dir="s" state="M"/>
    <connection from=":0/0_10" to="0/0toleft0" fromLane="0" toLane="0" via=":0/0_20_0" dir="s" state="M"/>
    <connection from=":0/0_20" to="0/0toleft0" fromLane="0" toLane="0" dir="s" state="M"/>
    <connection from=":0/0_11" to="0/0tobottom0" fromLane="0" toLane="0" via=":0/0_21_0" dir="s" state="M"/>
    <connection from=":0/0_21" to="0/0tobottom0" fromLane="0" toLane="0" dir="s" state="M"/>
    <connection from=":0/0_12" to="0/0tobottom0" fromLane="0" toLane="0" dir="s" state="M"/>
    <connection from=":0/0_13" to="0/0to1/0" fromLane="0" toLane="0" dir="s" state="M"/>
    <connection from=":0/0_14" to="0/0to0/1" fromLane="0" toLane="0" via=":0/0_22_0" dir="s" state="M"/>
    <connection from=":0/0_22" to="0/0to0/1" fromLane="0" toLane="0" dir="s" state="M"/>
    <connection from=":0/0_15" to="0/0toleft0" fromLane="0" toLane="0" via=":0/0_23_0" dir="s" state="M"/>
    <connection from=":0/0_23" to="0/0toleft0" fromLane="0" toLane="0" dir="s" state="M"/>
    <connection from=":0/1_0" to="0/1toleft1" fromLane="0" toLane="0" dir="s" state="M"/>
    <connection from=":0/1_1" to="0/1to0/0" fromLane="0" toLane="0" dir="s" state="M"/>
    <connection from=":0/1_2" to="0/1to1/1" fromLane="0" toLane="0" via=":0/1_16_0" dir="s" state="M"/>
    <connection from=":0/1_16" to="0/1to1/1" fromLane="0" toLane="0" dir="s" state="M"/>
    <connection from=":0/1_3" to="0/1totop0" fromLane="0" toLane="0" via=":0/1_17_0" dir="s" state="M"/>
    <connection from=":0/1_17" to="0/1totop0" fromLane="0" toLane="0" dir="s" state="M"/>
    <connection from=":0/1_4" to="0/1totop0" fromLane="0" toLane="0" dir="s" state="M"/>
    <connection from=":0/1_5" to="0/1toleft1" fromLane="0" toLane="0" dir="s" state="M"/>
    <connection from=":0/1_6" to="0/1to0/0" fromLane="0" toLane="0" via=":0/1_18_0" dir="s" state="M"/>
    <connection from=":0/1_18" to="0/1to0/0" fromLane="0" toLane="0" dir="s" state="M"/>
    <connection from=":0/1_7" to="0/1to1/1" fromLane="0" toLane="0" via=":0/1_19_0" dir="s" state="M"/>
    <connection from=":0/1_19" to="0/1to1/1" fromLane="0" toLane="0" dir="s" state="M"/>
    <connection from=":0/1_8" to="0/1to1/1" fromLane="0" toLane="0" dir="s" state="M"/>
    <connection from=":0/1_9" to="0/1totop0" fromLane="0" toLane="0" dir="s" state="M"/>
    <connection from=":0/1_10" to="0/1toleft1" fromLane="0" toLane="0" via=":0/1_20_0" dir="s" state="M"/>
    <connection from=":0/1_20" to="0/1toleft1" fromLane="0" toLane="0" dir="s" state="M"/>
    <connection from=":0/1_11" to="0/1to0/0" fromLane="0" toLane="0" via=":0/1_21_0" dir="s" state="M"/>
    <connection from=":0/1_21" to="0/1to0/0" fromLane="0" toLane="0" dir="s" state="M"/>
    <connection from=":0/1_12" to="0/1to0/0" fromLane="0" toLane="0" dir="s" state="M"/>
    <connection from=":0/1_13" to="0/1to1/1" fromLane="0" toLane="0" dir="s" state="M"/>
    <connection from=":0/1_14" to="0/1totop0" fromLane="0" toLane="0" via=":0/1_22_0" dir="s" state="M"/>
    <connection from=":0/1_22" to="0/1totop0" fromLane="0" toLane="0" dir="s" state="M"/>
    <connection from=":0/1_15" to="0/1toleft1" fromLane="0" toLane="0" via=":0/1_23_0" dir="s" state="M"/>
    <connection from=":0/1_23" to="0/1toleft1" fromLane="0" toLane="0" dir="s" state="M"/>
    <connection from=":1/0_0" to="1/0to0/0" fromLane="0" toLane="0" dir="s" state="M"/>
    <connection from=":1/0_1" to="1/0tobottom1" fromLane="0" toLane="0" dir="s" state="M"/>
    <connection from=":1/0_2" to="1/0toright0" fromLane="0" toLane="0" via=":1/0_16_0" dir="s" state="M"/>
    <connection from=":1/0_16" to="1/0toright0" fromLane="0" toLane="0" dir="s" state="M"/>
    <connection from=":1/0_3" to="1/0to1/1" fromLane="0" toLane="0" via=":1/0_17_0" dir="s" state="M"/>
    <connection from=":1/0_17" to="1/0to1/1" fromLane="0" toLane="0" dir="s" state="M"/>
    <connection from=":1/0_4" to="1/0to1/1" fromLane="0" toLane="0" dir="s" state="M"/>
    <connection from=":1/0_5" to="1/0to0/0" fromLane="0" toLane="0" dir="s" state="M"/>
    <connection from=":1/0_6" to="1/0tobottom1" fromLane="0" toLane="0" via=":1/0_18_0" dir="s" state="M"/>
    <connection from=":1/0_18" to="1/0tobottom1" fromLane="0" toLane="0" dir="s" state="M"/>
    <connection from=":1/0_7" to="1/0toright0" fromLane="0" toLane="0" via=":1/0_19_0" dir="s" state="M"/>
    <connection from=":1/0_19" to="1/0toright0" fromLane="0" toLane="0" dir="s" state="M"/>
    <connection from=":1/0_8" to="1/0toright0" fromLane="0" toLane="0" dir="s" state="M"/>
    <connection from=":1/0_9" to="1/0to1/1" fromLane="0" toLane="0" dir="s" state="M"/>
    <connection from=":1/0_10" to="1/0to0/0" fromLane="0" toLane="0" via=":1/0_20_0" dir="s" state="M"/>
    <connection from=":1/0_20" to="1/0to0/0" fromLane="0" toLane="0" dir="s" state="M"/>
    <connection from=":1/0_11" to="1/0tobottom1" fromLane="0" toLane="0" via=":1/0_21_0" dir="s" state="M"/>
    <connection from=":1/0_21" to="1/0tobottom1" fromLane="0" toLane="0" dir="s" state="M"/>
    <connection from=":1/0_12" to="1/0tobottom1" fromLane="0" toLane="0" dir="s" state="M"/>
    <connection from=":1/0_13" to="1/0toright0" fromLane="0" toLane="0" dir="s" state="M"/>
    <connection from=":1/0_14" to="1/0to1/1" fromLane="0" toLane="0" via=":1/0_22_0" dir="s" state="M"/>
    <connection from=":1/0_22" to="1/0to1/1" fromLane="0" toLane="0" dir="s" state="M"/>
    <connection from=":1/0_15" to="1/0to0/0" fromLane="0" toLane="0" via=":1/0_23_0" dir="s" state="M"/>
    <connection from=":1/0_23" to="1/0to0/0" fromLane="0" toLane="0" dir="s" state="M"/>
    <connection from=":1/1_0" to="1/1to0/1" fromLane="0" toLane="0" dir="s" state="M"/>
    <connection from=":1/1_1" to="1/1to1/0" fromLane="0" toLane="0" dir="s" state="M"/>
    <connection from=":1/1_2" to="1/1toright1" fromLane="0" toLane="0" via=":1/1_16_0" dir="s" state="M"/>
    <connection from=":1/1_16" to="1/1toright1" fromLane="0" toLane="0" dir="s" state="M"/>
    <connection from=":1/1_3" to="1/1totop1" fromLane="0" toLane="0" via=":1/1_17_0" dir="s" state="M"/>
    <connection from=":1/1_17" to="1/1totop1" fromLane="0" toLane="0" dir="s" state="M"/>
    <connection from=":1/1_4" to="1/1totop1" fromLane="0" toLane="0" dir="s" state="M"/>
    <connection from=":1/1_5" to="1/1to0/1" fromLane="0" toLane="0" dir="s" state="M"/>
    <connection from=":1/1_6" to="1/1to1/0" fromLane="0" toLane="0" via=":1/1_18_0" dir="s" state="M"/>
    <connection from=":1/1_18" to="1/1to1/0" fromLane="0" toLane="0" dir="s" state="M"/>
    <connection from=":1/1_7" to="1/1toright1" fromLane="0" toLane="0" via=":1/1_19_0" dir="s" state="M"/>
    <connection from=":1/1_19" to="1/1toright1" fromLane="0" toLane="0" dir="s" state="M"/>
    <connection from=":1/1_8" to="1/1toright1" fromLane="0" toLane="0" dir="s" state="M"/>
    <connection from=":1/1_9" to="1/1totop1" fromLane="0" toLane="0" dir="s" state="M"/>
    <connection from=":1/1_10" to="1/1to0/1" fromLane="0" toLane="0" via=":1/1_20_0" dir="s" state="M"/>
    <connection from=":1/1_20" to="1/1to0/1" fromLane="0" toLane="0" dir="s" state="M"/>
    <connection from=":1/1_11" to="1/1to1/0" fromLane="0" toLane="0" via=":1/1_21_0" dir="s" state="M"/>
    <connection from=":1/1_21" to="1/1to1/0" fromLane="0" toLane="0" dir="s" state="M"/>
    <connection from=":1/1_12" to="1/1to1/0" fromLane="0" toLane="0" dir="s" state="M"/>
    <connection from=":1/1_13" to="1/1toright1" fromLane="0" toLane="0" dir="s" state="M"/>
    <connection from=":1/1_14" to="1/1totop1" fromLane="0" toLane="0" via=":1/1_22_0" dir="s" state="M"/>
    <connection from=":1/1_22" to="1/1totop1" fromLane="0" toLane="0" dir="s" state="M"/>
    <connection from=":1/1_15" to="1/1to0/1" fromLane="0" toLane="0" via=":1/1_23_0" dir="s" state="M"/>
    <connection from=":1/1_23" to="1/1to0/1" fromLane="0" toLane="0" dir="s" state="M"/>
    <connection from=":bottom0_0" to="bottom0to0/0" fromLane="0" toLane="0" dir="s" state="M"/>
    <connection from=":bottom1_0" to="bottom1to1/0" fromLane="0" toLane="0" dir="s" state="M"/>
    <connection from=":left0_0" to="left0to0/0" fromLane="0" toLane="0" dir="s" state="M"/>
    <connection from=":left1_0" to="left1to0/1" fromLane="0" toLane="0" dir="s" state="M"/>
    <connection from=":right0_0" to="right0to1/0" fromLane="0" toLane="0" dir="s" state="M"/>
    <connection from=":right1_0" to="right1to1/1" fromLane="0" toLane="0" dir="s" state="M"/>
    <connection from=":top0_0" to="top0to0/1" fromLane="0" toLane="0" dir="s" state="M"/>
    <connection from=":top1_0" to="top1to1/1" fromLane="0" toLane="0" dir="s" state="M"/>

</net>
