<routes>
    <person id="d0" depart="0.0" color="142,31,181">
        <stop busStop="bs1" duration="3"/>
        <ride busStop="bs15" lines="ANY"/>
    </person>
    <person id="d1" depart="200.0" color="240,50,232">
        <stop busStop="bs15" duration="3"/>
        <ride busStop="bs6" lines="ANY"/>
    </person>
    <person id="d2" depart="400.0" color="0,127,199">
        <stop busStop="bs0" duration="3"/>
        <ride busStop="bs11" lines="ANY"/>
    </person>
    <person id="d3" depart="600.0" color="60,181,72">
        <stop busStop="bs0" duration="3"/>
        <ride busStop="bs1" lines="ANY"/>
    </person>
    <person id="d4" depart="800.0" color="255,25,25">
        <stop busStop="bs12" duration="3"/>
        <ride busStop="bs0" lines="ANY"/>
    </person>
    <person id="d5" depart="1000.0" color="142,31,181">
        <stop busStop="bs1" duration="3"/>
        <ride busStop="bs15" lines="ANY"/>
    </person>
    <person id="d6" depart="1200.0" color="60,181,72">
        <stop busStop="bs12" duration="3"/>
        <ride busStop="bs1" lines="ANY"/>
    </person>
    <person id="d7" depart="1400.0" color="70,240,240">
        <stop busStop="bs12" duration="3"/>
        <ride busStop="bs20" lines="ANY"/>
    </person>
    <person id="d8" depart="1600.0" color="70,240,240">
        <stop busStop="bs0" duration="3"/>
        <ride busStop="bs20" lines="ANY"/>
    </person>
    <person id="d9" depart="1800.0" color="255,218,25">
        <stop busStop="bs15" duration="3"/>
        <ride busStop="bs8" lines="ANY"/>
    </person>
    <person id="d10" depart="2000.0" color="240,50,232">
        <stop busStop="bs1" duration="3"/>
        <ride busStop="bs6" lines="ANY"/>
    </person>
    <person id="d11" depart="2200.0" color="255,25,25">
        <stop busStop="bs8" duration="3"/>
        <ride busStop="bs0" lines="ANY"/>
    </person>
    <person id="d12" depart="2400.0" color="70,240,240">
        <stop busStop="bs0" duration="3"/>
        <ride busStop="bs20" lines="ANY"/>
    </person>
    <person id="d13" depart="2600.0" color="70,240,240">
        <stop busStop="bs12" duration="3"/>
        <ride busStop="bs20" lines="ANY"/>
    </person>
    <person id="d14" depart="2800.0" color="245,131,49">
        <stop busStop="bs15" duration="3"/>
        <ride busStop="bs12" lines="ANY"/>
    </person>
    <person id="d15" depart="3000.0" color="0,127,199">
        <stop busStop="bs6" duration="3"/>
        <ride busStop="bs11" lines="ANY"/>
    </person>
    <person id="d16" depart="3200.0" color="70,240,240">
        <stop busStop="bs12" duration="3"/>
        <ride busStop="bs20" lines="ANY"/>
    </person>
    <person id="d17" depart="3400.0" color="70,240,240">
        <stop busStop="bs12" duration="3"/>
        <ride busStop="bs20" lines="ANY"/>
    </person>
    <person id="d18" depart="3600.0" color="142,31,181">
        <stop busStop="bs12" duration="3"/>
        <ride busStop="bs15" lines="ANY"/>
    </person>
    <person id="d19" depart="3800.0" color="60,181,72">
        <stop busStop="bs0" duration="3"/>
        <ride busStop="bs1" lines="ANY"/>
    </person>
    <person id="d20" depart="4000.0" color="255,25,25">
        <stop busStop="bs8" duration="3"/>
        <ride busStop="bs0" lines="ANY"/>
    </person>
    <person id="d21" depart="4200.0" color="255,25,25">
        <stop busStop="bs1" duration="3"/>
        <ride busStop="bs0" lines="ANY"/>
    </person>
    <person id="d22" depart="4400.0" color="142,31,181">
        <stop busStop="bs8" duration="3"/>
        <ride busStop="bs15" lines="ANY"/>
    </person>
    <person id="d23" depart="4600.0" color="60,181,72">
        <stop busStop="bs8" duration="3"/>
        <ride busStop="bs1" lines="ANY"/>
    </person>
    <person id="d24" depart="4800.0" color="240,50,232">
        <stop busStop="bs8" duration="3"/>
        <ride busStop="bs6" lines="ANY"/>
    </person>
    <person id="d25" depart="5000.0" color="245,131,49">
        <stop busStop="bs15" duration="3"/>
        <ride busStop="bs12" lines="ANY"/>
    </person>
    <person id="d26" depart="5200.0" color="142,31,181">
        <stop busStop="bs1" duration="3"/>
        <ride busStop="bs15" lines="ANY"/>
    </person>
    <person id="d27" depart="5400.0" color="0,127,199">
        <stop busStop="bs1" duration="3"/>
        <ride busStop="bs11" lines="ANY"/>
    </person>
    <person id="d28" depart="5600.0" color="142,31,181">
        <stop busStop="bs6" duration="3"/>
        <ride busStop="bs15" lines="ANY"/>
    </person>
    <person id="d29" depart="5800.0" color="142,31,181">
        <stop busStop="bs12" duration="3"/>
        <ride busStop="bs15" lines="ANY"/>
    </person>
    <person id="d30" depart="6000.0" color="60,181,72">
        <stop busStop="bs20" duration="3"/>
        <ride busStop="bs1" lines="ANY"/>
    </person>
    <person id="d31" depart="6200.0" color="255,218,25">
        <stop busStop="bs0" duration="3"/>
        <ride busStop="bs8" lines="ANY"/>
    </person>
    <person id="d32" depart="6400.0" color="60,181,72">
        <stop busStop="bs8" duration="3"/>
        <ride busStop="bs1" lines="ANY"/>
    </person>
    <person id="d33" depart="6600.0" color="255,218,25">
        <stop busStop="bs6" duration="3"/>
        <ride busStop="bs8" lines="ANY"/>
    </person>
    <person id="d34" depart="6800.0" color="0,127,199">
        <stop busStop="bs15" duration="3"/>
        <ride busStop="bs11" lines="ANY"/>
    </person>
    <person id="d35" depart="7000.0" color="0,127,199">
        <stop busStop="bs6" duration="3"/>
        <ride busStop="bs11" lines="ANY"/>
    </person>
    <person id="d36" depart="7200.0" color="60,181,72">
        <stop busStop="bs8" duration="3"/>
        <ride busStop="bs1" lines="ANY"/>
    </person>
    <person id="d37" depart="7400.0" color="255,218,25">
        <stop busStop="bs12" duration="3"/>
        <ride busStop="bs8" lines="ANY"/>
    </person>
    <person id="d38" depart="7600.0" color="240,50,232">
        <stop busStop="bs12" duration="3"/>
        <ride busStop="bs6" lines="ANY"/>
    </person>
    <person id="d39" depart="7800.0" color="60,181,72">
        <stop busStop="bs11" duration="3"/>
        <ride busStop="bs1" lines="ANY"/>
    </person>
    <person id="d40" depart="8000.0" color="245,131,49">
        <stop busStop="bs6" duration="3"/>
        <ride busStop="bs12" lines="ANY"/>
    </person>
    <person id="d41" depart="8200.0" color="142,31,181">
        <stop busStop="bs0" duration="3"/>
        <ride busStop="bs15" lines="ANY"/>
    </person>
    <person id="d42" depart="8400.0" color="0,127,199">
        <stop busStop="bs20" duration="3"/>
        <ride busStop="bs11" lines="ANY"/>
    </person>
    <person id="d43" depart="8600.0" color="0,127,199">
        <stop busStop="bs0" duration="3"/>
        <ride busStop="bs11" lines="ANY"/>
    </person>
    <person id="d44" depart="8800.0" color="245,131,49">
        <stop busStop="bs6" duration="3"/>
        <ride busStop="bs12" lines="ANY"/>
    </person>
    <person id="d45" depart="9000.0" color="70,240,240">
        <stop busStop="bs6" duration="3"/>
        <ride busStop="bs20" lines="ANY"/>
    </person>
    <person id="d46" depart="9200.0" color="142,31,181">
        <stop busStop="bs0" duration="3"/>
        <ride busStop="bs15" lines="ANY"/>
    </person>
    <person id="d47" depart="9400.0" color="245,131,49">
        <stop busStop="bs15" duration="3"/>
        <ride busStop="bs12" lines="ANY"/>
    </person>
    <person id="d48" depart="9600.0" color="142,31,181">
        <stop busStop="bs8" duration="3"/>
        <ride busStop="bs15" lines="ANY"/>
    </person>
    <person id="d49" depart="9800.0" color="0,127,199">
        <stop busStop="bs0" duration="3"/>
        <ride busStop="bs11" lines="ANY"/>
    </person>
    <person id="d50" depart="10000.0" color="240,50,232">
        <stop busStop="bs11" duration="3"/>
        <ride busStop="bs6" lines="ANY"/>
    </person>
    <person id="d51" depart="10200.0" color="255,218,25">
        <stop busStop="bs6" duration="3"/>
        <ride busStop="bs8" lines="ANY"/>
    </person>
    <person id="d52" depart="10400.0" color="60,181,72">
        <stop busStop="bs12" duration="3"/>
        <ride busStop="bs1" lines="ANY"/>
    </person>
    <person id="d53" depart="10600.0" color="70,240,240">
        <stop busStop="bs6" duration="3"/>
        <ride busStop="bs20" lines="ANY"/>
    </person>
    <person id="d54" depart="10800.0" color="142,31,181">
        <stop busStop="bs8" duration="3"/>
        <ride busStop="bs15" lines="ANY"/>
    </person>
    <person id="d55" depart="11000.0" color="60,181,72">
        <stop busStop="bs12" duration="3"/>
        <ride busStop="bs1" lines="ANY"/>
    </person>
    <person id="d56" depart="11200.0" color="245,131,49">
        <stop busStop="bs20" duration="3"/>
        <ride busStop="bs12" lines="ANY"/>
    </person>
    <person id="d57" depart="11400.0" color="245,131,49">
        <stop busStop="bs20" duration="3"/>
        <ride busStop="bs12" lines="ANY"/>
    </person>
    <person id="d58" depart="11600.0" color="255,218,25">
        <stop busStop="bs0" duration="3"/>
        <ride busStop="bs8" lines="ANY"/>
    </person>
    <person id="d59" depart="11800.0" color="240,50,232">
        <stop busStop="bs0" duration="3"/>
        <ride busStop="bs6" lines="ANY"/>
    </person>
    <person id="d60" depart="12000.0" color="70,240,240">
        <stop busStop="bs6" duration="3"/>
        <ride busStop="bs20" lines="ANY"/>
    </person>
    <person id="d61" depart="12200.0" color="255,25,25">
        <stop busStop="bs8" duration="3"/>
        <ride busStop="bs0" lines="ANY"/>
    </person>
    <person id="d62" depart="12400.0" color="255,25,25">
        <stop busStop="bs6" duration="3"/>
        <ride busStop="bs0" lines="ANY"/>
    </person>
    <person id="d63" depart="12600.0" color="255,25,25">
        <stop busStop="bs11" duration="3"/>
        <ride busStop="bs0" lines="ANY"/>
    </person>
    <person id="d64" depart="12800.0" color="60,181,72">
        <stop busStop="bs20" duration="3"/>
        <ride busStop="bs1" lines="ANY"/>
    </person>
    <person id="d65" depart="13000.0" color="245,131,49">
        <stop busStop="bs11" duration="3"/>
        <ride busStop="bs12" lines="ANY"/>
    </person>
    <person id="d66" depart="13200.0" color="70,240,240">
        <stop busStop="bs8" duration="3"/>
        <ride busStop="bs20" lines="ANY"/>
    </person>
    <person id="d67" depart="13400.0" color="60,181,72">
        <stop busStop="bs11" duration="3"/>
        <ride busStop="bs1" lines="ANY"/>
    </person>
    <person id="d68" depart="13600.0" color="142,31,181">
        <stop busStop="bs12" duration="3"/>
        <ride busStop="bs15" lines="ANY"/>
    </person>
    <person id="d69" depart="13800.0" color="255,218,25">
        <stop busStop="bs1" duration="3"/>
        <ride busStop="bs8" lines="ANY"/>
    </person>
    <person id="d70" depart="14000.0" color="142,31,181">
        <stop busStop="bs6" duration="3"/>
        <ride busStop="bs15" lines="ANY"/>
    </person>
    <person id="d71" depart="14200.0" color="245,131,49">
        <stop busStop="bs11" duration="3"/>
        <ride busStop="bs12" lines="ANY"/>
    </person>
    <person id="d72" depart="14400.0" color="60,181,72">
        <stop busStop="bs0" duration="3"/>
        <ride busStop="bs1" lines="ANY"/>
    </person>
    <person id="d73" depart="14600.0" color="245,131,49">
        <stop busStop="bs8" duration="3"/>
        <ride busStop="bs12" lines="ANY"/>
    </person>
    <person id="d74" depart="14800.0" color="255,25,25">
        <stop busStop="bs1" duration="3"/>
        <ride busStop="bs0" lines="ANY"/>
    </person>
    <person id="d75" depart="15000.0" color="60,181,72">
        <stop busStop="bs15" duration="3"/>
        <ride busStop="bs1" lines="ANY"/>
    </person>
    <person id="d76" depart="15200.0" color="70,240,240">
        <stop busStop="bs6" duration="3"/>
        <ride busStop="bs20" lines="ANY"/>
    </person>
    <person id="d77" depart="15400.0" color="60,181,72">
        <stop busStop="bs0" duration="3"/>
        <ride busStop="bs1" lines="ANY"/>
    </person>
    <person id="d78" depart="15600.0" color="60,181,72">
        <stop busStop="bs15" duration="3"/>
        <ride busStop="bs1" lines="ANY"/>
    </person>
    <person id="d79" depart="15800.0" color="240,50,232">
        <stop busStop="bs1" duration="3"/>
        <ride busStop="bs6" lines="ANY"/>
    </person>
    <person id="d80" depart="16000.0" color="0,127,199">
        <stop busStop="bs12" duration="3"/>
        <ride busStop="bs11" lines="ANY"/>
    </person>
    <person id="d81" depart="16200.0" color="60,181,72">
        <stop busStop="bs20" duration="3"/>
        <ride busStop="bs1" lines="ANY"/>
    </person>
    <person id="d82" depart="16400.0" color="0,127,199">
        <stop busStop="bs0" duration="3"/>
        <ride busStop="bs11" lines="ANY"/>
    </person>
    <person id="d83" depart="16600.0" color="142,31,181">
        <stop busStop="bs11" duration="3"/>
        <ride busStop="bs15" lines="ANY"/>
    </person>
    <person id="d84" depart="16800.0" color="240,50,232">
        <stop busStop="bs15" duration="3"/>
        <ride busStop="bs6" lines="ANY"/>
    </person>
    <person id="d85" depart="17000.0" color="0,127,199">
        <stop busStop="bs0" duration="3"/>
        <ride busStop="bs11" lines="ANY"/>
    </person>
    <person id="d86" depart="17200.0" color="70,240,240">
        <stop busStop="bs8" duration="3"/>
        <ride busStop="bs20" lines="ANY"/>
    </person>
    <person id="d87" depart="17400.0" color="0,127,199">
        <stop busStop="bs1" duration="3"/>
        <ride busStop="bs11" lines="ANY"/>
    </person>
    <person id="d88" depart="17600.0" color="255,218,25">
        <stop busStop="bs11" duration="3"/>
        <ride busStop="bs8" lines="ANY"/>
    </person>
    <person id="d89" depart="17800.0" color="240,50,232">
        <stop busStop="bs1" duration="3"/>
        <ride busStop="bs6" lines="ANY"/>
    </person>
    <person id="d90" depart="18000.0" color="70,240,240">
        <stop busStop="bs11" duration="3"/>
        <ride busStop="bs20" lines="ANY"/>
    </person>
    <person id="d91" depart="18200.0" color="255,25,25">
        <stop busStop="bs12" duration="3"/>
        <ride busStop="bs0" lines="ANY"/>
    </person>
    <person id="d92" depart="18400.0" color="70,240,240">
        <stop busStop="bs6" duration="3"/>
        <ride busStop="bs20" lines="ANY"/>
    </person>
    <person id="d93" depart="18600.0" color="70,240,240">
        <stop busStop="bs6" duration="3"/>
        <ride busStop="bs20" lines="ANY"/>
    </person>
    <person id="d94" depart="18800.0" color="0,127,199">
        <stop busStop="bs1" duration="3"/>
        <ride busStop="bs11" lines="ANY"/>
    </person>
    <person id="d95" depart="19000.0" color="0,127,199">
        <stop busStop="bs1" duration="3"/>
        <ride busStop="bs11" lines="ANY"/>
    </person>
    <person id="d96" depart="19200.0" color="0,127,199">
        <stop busStop="bs0" duration="3"/>
        <ride busStop="bs11" lines="ANY"/>
    </person>
    <person id="d97" depart="19400.0" color="255,218,25">
        <stop busStop="bs6" duration="3"/>
        <ride busStop="bs8" lines="ANY"/>
    </person>
    <person id="d98" depart="19600.0" color="0,127,199">
        <stop busStop="bs20" duration="3"/>
        <ride busStop="bs11" lines="ANY"/>
    </person>
    <person id="d99" depart="19800.0" color="240,50,232">
        <stop busStop="bs11" duration="3"/>
        <ride busStop="bs6" lines="ANY"/>
    </person>
</routes>
