<viewsettings type="osg">
    <scheme name="customB">
        <opengl antialiase="0" dither="0"/>
        <background backgroundColor="1.00,1.00,1.00"
                    showGrid="0" gridXSize="100.00" gridYSize="100.00"/>
        <edges laneEdgeMode="1" laneShowBorders="0" showLinkDecals="1" showRails="1" hideConnectors="0"
               edgeName_show="0" edgeName_size="50.00" edgeName_color="1.00,0.50,0.00" 
               internalEdgeName_show="0" internalEdgeName_size="40.00" internalEdgeName_color="0.50,0.25,0.00" 
               streetName_show="0" streetName_size="55.00" streetName_color="1.00,1.00,0.00" >
            <colorScheme name="uniform">
                <entry color="1.0,0,0,1.0"/>
            </colorScheme>
            <colorScheme name="by selection (lane-/streetwise)">
                <entry color="0.0,0.0,0.0,0.0" name="unselected"/>
                <entry color="0.00,0.40,0.80" name="selected"/>
            </colorScheme>
            <colorScheme name="by vclass">
                <entry color="0.00,0.00,0.00" name="all"/>
                <entry color="0.00,0.10,0.50" name="public"/>
            </colorScheme>
            <colorScheme name="by allowed speed (lanewise)" interpolated="1">
                <entry color="1.00,0.00,0.00" threshold="0.00"/>
                <entry color="0.00,0.00,1.00" threshold="41.67"/>
            </colorScheme>
            <colorScheme name="by current occupancy (lanewise)" interpolated="1">
                <entry color="0.00,0.00,1.00" threshold="0.00"/>
                <entry color="1.00,0.00,0.00" threshold="0.95"/>
            </colorScheme>
            <colorScheme name="by first vehicle waiting time (lanewise)" interpolated="1">
                <entry color="0.00,1.00,0.00" threshold="0.00"/>
                <entry color="1.00,0.00,0.00" threshold="200.00"/>
            </colorScheme>
            <colorScheme name="by lane number (streetwise)" interpolated="1">
                <entry color="1.00,0.00,0.00" threshold="0.00"/>
                <entry color="0.00,0.00,1.00" threshold="5.00"/>
            </colorScheme>
            <colorScheme name="by CO2 emissions (HBEFA)" interpolated="1">
                <entry color="0.00,1.00,0.00" threshold="0.00"/>
                <entry color="1.00,0.00,0.00" threshold="0.27"/>
            </colorScheme>
            <colorScheme name="by CO emissions (HBEFA)" interpolated="1">
                <entry color="0.00,1.00,0.00" threshold="0.00"/>
                <entry color="1.00,0.00,0.00" threshold="0.00"/>
            </colorScheme>
            <colorScheme name="by PMx emissions (HBEFA)" interpolated="1">
                <entry color="0.00,1.00,0.00" threshold="0.00"/>
                <entry color="1.00,0.00,0.00" threshold="0.00"/>
            </colorScheme>
            <colorScheme name="by NOx emissions (HBEFA)" interpolated="1">
                <entry color="0.00,1.00,0.00" threshold="0.00"/>
                <entry color="1.00,0.00,0.00" threshold="0.00"/>
            </colorScheme>
            <colorScheme name="by HC emissions (HBEFA)" interpolated="1">
                <entry color="0.00,1.00,0.00" threshold="0.00"/>
                <entry color="1.00,0.00,0.00" threshold="0.00"/>
            </colorScheme>
            <colorScheme name="by fuel consumption (HBEFA)" interpolated="1">
                <entry color="0.00,1.00,0.00" threshold="0.00"/>
                <entry color="1.00,0.00,0.00" threshold="0.07"/>
            </colorScheme>
            <colorScheme name="by noise emissions (Harmonoise)" interpolated="1">
                <entry color="0.00,1.00,0.00" threshold="0.00"/>
                <entry color="1.00,0.00,0.00" threshold="100.00"/>
            </colorScheme>
            <colorScheme name="by global travel time" interpolated="1">
                <entry color="0.00,1.00,0.00" threshold="0.00"/>
                <entry color="1.00,0.00,0.00" threshold="100.00"/>
            </colorScheme>
            <colorScheme name="by global speed percentage" interpolated="1">
                <entry color="1.00,0.00,0.00" threshold="0.00"/>
                <entry color="1.00,1.00,0.00" threshold="50.00"/>
                <entry color="0.00,1.00,0.00" threshold="100.00"/>
            </colorScheme>
            <colorScheme name="uniform (streetwise)">
                <entry color="0.00,0.00,0.00"/>
            </colorScheme>
            <colorScheme name="by selection (streetwise)">
                <entry color="0.70,0.70,0.70" name="unselected"/>
                <entry color="0.00,0.40,0.80" name="selected"/>
            </colorScheme>
            <colorScheme name="by purpose (streetwise)">
                <entry color="0.00,0.00,0.00" name="normal"/>
                <entry color="0.50,0.00,0.50" name="connector"/>
                <entry color="0.00,0.00,1.00" name="internal"/>
            </colorScheme>
            <colorScheme name="by allowed speed (streetwise)" interpolated="1">
                <entry color="1.00,0.00,0.00" threshold="0.00"/>
                <entry color="0.00,0.00,1.00" threshold="41.67"/>
            </colorScheme>
            <colorScheme name="by current occupancy (streetwise)" interpolated="1">
                <entry color="0.00,0.00,1.00" threshold="0.00"/>
                <entry color="1.00,0.00,0.00" threshold="0.95"/>
            </colorScheme>
            <colorScheme name="by current speed (streetwise)" interpolated="1">
                <entry color="1.00,0.00,0.00" threshold="0.00"/>
                <entry color="0.00,0.00,1.00" threshold="41.67"/>
            </colorScheme>
            <colorScheme name="by current flow (streetwise)" interpolated="1">
                <entry color="0.00,0.00,1.00" threshold="0.00"/>
                <entry color="1.00,0.00,0.00" threshold="5000.00"/>
            </colorScheme>
        </edges>
        <vehicles vehicleMode="8" vehicleQuality="3" minVehicleSize="1.00" vehicleExaggeration="1.00" showBlinker="1"
                  vehicleName_show="0" vehicleName_size="50.00" vehicleName_color="0.80,0.60,0.00" >
            <colorScheme name="uniform">
                <entry color="1.00,1.00,0.00"/>
            </colorScheme>
            <colorScheme name="given/assigned vehicle color">
                <entry color="1.00,1.00,0.00"/>
            </colorScheme>
            <colorScheme name="given/assigned type color">
                <entry color="1.00,1.00,0.00"/>
            </colorScheme>
            <colorScheme name="given/assigned route color">
                <entry color="1.00,1.00,0.00"/>
            </colorScheme>
            <colorScheme name="depart position as HSV">
                <entry color="1.00,1.00,0.00"/>
            </colorScheme>
            <colorScheme name="arrival position as HSV">
                <entry color="1.00,1.00,0.00"/>
            </colorScheme>
            <colorScheme name="direction/distance as HSV">
                <entry color="1.00,1.00,0.00"/>
            </colorScheme>
            <colorScheme name="by speed" interpolated="1">
                <entry color="1.00,0.00,0.00,0.50" threshold="0.00"/>
                <entry color="1.00,1.00,0.00,0.30" threshold="6.90"/>
                <entry color="0.00,1.00,0.00,0.20" threshold="13.89"/>
            </colorScheme>
            <colorScheme name="by waiting time" interpolated="1">
                <entry color="0.00,0.00,1.00" threshold="0.00"/>
                <entry color="1.00,0.00,0.00" threshold="300.00"/>
            </colorScheme>
            <colorScheme name="by time since last lanechange" interpolated="1">
                <entry color="1.00,1.00,1.00" threshold="0.00"/>
                <entry color="0.50,0.50,0.50" threshold="300.00"/>
            </colorScheme>
            <colorScheme name="by max speed" interpolated="1">
                <entry color="1.00,0.00,0.00" threshold="0.00"/>
                <entry color="0.00,0.00,1.00" threshold="41.67"/>
            </colorScheme>
            <colorScheme name="by CO2 emissions (HBEFA)" interpolated="1">
                <entry color="0.00,1.00,0.00" threshold="0.00"/>
                <entry color="1.00,0.00,0.00" threshold="5.00"/>
            </colorScheme>
            <colorScheme name="by CO emissions (HBEFA)" interpolated="1">
                <entry color="0.00,1.00,0.00" threshold="0.00"/>
                <entry color="1.00,0.00,0.00" threshold="0.05"/>
            </colorScheme>
            <colorScheme name="by PMx emissions (HBEFA)" interpolated="1">
                <entry color="0.00,1.00,0.00" threshold="0.00"/>
                <entry color="1.00,0.00,0.00" threshold="0.01"/>
            </colorScheme>
            <colorScheme name="by NOx emissions (HBEFA)" interpolated="1">
                <entry color="0.00,1.00,0.00" threshold="0.00"/>
                <entry color="1.00,0.00,0.00" threshold="0.12"/>
            </colorScheme>
            <colorScheme name="by HC emissions (HBEFA)" interpolated="1">
                <entry color="0.00,1.00,0.00" threshold="0.00"/>
                <entry color="1.00,0.00,0.00" threshold="0.02"/>
            </colorScheme>
            <colorScheme name="by fuel consumption (HBEFA)" interpolated="1">
                <entry color="0.00,1.00,0.00" threshold="0.00"/>
                <entry color="1.00,0.00,0.00" threshold="0.01"/>
            </colorScheme>
            <colorScheme name="by noise emissions (Harmonoise)" interpolated="1">
                <entry color="0.00,1.00,0.00" threshold="0.00"/>
                <entry color="1.00,0.00,0.00" threshold="100.00"/>
            </colorScheme>
            <colorScheme name="by reroute number" interpolated="1">
                <entry color="1.00,0.00,0.00" threshold="0.00"/>
                <entry color="1.00,1.00,0.00" threshold="1.00"/>
                <entry color="1.00,1.00,1.00" threshold="10.00"/>
            </colorScheme>
        </vehicles>
        <junctions junctionMode="0" drawLinkTLIndex="0" drawLinkJunctionIndex="0"
                  junctionName_show="0" junctionName_size="50.00" junctionName_color="0.00,1.00,0.50" 
                  internalJunctionName_show="0" internalJunctionName_size="50.00" internalJunctionName_color="0.00,0.80,0.50" 
 showLane2Lane="0">
            <colorScheme name="uniform">
                <entry color="0,0,0,0"/>
            </colorScheme>
            <colorScheme name="by selection">
                <entry color="179,179,179" name="unselected"/>
                <entry color="0,102,204" name="selected"/>
            </colorScheme>
        </junctions>
        <additionals addMode="0" minAddSize="1.00" addExaggeration="1.00"
                  addName_show="0" addName_size="50.00" addName_color="1.00,0.00,0.50" />
        <pois poiExaggeration="1.00" minPOISize="0.00"
                  poiName_show="1" poiName_size="150.00" poiName_color="0.00,0.00,0.00" />
        <legend showSizeLegend="1"/>
    </scheme>

    <delay value="400"/>
    <viewport zoom="1000" x="500" y="650" centerX="664" centerY="631"/>
    <decal filename="bs3.3ds" centerX="660" centerY="679" rotation="1.30" tilt="0" roll="90"/>
    <decal filename="tl:cluster_104171179_28142770_28298581_28298587:0" centerX="680" centerY="660" rotation="180" width="-1" height="-1" altitude="4"/>
    <decal filename="tl:cluster_104171179_28142770_28298581_28298587:5" centerX="690" centerY="630" rotation="90" width="-1" height="-1" altitude="4"/>
    <decal filename="tl:cluster_104171179_28142770_28298581_28298587:10" centerX="660" centerY="620" width="-1" height="-1" altitude="4"/>
    <decal filename="tl:cluster_104171179_28142770_28298581_28298587:15" centerX="650" centerY="650" rotation="-90" width="-1" height="-1" altitude="4"/>
    <light centerX="600" centerY="600" centerZ="300"/>
</viewsettings>
