<?xml version="1.0" encoding="UTF-8"?>

<!-- generated on Sun 24 Nov 2019 10:14:19 PM CET by Eclipse SUMO netedit Version v1_3_1+1013-4978d821a3
<configuration xmlns:xsi="http://www.w3.org/2001/XMLSchema-instance" xsi:noNamespaceSchemaLocation="http://sumo.dlr.de/xsd/netconvertConfiguration.xsd">

    <input>
        <sumo-net-file value="large.net.xml"/>
    </input>

    <output>
        <output-file value="large.net.xml"/>
    </output>

    <processing>
        <geometry.max-grade.fix value="false"/>
        <offset.disable-normalization value="true"/>
        <lefthand value="false"/>
    </processing>

    <junctions>
        <no-turnarounds value="true"/>
        <junctions.corner-detail value="5"/>
        <junctions.limit-turn-speed value="5.5"/>
        <rectangular-lane-cut value="false"/>
    </junctions>

    <pedestrian>
        <walkingareas value="false"/>
    </pedestrian>

    <formats>
        <opendrive.curve-resolution value="20"/>
    </formats>

    <visualisation>
        <registry-viewport value="true"/>
    </visualisation>

</configuration>
-->

<net version="1.3" junctionCornerDetail="5" limitTurnSpeed="5.50" xmlns:xsi="http://www.w3.org/2001/XMLSchema-instance" xsi:noNamespaceSchemaLocation="http://sumo.dlr.de/xsd/net_file.xsd">

    <location netOffset="0.00,0.00" convBoundary="-200.00,-150.00,649.70,200.00" origBoundary="0.00,0.00,500.00,100.00" projParameter="!"/>

    <type id="rail" allow="rail" oneway="1"/>

    <edge id=":A0_0" function="internal" bidi=":A0_3">
        <lane id=":A0_0_0" index="0" allow="rail" speed="13.89" length="10.46" shape="1.91,0.00 -1.04,0.30 -3.00,1.16 -4.84,2.46 -7.44,4.13"/>
    </edge>
    <edge id=":A0_1" function="internal" bidi=":A0_2">
        <lane id=":A0_1_0" index="0" allow="rail" speed="13.89" length="10.43" shape="1.91,0.00 -8.50,0.50"/>
    </edge>
    <edge id=":A0_2" function="internal" bidi=":A0_1">
        <lane id=":A0_2_0" index="0" allow="rail" speed="13.89" length="10.43" shape="-8.50,0.50 1.91,0.00"/>
    </edge>
    <edge id=":A0_3" function="internal" bidi=":A0_0">
        <lane id=":A0_3_0" index="0" allow="rail" speed="13.89" length="10.46" shape="-7.44,4.13 -4.84,2.46 -3.00,1.16 -1.04,0.30 1.91,0.00"/>
    </edge>
    <edge id=":A1_0" function="internal" bidi=":A1_3">
        <lane id=":A1_0_0" index="0" allow="rail" speed="13.89" length="9.94" shape="7.11,103.71 -1.67,99.07"/>
    </edge>
    <edge id=":A1_1" function="internal" bidi=":A1_2">
        <lane id=":A1_1_0" index="0" allow="rail" speed="13.89" length="9.96" shape="8.02,100.00 5.05,100.19 2.94,100.42 0.95,100.21 -1.67,99.07"/>
    </edge>
    <edge id=":A1_2" function="internal" bidi=":A1_1">
        <lane id=":A1_2_0" index="0" allow="rail" speed="13.89" length="9.96" shape="-1.67,99.07 0.95,100.21 2.94,100.42 5.05,100.19 8.02,100.00"/>
    </edge>
    <edge id=":A1_3" function="internal" bidi=":A1_0">
        <lane id=":A1_3_0" index="0" allow="rail" speed="13.89" length="9.94" shape="-1.67,99.07 7.11,103.71"/>
    </edge>
    <edge id=":B0_0" function="internal" bidi=":B0_3">
        <lane id=":B0_0_0" index="0" allow="rail" speed="13.89" length="9.61" shape="101.91,0.00 99.16,0.26 97.38,1.01 95.71,2.18 93.29,3.73"/>
    </edge>
    <edge id=":B0_1" function="internal" bidi=":B0_2">
        <lane id=":B0_1_0" index="0" allow="rail" speed="13.89" length="9.59" shape="101.91,0.00 92.33,0.00"/>
    </edge>
    <edge id=":B0_2" function="internal" bidi=":B0_1">
        <lane id=":B0_2_0" index="0" allow="rail" speed="13.89" length="9.59" shape="92.33,0.00 101.91,0.00"/>
    </edge>
    <edge id=":B0_3" function="internal" bidi=":B0_0">
        <lane id=":B0_3_0" index="0" allow="rail" speed="13.89" length="9.61" shape="93.29,3.73 95.71,2.18 97.38,1.01 99.16,0.26 101.91,0.00"/>
    </edge>
    <edge id=":B1_0" function="internal" bidi=":B1_3">
        <lane id=":B1_0_0" index="0" allow="rail" speed="13.89" length="9.59" shape="101.91,100.00 92.33,100.00"/>
    </edge>
    <edge id=":B1_1" function="internal" bidi=":B1_2">
        <lane id=":B1_1_0" index="0" allow="rail" speed="13.89" length="9.61" shape="101.91,100.00 99.16,99.74 97.38,98.99 95.71,97.82 93.29,96.27"/>
    </edge>
    <edge id=":B1_2" function="internal" bidi=":B1_1">
        <lane id=":B1_2_0" index="0" allow="rail" speed="13.89" length="9.61" shape="93.29,96.27 95.71,97.82 97.38,98.99 99.16,99.74 101.91,100.00"/>
    </edge>
    <edge id=":B1_3" function="internal" bidi=":B1_0">
        <lane id=":B1_3_0" index="0" allow="rail" speed="13.89" length="9.59" shape="92.33,100.00 101.91,100.00"/>
    </edge>
    <edge id=":C0_0" function="internal" bidi=":C0_3">
        <lane id=":C0_0_0" index="0" allow="rail" speed="13.89" length="9.59" shape="207.67,0.00 198.09,0.00"/>
    </edge>
    <edge id=":C0_1" function="internal" bidi=":C0_2">
        <lane id=":C0_1_0" index="0" allow="rail" speed="13.89" length="9.61" shape="206.71,-3.73 204.29,-2.18 202.62,-1.01 200.84,-0.26 198.09,0.00"/>
    </edge>
    <edge id=":C0_2" function="internal" bidi=":C0_1">
        <lane id=":C0_2_0" index="0" allow="rail" speed="13.89" length="9.61" shape="198.09,0.00 200.84,-0.26 202.62,-1.01 204.29,-2.18 206.71,-3.73"/>
    </edge>
    <edge id=":C0_3" function="internal" bidi=":C0_0">
        <lane id=":C0_3_0" index="0" allow="rail" speed="13.89" length="9.59" shape="198.09,0.00 207.67,0.00"/>
    </edge>
    <edge id=":C1_0" function="internal" bidi=":C1_1">
        <lane id=":C1_0_0" index="0" allow="rail" speed="13.89" length="0.10" shape="200.00,100.00 200.00,100.00"/>
    </edge>
    <edge id=":C1_1" function="internal" bidi=":C1_0">
        <lane id=":C1_1_0" index="0" allow="rail" speed="13.89" length="0.10" shape="200.00,100.00 200.00,100.00"/>
    </edge>
    <edge id=":D0_0" function="internal" bidi=":D0_3">
        <lane id=":D0_0_0" index="0" allow="rail" speed="13.89" length="7.53" shape="305.36,0.00 297.84,0.00"/>
    </edge>
    <edge id=":D0_1" function="internal" bidi=":D0_2">
        <lane id=":D0_1_0" index="0" allow="rail" speed="13.89" length="7.19" shape="303.79,-3.79 302.00,-2.13 300.41,-0.95 299.02,-0.24 297.84,0.00"/>
    </edge>
    <edge id=":D0_2" function="internal" bidi=":D0_1">
        <lane id=":D0_2_0" index="0" allow="rail" speed="13.89" length="7.19" shape="297.84,0.00 299.02,-0.24 300.41,-0.95 302.00,-2.13 303.79,-3.79"/>
    </edge>
    <edge id=":D0_3" function="internal" bidi=":D0_0">
        <lane id=":D0_3_0" index="0" allow="rail" speed="13.89" length="7.53" shape="297.84,0.00 305.36,0.00"/>
    </edge>
    <edge id=":D1_0" function="internal" bidi=":D1_3">
        <lane id=":D1_0_0" index="0" allow="rail" speed="13.89" length="7.19" shape="302.16,100.00 300.98,100.24 299.59,100.95 298.00,102.13 296.21,103.79"/>
    </edge>
    <edge id=":D1_1" function="internal" bidi=":D1_2">
        <lane id=":D1_1_0" index="0" allow="rail" speed="13.89" length="7.53" shape="302.16,100.00 294.64,100.00"/>
    </edge>
    <edge id=":D1_2" function="internal" bidi=":D1_1">
        <lane id=":D1_2_0" index="0" allow="rail" speed="13.89" length="7.53" shape="294.64,100.00 302.16,100.00"/>
    </edge>
    <edge id=":D1_3" function="internal" bidi=":D1_0">
        <lane id=":D1_3_0" index="0" allow="rail" speed="13.89" length="7.19" shape="296.21,103.79 298.00,102.13 299.59,100.95 300.98,100.24 302.16,100.00"/>
    </edge>
    <edge id=":E0_0" function="internal" bidi=":E0_3">
        <lane id=":E0_0_0" index="0" allow="rail" speed="13.89" length="9.61" shape="406.71,3.73 404.29,2.18 402.62,1.01 400.84,0.26 398.09,0.00"/>
    </edge>
    <edge id=":E0_1" function="internal" bidi=":E0_2">
        <lane id=":E0_1_0" index="0" allow="rail" speed="13.89" length="9.59" shape="407.67,0.00 398.09,0.00"/>
    </edge>
    <edge id=":E0_2" function="internal" bidi=":E0_1">
        <lane id=":E0_2_0" index="0" allow="rail" speed="13.89" length="9.59" shape="398.09,0.00 407.67,0.00"/>
    </edge>
    <edge id=":E0_3" function="internal" bidi=":E0_0">
        <lane id=":E0_3_0" index="0" allow="rail" speed="13.89" length="9.61" shape="398.09,0.00 400.84,0.26 402.62,1.01 404.29,2.18 406.71,3.73"/>
    </edge>
    <edge id=":E1_0" function="internal" bidi=":E1_3">
        <lane id=":E1_0_0" index="0" allow="rail" speed="13.89" length="9.59" shape="407.67,100.00 398.09,100.00"/>
    </edge>
    <edge id=":E1_1" function="internal" bidi=":E1_2">
        <lane id=":E1_1_0" index="0" allow="rail" speed="13.89" length="9.61" shape="406.71,96.27 404.29,97.82 402.62,98.99 400.84,99.74 398.09,100.00"/>
    </edge>
    <edge id=":E1_2" function="internal" bidi=":E1_1">
        <lane id=":E1_2_0" index="0" allow="rail" speed="13.89" length="9.61" shape="398.09,100.00 400.84,99.74 402.62,98.99 404.29,97.82 406.71,96.27"/>
    </edge>
    <edge id=":E1_3" function="internal" bidi=":E1_0">
        <lane id=":E1_3_0" index="0" allow="rail" speed="13.89" length="9.59" shape="398.09,100.00 407.67,100.00"/>
    </edge>
    <edge id=":F0_0" function="internal" bidi=":F0_3">
        <lane id=":F0_0_0" index="0" allow="rail" speed="13.89" length="11.87" shape="501.67,0.93 498.72,-0.24 496.10,-0.45 493.36,-0.20 490.05,0.00"/>
    </edge>
    <edge id=":F0_1" function="internal" bidi=":F0_2">
        <lane id=":F0_1_0" index="0" allow="rail" speed="13.89" length="11.86" shape="501.67,0.93 498.78,-0.55 496.31,-1.58 493.80,-2.49 490.74,-3.64"/>
    </edge>
    <edge id=":F0_2" function="internal" bidi=":F0_1">
        <lane id=":F0_2_0" index="0" allow="rail" speed="13.89" length="11.86" shape="490.74,-3.64 493.80,-2.49 496.31,-1.58 498.78,-0.55 501.67,0.93"/>
    </edge>
    <edge id=":F0_3" function="internal" bidi=":F0_0">
        <lane id=":F0_3_0" index="0" allow="rail" speed="13.89" length="11.87" shape="490.05,0.00 493.36,-0.20 496.10,-0.45 498.72,-0.24 501.67,0.93"/>
    </edge>
    <edge id=":F1_0" function="internal" bidi=":F1_1">
        <lane id=":F1_0_0" index="0" allow="rail" speed="13.89" length="0.82" shape="500.36,99.80 500.15,99.91 499.99,99.97 499.83,100.00 499.59,100.00"/>
    </edge>
    <edge id=":F1_1" function="internal" bidi=":F1_0">
        <lane id=":F1_1_0" index="0" allow="rail" speed="13.89" length="0.82" shape="499.59,100.00 499.83,100.00 499.99,99.97 500.15,99.91 500.36,99.80"/>
    </edge>
    <edge id=":gneJ1_0" function="internal" bidi=":gneJ1_3">
        <lane id=":gneJ1_0_0" index="0" allow="rail" speed="13.89" length="7.53" shape="205.36,200.00 197.84,200.00"/>
    </edge>
    <edge id=":gneJ1_1" function="internal" bidi=":gneJ1_2">
        <lane id=":gneJ1_1_0" index="0" allow="rail" speed="13.89" length="7.19" shape="203.79,196.21 202.00,197.87 200.41,199.05 199.02,199.76 197.84,200.00"/>
    </edge>
    <edge id=":gneJ1_2" function="internal" bidi=":gneJ1_1">
        <lane id=":gneJ1_2_0" index="0" allow="rail" speed="13.89" length="7.19" shape="197.84,200.00 199.02,199.76 200.41,199.05 202.00,197.87 203.79,196.21"/>
    </edge>
    <edge id=":gneJ1_3" function="internal" bidi=":gneJ1_0">
        <lane id=":gneJ1_3_0" index="0" allow="rail" speed="13.89" length="7.53" shape="197.84,200.00 205.36,200.00"/>
    </edge>
    <edge id=":gneJ10_0" function="internal" bidi=":gneJ10_1">
        <lane id=":gneJ10_0_0" index="0" allow="rail" speed="13.89" length="0.82" shape="200.36,-99.80 200.15,-99.91 199.99,-99.97 199.83,-100.00 199.59,-100.00"/>
    </edge>
    <edge id=":gneJ10_1" function="internal" bidi=":gneJ10_0">
        <lane id=":gneJ10_1_0" index="0" allow="rail" speed="13.89" length="0.82" shape="199.59,-100.00 199.83,-100.00 199.99,-99.97 200.15,-99.91 200.36,-99.80"/>
    </edge>
    <edge id=":gneJ12_0" function="internal" bidi=":gneJ12_3">
        <lane id=":gneJ12_0_0" index="0" allow="rail" speed="13.89" length="7.24" shape="401.61,-101.49 400.90,-100.50 400.39,-99.02 400.07,-97.05 399.95,-94.59"/>
    </edge>
    <edge id=":gneJ12_1" function="internal" bidi=":gneJ12_2">
        <lane id=":gneJ12_1_0" index="0" allow="rail" speed="13.89" length="7.60" shape="401.61,-101.49 396.17,-96.17"/>
    </edge>
    <edge id=":gneJ12_2" function="internal" bidi=":gneJ12_1">
        <lane id=":gneJ12_2_0" index="0" allow="rail" speed="13.89" length="7.60" shape="396.17,-96.17 401.61,-101.49"/>
    </edge>
    <edge id=":gneJ12_3" function="internal" bidi=":gneJ12_0">
        <lane id=":gneJ12_3_0" index="0" allow="rail" speed="13.89" length="7.24" shape="399.95,-94.59 400.07,-97.05 400.39,-99.02 400.90,-100.50 401.61,-101.49"/>
    </edge>
    <edge id=":gneJ14_0" function="internal" bidi=":gneJ14_1">
        <lane id=":gneJ14_0_0" index="0" allow="rail" speed="13.89" length="0.10" shape="600.00,-100.00 600.00,-100.00"/>
    </edge>
    <edge id=":gneJ14_1" function="internal" bidi=":gneJ14_0">
        <lane id=":gneJ14_1_0" index="0" allow="rail" speed="13.89" length="0.10" shape="600.00,-100.00 600.00,-100.00"/>
    </edge>
    <edge id=":gneJ16_0" function="internal" bidi=":gneJ16_1">
        <lane id=":gneJ16_0_0" index="0" allow="rail" speed="13.89" length="0.10" shape="600.00,100.00 600.00,100.00"/>
    </edge>
    <edge id=":gneJ16_1" function="internal" bidi=":gneJ16_0">
        <lane id=":gneJ16_1_0" index="0" allow="rail" speed="13.89" length="0.10" shape="600.00,100.00 600.00,100.00"/>
    </edge>
    <edge id=":gneJ18_0" function="internal" bidi=":gneJ18_1">
        <lane id=":gneJ18_0_0" index="0" allow="rail" speed="13.89" length="0.10" shape="400.00,200.00 400.00,200.00"/>
    </edge>
    <edge id=":gneJ18_1" function="internal" bidi=":gneJ18_0">
        <lane id=":gneJ18_1_0" index="0" allow="rail" speed="13.89" length="0.10" shape="400.00,200.00 400.00,200.00"/>
    </edge>
    <edge id=":gneJ19_0" function="internal" bidi=":gneJ19_1">
        <lane id=":gneJ19_0_0" index="0" allow="rail" speed="13.89" length="0.10" shape="300.00,200.00 300.00,200.00"/>
    </edge>
    <edge id=":gneJ19_1" function="internal" bidi=":gneJ19_0">
        <lane id=":gneJ19_1_0" index="0" allow="rail" speed="13.89" length="0.10" shape="300.00,200.00 300.00,200.00"/>
    </edge>
    <edge id=":gneJ2_0" function="internal" bidi=":gneJ2_1">
        <lane id=":gneJ2_0_0" index="0" allow="rail" speed="13.89" length="0.10" shape="-100.00,200.00 -100.00,200.00"/>
    </edge>
    <edge id=":gneJ2_1" function="internal" bidi=":gneJ2_0">
        <lane id=":gneJ2_1_0" index="0" allow="rail" speed="13.89" length="0.10" shape="-100.00,200.00 -100.00,200.00"/>
    </edge>
    <edge id=":gneJ21_0" function="internal" bidi=":gneJ21_1">
        <lane id=":gneJ21_0_0" index="0" allow="rail" speed="13.89" length="0.10" shape="310.00,-110.00 310.00,-110.00"/>
    </edge>
    <edge id=":gneJ21_1" function="internal" bidi=":gneJ21_0">
        <lane id=":gneJ21_1_0" index="0" allow="rail" speed="13.89" length="0.10" shape="310.00,-110.00 310.00,-110.00"/>
    </edge>
    <edge id=":gneJ22_0" function="internal" bidi=":gneJ22_3">
        <lane id=":gneJ22_0_0" index="0" allow="rail" speed="13.89" length="11.58" shape="-60.19,-110.00 -63.43,-110.14 -66.03,-110.31 -68.58,-110.20 -71.67,-109.44"/>
    </edge>
    <edge id=":gneJ22_1" function="internal" bidi=":gneJ22_2">
        <lane id=":gneJ22_1_0" index="0" allow="rail" speed="13.89" length="11.57" shape="-60.89,-113.64 -71.67,-109.44"/>
    </edge>
    <edge id=":gneJ22_2" function="internal" bidi=":gneJ22_1">
        <lane id=":gneJ22_2_0" index="0" allow="rail" speed="13.89" length="11.57" shape="-71.67,-109.44 -60.89,-113.64"/>
    </edge>
    <edge id=":gneJ22_3" function="internal" bidi=":gneJ22_0">
        <lane id=":gneJ22_3_0" index="0" allow="rail" speed="13.89" length="11.58" shape="-71.67,-109.44 -68.58,-110.20 -66.03,-110.31 -63.43,-110.14 -60.19,-110.00"/>
    </edge>
    <edge id=":gneJ23_0" function="internal">
        <lane id=":gneJ23_0_0" index="0" allow="rail" speed="0.01" length="0.10" shape="370.00,-110.00 370.00,-110.00"/>
    </edge>
    <edge id=":gneJ25_0" function="internal" bidi=":gneJ25_3">
        <lane id=":gneJ25_0_0" index="0" allow="rail" speed="13.89" length="20.03" shape="-166.90,-81.68 -170.53,-78.96 -174.60,-75.28 -178.38,-71.31 -181.15,-67.73"/>
    </edge>
    <edge id=":gneJ25_1" function="internal" bidi=":gneJ25_2">
        <lane id=":gneJ25_1_0" index="0" allow="rail" speed="13.89" length="20.00" shape="-169.77,-84.18 -181.15,-67.73"/>
    </edge>
    <edge id=":gneJ25_2" function="internal" bidi=":gneJ25_1">
        <lane id=":gneJ25_2_0" index="0" allow="rail" speed="13.89" length="20.00" shape="-181.15,-67.73 -169.77,-84.18"/>
    </edge>
    <edge id=":gneJ25_3" function="internal" bidi=":gneJ25_0">
        <lane id=":gneJ25_3_0" index="0" allow="rail" speed="13.89" length="20.03" shape="-181.15,-67.73 -178.38,-71.31 -174.60,-75.28 -170.53,-78.96 -166.90,-81.68"/>
    </edge>
    <edge id=":gneJ26_0" function="internal" bidi=":gneJ26_3">
        <lane id=":gneJ26_0_0" index="0" allow="rail" speed="13.89" length="21.37" shape="493.93,-149.70 489.21,-149.35 483.34,-148.45 477.51,-147.29 472.91,-146.10"/>
    </edge>
    <edge id=":gneJ26_1" function="internal" bidi=":gneJ26_2">
        <lane id=":gneJ26_1_0" index="0" allow="rail" speed="13.89" length="21.33" shape="493.93,-149.70 472.60,-149.75"/>
    </edge>
    <edge id=":gneJ26_2" function="internal" bidi=":gneJ26_1">
        <lane id=":gneJ26_2_0" index="0" allow="rail" speed="13.89" length="21.33" shape="472.60,-149.75 493.93,-149.70"/>
    </edge>
    <edge id=":gneJ26_3" function="internal" bidi=":gneJ26_0">
        <lane id=":gneJ26_3_0" index="0" allow="rail" speed="13.89" length="21.37" shape="472.91,-146.10 477.51,-147.29 483.34,-148.45 489.21,-149.35 493.93,-149.70"/>
    </edge>
    <edge id=":gneJ28_0" function="internal" bidi=":gneJ28_3">
        <lane id=":gneJ28_0_0" index="0" allow="rail" speed="13.89" length="10.32" shape="-52.60,-146.30 -55.25,-147.88 -57.12,-149.12 -59.07,-149.80 -61.99,-149.68"/>
    </edge>
    <edge id=":gneJ28_1" function="internal" bidi=":gneJ28_2">
        <lane id=":gneJ28_1_0" index="0" allow="rail" speed="13.89" length="10.29" shape="-51.72,-150.00 -54.74,-150.06 -56.88,-150.14 -59.00,-150.06 -61.99,-149.68"/>
    </edge>
    <edge id=":gneJ28_2" function="internal" bidi=":gneJ28_1">
        <lane id=":gneJ28_2_0" index="0" allow="rail" speed="13.89" length="10.29" shape="-61.99,-149.68 -59.00,-150.06 -56.88,-150.14 -54.74,-150.06 -51.72,-150.00"/>
    </edge>
    <edge id=":gneJ28_3" function="internal" bidi=":gneJ28_0">
        <lane id=":gneJ28_3_0" index="0" allow="rail" speed="13.89" length="10.32" shape="-61.99,-149.68 -59.07,-149.80 -57.12,-149.12 -55.25,-147.88 -52.60,-146.30"/>
    </edge>
    <edge id=":gneJ29_0" function="internal" bidi=":gneJ29_3">
        <lane id=":gneJ29_0_0" index="0" allow="rail" speed="13.89" length="13.13" shape="371.76,-150.00 368.36,-149.66 365.40,-148.80 362.48,-147.64 359.22,-146.41"/>
    </edge>
    <edge id=":gneJ29_1" function="internal" bidi=":gneJ29_2">
        <lane id=":gneJ29_1_0" index="0" allow="rail" speed="13.89" length="13.12" shape="371.76,-150.00 358.64,-150.00"/>
    </edge>
    <edge id=":gneJ29_2" function="internal" bidi=":gneJ29_1">
        <lane id=":gneJ29_2_0" index="0" allow="rail" speed="13.89" length="13.12" shape="358.64,-150.00 371.76,-150.00"/>
    </edge>
    <edge id=":gneJ29_3" function="internal" bidi=":gneJ29_0">
        <lane id=":gneJ29_3_0" index="0" allow="rail" speed="13.89" length="13.13" shape="359.22,-146.41 362.48,-147.64 365.40,-148.80 368.36,-149.66 371.76,-150.00"/>
    </edge>
    <edge id=":gneJ3_0" function="internal" bidi=":gneJ3_1">
        <lane id=":gneJ3_0_0" index="0" allow="rail" speed="13.89" length="0.10" shape="-200.00,100.00 -200.00,100.00"/>
    </edge>
    <edge id=":gneJ3_1" function="internal" bidi=":gneJ3_0">
        <lane id=":gneJ3_1_0" index="0" allow="rail" speed="13.89" length="0.10" shape="-200.00,100.00 -200.00,100.00"/>
    </edge>
    <edge id=":gneJ30_0" function="internal" bidi=":gneJ30_3">
        <lane id=":gneJ30_0_0" index="0" allow="rail" speed="13.89" length="6.93" shape="-18.12,-130.00 -20.15,-129.88 -21.50,-129.54 -22.81,-128.95 -24.70,-128.12"/>
    </edge>
    <edge id=":gneJ30_1" function="internal" bidi=":gneJ30_2">
        <lane id=":gneJ30_1_0" index="0" allow="rail" speed="13.89" length="6.92" shape="-18.12,-130.00 -20.13,-130.14 -21.46,-130.56 -22.72,-131.27 -24.53,-132.26"/>
    </edge>
    <edge id=":gneJ30_2" function="internal" bidi=":gneJ30_1">
        <lane id=":gneJ30_2_0" index="0" allow="rail" speed="13.89" length="6.92" shape="-24.53,-132.26 -22.72,-131.27 -21.46,-130.56 -20.13,-130.14 -18.12,-130.00"/>
    </edge>
    <edge id=":gneJ30_3" function="internal" bidi=":gneJ30_0">
        <lane id=":gneJ30_3_0" index="0" allow="rail" speed="13.89" length="6.93" shape="-24.70,-128.12 -22.81,-128.95 -21.50,-129.54 -20.15,-129.88 -18.12,-130.00"/>
    </edge>
    <edge id=":gneJ31_0" function="internal" bidi=":gneJ31_1">
        <lane id=":gneJ31_0_0" index="0" allow="rail" speed="13.89" length="0.52" shape="310.25,-130.08 310.10,-130.04 310.00,-130.01 309.89,-130.00 309.74,-130.00"/>
    </edge>
    <edge id=":gneJ31_1" function="internal" bidi=":gneJ31_0">
        <lane id=":gneJ31_1_0" index="0" allow="rail" speed="13.89" length="0.52" shape="309.74,-130.00 309.89,-130.00 310.00,-130.01 310.10,-130.04 310.25,-130.08"/>
    </edge>
    <edge id=":gneJ32_0" function="internal" bidi=":gneJ32_1">
        <lane id=":gneJ32_0_0" index="0" allow="rail" speed="13.89" length="0.10" shape="310.23,-150.00 310.23,-150.00"/>
    </edge>
    <edge id=":gneJ32_1" function="internal" bidi=":gneJ32_0">
        <lane id=":gneJ32_1_0" index="0" allow="rail" speed="13.89" length="0.10" shape="310.23,-150.00 310.23,-150.00"/>
    </edge>
    <edge id=":gneJ32_2" function="internal">
        <lane id=":gneJ32_2_0" index="0" allow="rail" speed="13.89" length="0.10" shape="310.23,-150.00 310.23,-150.00"/>
    </edge>
    <edge id=":gneJ33_0" function="internal" bidi=":gneJ33_2">
        <lane id=":gneJ33_0_0" index="0" allow="rail" speed="13.89" length="0.10" shape="-20.18,-150.00 -20.18,-150.00"/>
    </edge>
    <edge id=":gneJ33_1" function="internal">
        <lane id=":gneJ33_1_0" index="0" allow="rail" speed="13.89" length="0.10" shape="-20.18,-150.00 -20.18,-150.00"/>
    </edge>
    <edge id=":gneJ33_2" function="internal" bidi=":gneJ33_0">
        <lane id=":gneJ33_2_0" index="0" allow="rail" speed="13.89" length="0.10" shape="-20.18,-150.00 -20.18,-150.00"/>
    </edge>
    <edge id=":gneJ34_0" function="internal" bidi=":gneJ34_1">
        <lane id=":gneJ34_0_0" index="0" allow="rail" speed="13.89" length="0.10" shape="40.38,-150.00 40.38,-150.00"/>
    </edge>
    <edge id=":gneJ34_1" function="internal" bidi=":gneJ34_0">
        <lane id=":gneJ34_1_0" index="0" allow="rail" speed="13.89" length="0.10" shape="40.38,-150.00 40.38,-150.00"/>
    </edge>
    <edge id=":gneJ35_0" function="internal" bidi=":gneJ35_1">
        <lane id=":gneJ35_0_0" index="0" allow="rail" speed="13.89" length="0.10" shape="249.89,-150.00 249.89,-150.00"/>
    </edge>
    <edge id=":gneJ35_1" function="internal" bidi=":gneJ35_0">
        <lane id=":gneJ35_1_0" index="0" allow="rail" speed="13.89" length="0.10" shape="249.89,-150.00 249.89,-150.00"/>
    </edge>
    <edge id=":gneJ4_0" function="internal" bidi=":gneJ4_1">
        <lane id=":gneJ4_0_0" index="0" allow="rail" speed="13.89" length="0.10" shape="-200.00,0.00 -200.00,0.00"/>
    </edge>
    <edge id=":gneJ4_1" function="internal" bidi=":gneJ4_0">
        <lane id=":gneJ4_1_0" index="0" allow="rail" speed="13.89" length="0.10" shape="-200.00,0.00 -200.00,0.00"/>
    </edge>
    <edge id=":gneJ7_0" function="internal" bidi=":gneJ7_3">
        <lane id=":gneJ7_0_0" index="0" allow="rail" speed="13.89" length="13.07" shape="-88.64,-100.00 -101.71,-99.90"/>
    </edge>
    <edge id=":gneJ7_1" function="internal" bidi=":gneJ7_2">
        <lane id=":gneJ7_1_0" index="0" allow="rail" speed="13.89" length="13.08" shape="-89.22,-103.59 -92.47,-102.39 -95.37,-101.26 -98.32,-100.38 -101.71,-99.90"/>
    </edge>
    <edge id=":gneJ7_2" function="internal" bidi=":gneJ7_1">
        <lane id=":gneJ7_2_0" index="0" allow="rail" speed="13.89" length="13.08" shape="-101.71,-99.90 -98.32,-100.38 -95.37,-101.26 -92.47,-102.39 -89.22,-103.59"/>
    </edge>
    <edge id=":gneJ7_3" function="internal" bidi=":gneJ7_0">
        <lane id=":gneJ7_3_0" index="0" allow="rail" speed="13.89" length="13.07" shape="-101.71,-99.90 -88.64,-100.00"/>
    </edge>
    <edge id=":gneJ8_0" function="internal" bidi=":gneJ8_1">
        <lane id=":gneJ8_0_0" index="0" allow="rail" speed="13.89" length="0.10" shape="0.00,-100.00 0.00,-100.00"/>
    </edge>
    <edge id=":gneJ8_1" function="internal" bidi=":gneJ8_0">
        <lane id=":gneJ8_1_0" index="0" allow="rail" speed="13.89" length="0.10" shape="0.00,-100.00 0.00,-100.00"/>
    </edge>
    <edge id=":gneJ9_0" function="internal" bidi=":gneJ9_1">
        <lane id=":gneJ9_0_0" index="0" allow="rail" speed="13.89" length="0.10" shape="100.00,-100.00 100.00,-100.00"/>
    </edge>
    <edge id=":gneJ9_1" function="internal" bidi=":gneJ9_0">
        <lane id=":gneJ9_1_0" index="0" allow="rail" speed="13.89" length="0.10" shape="100.00,-100.00 100.00,-100.00"/>
    </edge>

    <edge id="-A1A0" from="A0" to="A1" priority="-1" type="rail" spreadType="center" shape="0.00,0.00 -18.00,10.00 -32.00,20.00 -42.00,30.00 -48.00,40.00 -50.00,50.00 -48.00,60.00 -42.00,70.00 -32.00,80.00 -18.00,90.00 0.00,100.00" bidi="A1A0">
        <lane id="-A1A0_0" index="0" allow="rail" speed="13.89" length="137.17" shape="-7.44,4.13 -18.00,10.00 -32.00,20.00 -42.00,30.00 -48.00,40.00 -50.00,50.00 -48.00,60.00 -42.00,70.00 -32.00,80.00 -18.00,90.00 -1.67,99.07"/>
    </edge>
    <edge id="-gneE0" from="gneJ1" to="D1" priority="-1" type="rail" spreadType="center" bidi="gneE0">
        <lane id="-gneE0_0" index="0" allow="rail" speed="13.89" length="130.70" shape="203.79,196.21 296.21,103.79"/>
    </edge>
    <edge id="-gneE1" from="gneJ2" to="gneJ1" priority="-1" type="rail" spreadType="center" bidi="gneE1">
        <lane id="-gneE1_0" index="0" allow="rail" speed="13.89" length="297.84" shape="-100.00,200.00 197.84,200.00"/>
    </edge>
    <edge id="-gneE10" from="C0" to="gneJ10" priority="-1" type="rail" spreadType="center" shape="200.00,0.00 218.00,-10.00 232.00,-20.00 242.00,-30.00 248.00,-40.00 250.00,-50.00 248.00,-60.00 242.00,-70.00 232.00,-80.00 218.00,-90.00 200.00,-100.00" bidi="gneE10">
        <lane id="-gneE10_0" index="0" allow="rail" speed="13.89" length="139.51" shape="206.71,-3.73 218.00,-10.00 232.00,-20.00 242.00,-30.00 248.00,-40.00 250.00,-50.00 248.00,-60.00 242.00,-70.00 232.00,-80.00 218.00,-90.00 200.36,-99.80"/>
    </edge>
    <edge id="-gneE12" from="gneJ12" to="D0" priority="-1" type="rail" spreadType="center" bidi="gneE12">
        <lane id="-gneE12_0" index="0" allow="rail" speed="13.89" length="130.64" shape="396.17,-96.17 303.79,-3.79"/>
    </edge>
    <edge id="-gneE14" from="gneJ14" to="gneJ26" priority="-1" type="rail" spreadType="center" shape="600.00,-100.00 584.62,-114.20 569.23,-126.04 553.85,-135.50 538.46,-142.60 523.08,-147.34 507.69,-149.70 492.31,-149.70" bidi="gneE13.107">
        <lane id="-gneE14_0" index="0" allow="rail" speed="13.89" length="120.78" shape="600.00,-100.00 584.62,-114.20 569.23,-126.04 553.85,-135.50 538.46,-142.60 523.08,-147.34 507.69,-149.70 493.93,-149.70"/>
    </edge>
    <edge id="-gneE14.122" from="gneJ26" to="gneJ12" priority="-1" type="rail" spreadType="center" shape="492.31,-149.70 476.92,-147.34 461.54,-142.60 446.15,-135.50 430.77,-126.04 415.38,-114.20 400.00,-100.00" bidi="gneE13">
        <lane id="-gneE14.122_0" index="0" allow="rail" speed="13.89" length="85.06" shape="472.91,-146.10 461.54,-142.60 446.15,-135.50 430.77,-126.04 415.38,-114.20 401.61,-101.49"/>
    </edge>
    <edge id="-gneE16" from="gneJ16" to="gneJ14" priority="-1" type="rail" spreadType="center" shape="600.00,100.00 614.20,84.62 626.04,69.23 635.50,53.85 642.60,38.46 647.34,23.08 649.70,7.69 649.70,-7.69 647.34,-23.08 642.60,-38.46 635.50,-53.85 626.04,-69.23 614.20,-84.62 600.00,-100.00" bidi="gneE15">
        <lane id="-gneE16_0" index="0" allow="rail" speed="13.89" length="229.42" shape="600.00,100.00 614.20,84.62 626.04,69.23 635.50,53.85 642.60,38.46 647.34,23.08 649.70,7.69 649.70,-7.69 647.34,-23.08 642.60,-38.46 635.50,-53.85 626.04,-69.23 614.20,-84.62 600.00,-100.00"/>
    </edge>
    <edge id="-gneE18" from="gneJ18" to="gneJ16" priority="-1" type="rail" spreadType="center" shape="400.00,200.00 418.18,199.17 436.36,196.69 454.55,192.56 472.73,186.78 490.91,179.34 509.09,170.25 527.27,159.50 545.45,147.11 563.64,133.06 581.82,117.36 600.00,100.00" bidi="gneE17">
        <lane id="-gneE18_0" index="0" allow="rail" speed="13.89" length="229.51" shape="400.00,200.00 418.18,199.17 436.36,196.69 454.55,192.56 472.73,186.78 490.91,179.34 509.09,170.25 527.27,159.50 545.45,147.11 563.64,133.06 581.82,117.36 600.00,100.00"/>
    </edge>
    <edge id="-gneE19" from="gneJ19" to="gneJ18" priority="-1" type="rail" spreadType="center" bidi="gneE19">
        <lane id="-gneE19_0" index="0" allow="rail" speed="13.89" length="100.00" shape="300.00,200.00 400.00,200.00"/>
    </edge>
    <edge id="-gneE2" from="gneJ3" to="gneJ2" priority="-1" type="rail" spreadType="center" shape="-200.00,100.00 -198.77,120.99 -195.06,139.51 -188.89,155.56 -180.25,169.14 -169.14,180.25 -155.56,188.89 -139.51,195.06 -120.99,198.77 -100.00,200.00" bidi="gneE2">
        <lane id="-gneE2_0" index="0" allow="rail" speed="13.89" length="162.12" shape="-200.00,100.00 -198.77,120.99 -195.06,139.51 -188.89,155.56 -180.25,169.14 -169.14,180.25 -155.56,188.89 -139.51,195.06 -120.99,198.77 -100.00,200.00"/>
    </edge>
    <edge id="-gneE20" from="gneJ1" to="gneJ19" priority="-1" type="rail" spreadType="center" bidi="gneE20">
        <lane id="-gneE20_0" index="0" allow="rail" speed="13.89" length="94.64" shape="205.36,200.00 300.00,200.00"/>
    </edge>
    <edge id="-gneE24" from="A0" to="A1" priority="-1" type="rail" spreadType="center" shape="0.00,0.00 -20.99,1.23 -39.51,4.94 -55.56,11.11 -69.14,19.75 -80.25,30.86 -88.89,44.44 -95.06,60.49 -98.77,79.01 -100.00,100.00 -98.45,120.77 -93.61,138.80 -85.48,154.10 -74.06,166.66 -59.35,176.49 -41.34,183.58 -20.05,187.94 4.54,189.56 23.45,189.18 39.96,188.18 54.08,186.58 65.80,184.36 75.12,181.54 82.05,178.10 86.57,174.06 88.70,169.40 88.44,164.13 85.77,158.25 80.71,151.76 73.25,144.66 63.40,136.95 51.14,128.63 36.49,119.70 19.44,110.15 0.00,100.00" bidi="gneE28">
        <lane id="-gneE24_0" index="0" allow="rail" speed="13.89" length="509.28" shape="-8.50,0.50 -20.99,1.23 -39.51,4.94 -55.56,11.11 -69.14,19.75 -80.25,30.86 -88.89,44.44 -95.06,60.49 -98.77,79.01 -100.00,100.00 -98.45,120.77 -93.61,138.80 -85.48,154.10 -74.06,166.66 -59.35,176.49 -41.34,183.58 -20.05,187.94 4.54,189.56 23.45,189.18 39.96,188.18 54.08,186.58 65.80,184.36 75.12,181.54 82.05,178.10 86.57,174.06 88.70,169.40 88.44,164.13 85.77,158.25 80.71,151.76 73.25,144.66 63.40,136.95 51.14,128.63 36.49,119.70 19.44,110.15 7.11,103.71"/>
    </edge>
    <edge id="-gneE3" from="gneJ4" to="gneJ3" priority="-1" type="rail" spreadType="center" bidi="gneE3">
        <lane id="-gneE3_0" index="0" allow="rail" speed="13.89" length="100.00" shape="-200.00,0.00 -200.00,100.00"/>
    </edge>
    <edge id="-gneE32" from="gneJ12" to="F0" priority="-1" type="rail" spreadType="center" shape="400.00,-100.00 399.84,-82.72 404.49,-66.44 413.96,-51.15 428.24,-36.87 447.35,-23.58 471.27,-11.29 500.00,0.00" bidi="gneE31">
        <lane id="-gneE32_0" index="0" allow="rail" speed="13.89" length="138.07" shape="399.95,-94.59 399.84,-82.72 404.49,-66.44 413.96,-51.15 428.24,-36.87 447.35,-23.58 471.27,-11.29 490.74,-3.64"/>
    </edge>
    <edge id="-gneE33" from="gneJ23" to="gneJ21" priority="-1" type="rail" spreadType="center" bidi="gneE33">
        <lane id="-gneE33_0" index="0" allow="rail" speed="13.89" length="60.00" shape="370.00,-110.00 310.00,-110.00"/>
    </edge>
    <edge id="-gneE34" from="gneJ21" to="gneJ22" priority="-1" type="rail" spreadType="center" bidi="gneE32.34">
        <lane id="-gneE34_0" index="0" allow="rail" speed="13.89" length="370.19" shape="310.00,-110.00 -60.19,-110.00"/>
    </edge>
    <edge id="-gneE34.267" from="gneJ22" to="gneJ7" priority="-1" type="rail" spreadType="center" bidi="gneE32">
        <lane id="-gneE34.267_0" index="0" allow="rail" speed="13.89" length="18.50" shape="-71.67,-109.44 -89.22,-103.59"/>
    </edge>
    <edge id="-gneE37" from="gneJ28" to="gneJ25" priority="-1" type="rail" spreadType="center" shape="-60.00,-150.00 -76.58,-147.37 -96.42,-142.42 -115.24,-134.23 -133.03,-122.81 -149.79,-108.16 -165.53,-90.27 -180.25,-69.14" bidi="gneE36">
        <lane id="-gneE37_0" index="0" allow="rail" speed="13.89" length="130.40" shape="-61.99,-149.68 -76.58,-147.37 -96.42,-142.42 -115.24,-134.23 -133.03,-122.81 -149.79,-108.16 -165.53,-90.27 -169.77,-84.18"/>
    </edge>
    <edge id="-gneE38" from="gneJ29" to="gneJ32" priority="-1" type="rail" spreadType="center" bidi="gneE38.370">
        <lane id="-gneE38_0" index="0" allow="rail" speed="13.89" length="48.41" shape="358.64,-150.00 310.23,-150.00"/>
    </edge>
    <edge id="-gneE38.119" from="gneJ35" to="gneJ34" priority="-1" type="rail" spreadType="center" bidi="gneE38.99">
        <lane id="-gneE38.119_0" index="0" allow="rail" speed="13.89" length="209.51" shape="249.89,-150.00 40.38,-150.00"/>
    </edge>
    <edge id="-gneE38.328" from="gneJ34" to="gneJ33" priority="-1" type="rail" spreadType="center" bidi="gneE38.39">
        <lane id="-gneE38.328_0" index="0" allow="rail" speed="13.89" length="60.56" shape="40.38,-150.00 -20.18,-150.00"/>
    </edge>
    <edge id="-gneE38.389" from="gneJ33" to="gneJ28" priority="-1" type="rail" spreadType="center" bidi="gneE38">
        <lane id="-gneE38.389_0" index="0" allow="rail" speed="13.89" length="31.54" shape="-20.18,-150.00 -51.72,-150.00"/>
    </edge>
    <edge id="-gneE38.59" from="gneJ32" to="gneJ35" priority="-1" type="rail" spreadType="center" bidi="gneE38.308">
        <lane id="-gneE38.59_0" index="0" allow="rail" speed="13.89" length="60.34" shape="310.23,-150.00 249.89,-150.00"/>
    </edge>
    <edge id="-gneE39" from="gneJ26" to="gneJ29" priority="-1" type="rail" spreadType="center" bidi="gneE39">
        <lane id="-gneE39_0" index="0" allow="rail" speed="13.89" length="100.84" shape="472.60,-149.75 371.76,-150.00"/>
    </edge>
    <edge id="-gneE40" from="gneJ30" to="gneJ28" priority="-1" type="rail" spreadType="center" bidi="gneE40">
        <lane id="-gneE40_0" index="0" allow="rail" speed="13.89" length="31.38" shape="-24.53,-132.26 -52.60,-146.30"/>
    </edge>
    <edge id="-gneE41" from="gneJ31" to="gneJ30" priority="-1" type="rail" spreadType="center" bidi="gneE41">
        <lane id="-gneE41_0" index="0" allow="rail" speed="13.89" length="327.86" shape="309.74,-130.00 -18.12,-130.00"/>
    </edge>
    <edge id="-gneE42" from="gneJ29" to="gneJ31" priority="-1" type="rail" spreadType="center" bidi="gneE42">
        <lane id="-gneE42_0" index="0" allow="rail" speed="13.89" length="51.63" shape="359.22,-146.41 310.25,-130.08"/>
    </edge>
    <edge id="-gneE43" from="gneJ30" to="gneJ22" priority="-1" type="rail" spreadType="center" bidi="gneE43">
        <lane id="-gneE43_0" index="0" allow="rail" speed="13.89" length="38.98" shape="-24.70,-128.12 -60.89,-113.64"/>
    </edge>
    <edge id="-gneE6" from="gneJ7" to="gneJ25" priority="-1" type="rail" spreadType="center" shape="-100.00,-100.00 -120.99,-98.77 -139.51,-95.06 -155.56,-88.89 -169.14,-80.25 -180.25,-69.14" bidi="gneE6.73">
        <lane id="-gneE6_0" index="0" allow="rail" speed="13.89" length="68.83" shape="-101.71,-99.90 -120.99,-98.77 -139.51,-95.06 -155.56,-88.89 -166.90,-81.68"/>
    </edge>
    <edge id="-gneE6.88" from="gneJ25" to="gneJ4" priority="-1" type="rail" spreadType="center" shape="-180.25,-69.14 -188.89,-55.56 -195.06,-39.51 -198.77,-20.99 -200.00,0.00" bidi="gneE6">
        <lane id="-gneE6.88_0" index="0" allow="rail" speed="13.89" length="71.53" shape="-181.15,-67.73 -188.89,-55.56 -195.06,-39.51 -198.77,-20.99 -200.00,0.00"/>
    </edge>
    <edge id="-gneE7" from="gneJ8" to="gneJ7" priority="-1" type="rail" spreadType="center" bidi="gneE7">
        <lane id="-gneE7_0" index="0" allow="rail" speed="13.89" length="88.64" shape="0.00,-100.00 -88.64,-100.00"/>
    </edge>
    <edge id="-gneE8" from="gneJ9" to="gneJ8" priority="-1" type="rail" spreadType="center" bidi="gneE8">
        <lane id="-gneE8_0" index="0" allow="rail" speed="13.89" length="100.00" shape="100.00,-100.00 0.00,-100.00"/>
    </edge>
    <edge id="-gneE9" from="gneJ10" to="gneJ9" priority="-1" type="rail" spreadType="center" bidi="gneE9">
        <lane id="-gneE9_0" index="0" allow="rail" speed="13.89" length="99.59" shape="199.59,-100.00 100.00,-100.00"/>
    </edge>
    <edge id="A0B0" from="A0" to="B0" priority="-1" type="rail" spreadType="center" bidi="B0A0">
        <lane id="A0B0_0" index="0" allow="rail" speed="13.89" length="90.41" shape="1.91,0.00 92.33,0.00"/>
    </edge>
    <edge id="A1A0" from="A1" to="A0" priority="-1" type="rail" spreadType="center" shape="0.00,100.00 -18.00,90.00 -32.00,80.00 -42.00,70.00 -48.00,60.00 -50.00,50.00 -48.00,40.00 -42.00,30.00 -32.00,20.00 -18.00,10.00 0.00,0.00" bidi="-A1A0">
        <lane id="A1A0_0" index="0" allow="rail" speed="13.89" length="137.17" shape="-1.67,99.07 -18.00,90.00 -32.00,80.00 -42.00,70.00 -48.00,60.00 -50.00,50.00 -48.00,40.00 -42.00,30.00 -32.00,20.00 -18.00,10.00 -7.44,4.13"/>
    </edge>
    <edge id="A1B1" from="A1" to="B1" priority="-1" type="rail" spreadType="center" bidi="B1A1">
        <lane id="A1B1_0" index="0" allow="rail" speed="13.89" length="84.30" shape="8.02,100.00 92.33,100.00"/>
    </edge>
    <edge id="B0A0" from="B0" to="A0" priority="-1" type="rail" spreadType="center" bidi="A0B0">
        <lane id="B0A0_0" index="0" allow="rail" speed="13.89" length="90.41" shape="92.33,0.00 1.91,0.00"/>
    </edge>
    <edge id="B0B1" from="B0" to="B1" priority="-1" type="rail" spreadType="center" shape="100.00,0.00 82.00,10.00 68.00,20.00 58.00,30.00 52.00,40.00 50.00,50.00 52.00,60.00 58.00,70.00 68.00,80.00 82.00,90.00 100.00,100.00" bidi="B1B0">
        <lane id="B0B1_0" index="0" allow="rail" speed="13.89" length="132.25" shape="93.29,3.73 82.00,10.00 68.00,20.00 58.00,30.00 52.00,40.00 50.00,50.00 52.00,60.00 58.00,70.00 68.00,80.00 82.00,90.00 93.29,96.27"/>
    </edge>
    <edge id="B0C0" from="B0" to="C0" priority="-1" type="rail" spreadType="center" bidi="C0B0">
        <lane id="B0C0_0" index="0" allow="rail" speed="13.89" length="96.17" shape="101.91,0.00 198.09,0.00"/>
    </edge>
    <edge id="B1A1" from="B1" to="A1" priority="-1" type="rail" spreadType="center" bidi="A1B1">
        <lane id="B1A1_0" index="0" allow="rail" speed="13.89" length="84.30" shape="92.33,100.00 8.02,100.00"/>
    </edge>
    <edge id="B1B0" from="B1" to="B0" priority="-1" type="rail" spreadType="center" shape="100.00,100.00 82.00,90.00 68.00,80.00 58.00,70.00 52.00,60.00 50.00,50.00 52.00,40.00 58.00,30.00 68.00,20.00 82.00,10.00 100.00,0.00" bidi="B0B1">
        <lane id="B1B0_0" index="0" allow="rail" speed="13.89" length="132.25" shape="93.29,96.27 82.00,90.00 68.00,80.00 58.00,70.00 52.00,60.00 50.00,50.00 52.00,40.00 58.00,30.00 68.00,20.00 82.00,10.00 93.29,3.73"/>
    </edge>
    <edge id="B1C1" from="B1" to="C1" priority="-1" type="rail" spreadType="center" bidi="C1B1">
        <lane id="B1C1_0" index="0" allow="rail" speed="13.89" length="98.09" shape="101.91,100.00 200.00,100.00"/>
    </edge>
    <edge id="C0B0" from="C0" to="B0" priority="-1" type="rail" spreadType="center" bidi="B0C0">
        <lane id="C0B0_0" index="0" allow="rail" speed="13.89" length="96.17" shape="198.09,0.00 101.91,0.00"/>
    </edge>
    <edge id="C0D0" from="C0" to="D0" priority="-1" type="rail" spreadType="center" bidi="D0C0">
        <lane id="C0D0_0" index="0" allow="rail" speed="13.89" length="90.16" shape="207.67,0.00 297.84,0.00"/>
    </edge>
    <edge id="C1B1" from="C1" to="B1" priority="-1" type="rail" spreadType="center" bidi="B1C1">
        <lane id="C1B1_0" index="0" allow="rail" speed="13.89" length="98.09" shape="200.00,100.00 101.91,100.00"/>
    </edge>
    <edge id="C1D1" from="C1" to="D1" priority="-1" type="rail" spreadType="center" bidi="D1C1">
        <lane id="C1D1_0" index="0" allow="rail" speed="13.89" length="94.64" shape="200.00,100.00 294.64,100.00"/>
    </edge>
    <edge id="D0C0" from="D0" to="C0" priority="-1" type="rail" spreadType="center" bidi="C0D0">
        <lane id="D0C0_0" index="0" allow="rail" speed="13.89" length="90.16" shape="297.84,0.00 207.67,0.00"/>
    </edge>
    <edge id="D0E0" from="D0" to="E0" priority="-1" type="rail" spreadType="center" bidi="E0D0">
        <lane id="D0E0_0" index="0" allow="rail" speed="13.89" length="92.72" shape="305.36,0.00 398.09,0.00"/>
    </edge>
    <edge id="D1C1" from="D1" to="C1" priority="-1" type="rail" spreadType="center" bidi="C1D1">
        <lane id="D1C1_0" index="0" allow="rail" speed="13.89" length="94.64" shape="294.64,100.00 200.00,100.00"/>
    </edge>
    <edge id="D1E1" from="D1" to="E1" priority="-1" type="rail" spreadType="center" bidi="E1D1">
        <lane id="D1E1_0" index="0" allow="rail" speed="13.89" length="95.92" shape="302.16,100.00 398.09,100.00"/>
    </edge>
    <edge id="E0D0" from="E0" to="D0" priority="-1" type="rail" spreadType="center" bidi="D0E0">
        <lane id="E0D0_0" index="0" allow="rail" speed="13.89" length="92.72" shape="398.09,0.00 305.36,0.00"/>
    </edge>
    <edge id="E0E1" from="E0" to="E1" priority="-1" type="rail" spreadType="center" shape="400.00,0.00 418.00,10.00 432.00,20.00 442.00,30.00 448.00,40.00 450.00,50.00 448.00,60.00 442.00,70.00 432.00,80.00 418.00,90.00 400.00,100.00" bidi="E1E0">
        <lane id="E0E1_0" index="0" allow="rail" speed="13.89" length="132.25" shape="406.71,3.73 418.00,10.00 432.00,20.00 442.00,30.00 448.00,40.00 450.00,50.00 448.00,60.00 442.00,70.00 432.00,80.00 418.00,90.00 406.71,96.27"/>
    </edge>
    <edge id="E0F0" from="E0" to="F0" priority="-1" type="rail" spreadType="center" bidi="F0E0">
        <lane id="E0F0_0" index="0" allow="rail" speed="13.89" length="82.38" shape="407.67,0.00 490.05,0.00"/>
    </edge>
    <edge id="E1D1" from="E1" to="D1" priority="-1" type="rail" spreadType="center" bidi="D1E1">
        <lane id="E1D1_0" index="0" allow="rail" speed="13.89" length="95.92" shape="398.09,100.00 302.16,100.00"/>
    </edge>
    <edge id="E1E0" from="E1" to="E0" priority="-1" type="rail" spreadType="center" shape="400.00,100.00 418.00,90.00 432.00,80.00 442.00,70.00 448.00,60.00 450.00,50.00 448.00,40.00 442.00,30.00 432.00,20.00 418.00,10.00 400.00,0.00" bidi="E0E1">
        <lane id="E1E0_0" index="0" allow="rail" speed="13.89" length="132.25" shape="406.71,96.27 418.00,90.00 432.00,80.00 442.00,70.00 448.00,60.00 450.00,50.00 448.00,40.00 442.00,30.00 432.00,20.00 418.00,10.00 406.71,3.73"/>
    </edge>
    <edge id="E1F1" from="E1" to="F1" priority="-1" type="rail" spreadType="center" bidi="F1E1">
        <lane id="E1F1_0" index="0" allow="rail" speed="13.89" length="91.91" shape="407.67,100.00 499.59,100.00"/>
    </edge>
    <edge id="F0E0" from="F0" to="E0" priority="-1" type="rail" spreadType="center" bidi="E0F0">
        <lane id="F0E0_0" index="0" allow="rail" speed="13.89" length="82.38" shape="490.05,0.00 407.67,0.00"/>
    </edge>
    <edge id="F0F1" from="F0" to="F1" priority="-1" type="rail" spreadType="center" shape="500.00,0.00 518.00,10.00 532.00,20.00 542.00,30.00 548.00,40.00 550.00,50.00 548.00,60.00 542.00,70.00 532.00,80.00 518.00,90.00 500.00,100.00" bidi="F1F0">
        <lane id="F0F1_0" index="0" allow="rail" speed="13.89" length="145.27" shape="501.67,0.93 518.00,10.00 532.00,20.00 542.00,30.00 548.00,40.00 550.00,50.00 548.00,60.00 542.00,70.00 532.00,80.00 518.00,90.00 500.36,99.80"/>
    </edge>
    <edge id="F1E1" from="F1" to="E1" priority="-1" type="rail" spreadType="center" bidi="E1F1">
        <lane id="F1E1_0" index="0" allow="rail" speed="13.89" length="91.91" shape="499.59,100.00 407.67,100.00"/>
    </edge>
    <edge id="F1F0" from="F1" to="F0" priority="-1" type="rail" spreadType="center" shape="500.00,100.00 518.00,90.00 532.00,80.00 542.00,70.00 548.00,60.00 550.00,50.00 548.00,40.00 542.00,30.00 532.00,20.00 518.00,10.00 500.00,0.00" bidi="F0F1">
        <lane id="F1F0_0" index="0" allow="rail" speed="13.89" length="145.27" shape="500.36,99.80 518.00,90.00 532.00,80.00 542.00,70.00 548.00,60.00 550.00,50.00 548.00,40.00 542.00,30.00 532.00,20.00 518.00,10.00 501.67,0.93"/>
    </edge>
    <edge id="gneE0" from="D1" to="gneJ1" priority="-1" type="rail" spreadType="center" bidi="-gneE0">
        <lane id="gneE0_0" index="0" allow="rail" speed="13.89" length="130.70" shape="296.21,103.79 203.79,196.21"/>
    </edge>
    <edge id="gneE1" from="gneJ1" to="gneJ2" priority="-1" type="rail" spreadType="center" bidi="-gneE1">
        <lane id="gneE1_0" index="0" allow="rail" speed="13.89" length="297.84" shape="197.84,200.00 -100.00,200.00"/>
    </edge>
    <edge id="gneE10" from="gneJ10" to="C0" priority="-1" type="rail" spreadType="center" shape="200.00,-100.00 218.00,-90.00 232.00,-80.00 242.00,-70.00 248.00,-60.00 250.00,-50.00 248.00,-40.00 242.00,-30.00 232.00,-20.00 218.00,-10.00 200.00,0.00" bidi="-gneE10">
        <lane id="gneE10_0" index="0" allow="rail" speed="13.89" length="139.51" shape="200.36,-99.80 218.00,-90.00 232.00,-80.00 242.00,-70.00 248.00,-60.00 250.00,-50.00 248.00,-40.00 242.00,-30.00 232.00,-20.00 218.00,-10.00 206.71,-3.73"/>
    </edge>
    <edge id="gneE12" from="D0" to="gneJ12" priority="-1" type="rail" spreadType="center" bidi="-gneE12">
        <lane id="gneE12_0" index="0" allow="rail" speed="13.89" length="130.64" shape="303.79,-3.79 396.17,-96.17"/>
    </edge>
    <edge id="gneE13" from="gneJ12" to="gneJ26" priority="-1" type="rail" spreadType="center" shape="400.00,-100.00 415.38,-114.20 430.77,-126.04 446.15,-135.50 461.54,-142.60 476.92,-147.34 492.31,-149.70" bidi="-gneE14.122">
        <lane id="gneE13_0" index="0" allow="rail" speed="13.89" length="85.06" shape="401.61,-101.49 415.38,-114.20 430.77,-126.04 446.15,-135.50 461.54,-142.60 472.91,-146.10"/>
    </edge>
    <edge id="gneE13.107" from="gneJ26" to="gneJ14" priority="-1" type="rail" spreadType="center" shape="492.31,-149.70 507.69,-149.70 523.08,-147.34 538.46,-142.60 553.85,-135.50 569.23,-126.04 584.62,-114.20 600.00,-100.00" bidi="-gneE14">
        <lane id="gneE13.107_0" index="0" allow="rail" speed="13.89" length="120.78" shape="493.93,-149.70 507.69,-149.70 523.08,-147.34 538.46,-142.60 553.85,-135.50 569.23,-126.04 584.62,-114.20 600.00,-100.00"/>
    </edge>
    <edge id="gneE15" from="gneJ14" to="gneJ16" priority="-1" type="rail" spreadType="center" shape="600.00,-100.00 614.20,-84.62 626.04,-69.23 635.50,-53.85 642.60,-38.46 647.34,-23.08 649.70,-7.69 649.70,7.69 647.34,23.08 642.60,38.46 635.50,53.85 626.04,69.23 614.20,84.62 600.00,100.00" bidi="-gneE16">
        <lane id="gneE15_0" index="0" allow="rail" speed="13.89" length="229.42" shape="600.00,-100.00 614.20,-84.62 626.04,-69.23 635.50,-53.85 642.60,-38.46 647.34,-23.08 649.70,-7.69 649.70,7.69 647.34,23.08 642.60,38.46 635.50,53.85 626.04,69.23 614.20,84.62 600.00,100.00"/>
    </edge>
    <edge id="gneE17" from="gneJ16" to="gneJ18" priority="-1" type="rail" spreadType="center" shape="600.00,100.00 581.82,117.36 563.64,133.06 545.45,147.11 527.27,159.50 509.09,170.25 490.91,179.34 472.73,186.78 454.55,192.56 436.36,196.69 418.18,199.17 400.00,200.00" bidi="-gneE18">
        <lane id="gneE17_0" index="0" allow="rail" speed="13.89" length="229.51" shape="600.00,100.00 581.82,117.36 563.64,133.06 545.45,147.11 527.27,159.50 509.09,170.25 490.91,179.34 472.73,186.78 454.55,192.56 436.36,196.69 418.18,199.17 400.00,200.00"/>
    </edge>
    <edge id="gneE19" from="gneJ18" to="gneJ19" priority="-1" type="rail" spreadType="center" bidi="-gneE19">
        <lane id="gneE19_0" index="0" allow="rail" speed="13.89" length="100.00" shape="400.00,200.00 300.00,200.00"/>
    </edge>
    <edge id="gneE2" from="gneJ2" to="gneJ3" priority="-1" type="rail" spreadType="center" shape="-100.00,200.00 -120.99,198.77 -139.51,195.06 -155.56,188.89 -169.14,180.25 -180.25,169.14 -188.89,155.56 -195.06,139.51 -198.77,120.99 -200.00,100.00" bidi="-gneE2">
        <lane id="gneE2_0" index="0" allow="rail" speed="13.89" length="162.12" shape="-100.00,200.00 -120.99,198.77 -139.51,195.06 -155.56,188.89 -169.14,180.25 -180.25,169.14 -188.89,155.56 -195.06,139.51 -198.77,120.99 -200.00,100.00"/>
    </edge>
    <edge id="gneE20" from="gneJ19" to="gneJ1" priority="-1" type="rail" spreadType="center" bidi="-gneE20">
        <lane id="gneE20_0" index="0" allow="rail" speed="13.89" length="94.64" shape="300.00,200.00 205.36,200.00"/>
    </edge>
    <edge id="gneE28" from="A1" to="A0" priority="-1" type="rail" spreadType="center" shape="0.00,100.00 19.44,110.15 36.49,119.70 51.14,128.63 63.40,136.95 73.25,144.66 80.71,151.76 85.77,158.25 88.44,164.13 88.70,169.40 86.57,174.06 82.05,178.10 75.12,181.54 65.80,184.36 54.08,186.58 39.96,188.18 23.45,189.18 4.54,189.56 -20.05,187.94 -41.34,183.58 -59.35,176.49 -74.06,166.66 -85.48,154.10 -93.61,138.80 -98.45,120.77 -100.00,100.00 -98.77,79.01 -95.06,60.49 -88.89,44.44 -80.25,30.86 -69.14,19.75 -55.56,11.11 -39.51,4.94 -20.99,1.23 0.00,0.00" bidi="-gneE24">
        <lane id="gneE28_0" index="0" allow="rail" speed="13.89" length="509.28" shape="7.11,103.71 19.44,110.15 36.49,119.70 51.14,128.63 63.40,136.95 73.25,144.66 80.71,151.76 85.77,158.25 88.44,164.13 88.70,169.40 86.57,174.06 82.05,178.10 75.12,181.54 65.80,184.36 54.08,186.58 39.96,188.18 23.45,189.18 4.54,189.56 -20.05,187.94 -41.34,183.58 -59.35,176.49 -74.06,166.66 -85.48,154.10 -93.61,138.80 -98.45,120.77 -100.00,100.00 -98.77,79.01 -95.06,60.49 -88.89,44.44 -80.25,30.86 -69.14,19.75 -55.56,11.11 -39.51,4.94 -20.99,1.23 -8.50,0.50"/>
    </edge>
    <edge id="gneE3" from="gneJ3" to="gneJ4" priority="-1" type="rail" spreadType="center" bidi="-gneE3">
        <lane id="gneE3_0" index="0" allow="rail" speed="13.89" length="100.00" shape="-200.00,100.00 -200.00,0.00"/>
    </edge>
    <edge id="gneE31" from="F0" to="gneJ12" priority="-1" type="rail" spreadType="center" shape="500.00,0.00 471.27,-11.29 447.35,-23.58 428.24,-36.87 413.96,-51.15 404.49,-66.44 399.84,-82.72 400.00,-100.00" bidi="-gneE32">
        <lane id="gneE31_0" index="0" allow="rail" speed="13.89" length="138.07" shape="490.74,-3.64 471.27,-11.29 447.35,-23.58 428.24,-36.87 413.96,-51.15 404.49,-66.44 399.84,-82.72 399.95,-94.59"/>
    </edge>
    <edge id="gneE32" from="gneJ7" to="gneJ22" priority="-1" type="rail" spreadType="center" bidi="-gneE34.267">
        <lane id="gneE32_0" index="0" allow="rail" speed="13.89" length="18.50" shape="-89.22,-103.59 -71.67,-109.44"/>
    </edge>
    <edge id="gneE32.34" from="gneJ22" to="gneJ21" priority="-1" type="rail" spreadType="center" bidi="-gneE34">
        <lane id="gneE32.34_0" index="0" allow="rail" speed="13.89" length="370.19" shape="-60.19,-110.00 310.00,-110.00"/>
    </edge>
    <edge id="gneE33" from="gneJ21" to="gneJ23" priority="-1" type="rail" spreadType="center" bidi="-gneE33">
        <lane id="gneE33_0" index="0" allow="rail" speed="13.89" length="60.00" shape="310.00,-110.00 370.00,-110.00"/>
    </edge>
    <edge id="gneE36" from="gneJ25" to="gneJ28" priority="-1" type="rail" spreadType="center" shape="-180.25,-69.14 -165.53,-90.27 -149.79,-108.16 -133.03,-122.81 -115.24,-134.23 -96.42,-142.42 -76.58,-147.37 -60.00,-150.00" bidi="-gneE37">
        <lane id="gneE36_0" index="0" allow="rail" speed="13.89" length="130.40" shape="-169.77,-84.18 -165.53,-90.27 -149.79,-108.16 -133.03,-122.81 -115.24,-134.23 -96.42,-142.42 -76.58,-147.37 -61.99,-149.68"/>
    </edge>
    <edge id="gneE38" from="gneJ28" to="gneJ33" priority="-1" type="rail" spreadType="center" bidi="-gneE38.389">
        <lane id="gneE38_0" index="0" allow="rail" speed="13.89" length="31.54" shape="-51.72,-150.00 -20.18,-150.00"/>
    </edge>
    <edge id="gneE38.308" from="gneJ35" to="gneJ32" priority="-1" type="rail" spreadType="center" bidi="-gneE38.59">
        <lane id="gneE38.308_0" index="0" allow="rail" speed="13.89" length="60.34" shape="249.89,-150.00 310.23,-150.00"/>
    </edge>
    <edge id="gneE38.370" from="gneJ32" to="gneJ29" priority="-1" type="rail" spreadType="center" bidi="-gneE38">
        <lane id="gneE38.370_0" index="0" allow="rail" speed="13.89" length="48.41" shape="310.23,-150.00 358.64,-150.00"/>
    </edge>
    <edge id="gneE38.39" from="gneJ33" to="gneJ34" priority="-1" type="rail" spreadType="center" bidi="-gneE38.328">
        <lane id="gneE38.39_0" index="0" allow="rail" speed="13.89" length="60.56" shape="-20.18,-150.00 40.38,-150.00"/>
    </edge>
    <edge id="gneE38.99" from="gneJ34" to="gneJ35" priority="-1" type="rail" spreadType="center" bidi="-gneE38.119">
        <lane id="gneE38.99_0" index="0" allow="rail" speed="13.89" length="209.51" shape="40.38,-150.00 249.89,-150.00"/>
    </edge>
    <edge id="gneE39" from="gneJ29" to="gneJ26" priority="-1" type="rail" spreadType="center" bidi="-gneE39">
        <lane id="gneE39_0" index="0" allow="rail" speed="13.89" length="100.84" shape="371.76,-150.00 472.60,-149.75"/>
    </edge>
    <edge id="gneE40" from="gneJ28" to="gneJ30" priority="-1" type="rail" spreadType="center" bidi="-gneE40">
        <lane id="gneE40_0" index="0" allow="rail" speed="13.89" length="31.38" shape="-52.60,-146.30 -24.53,-132.26"/>
    </edge>
    <edge id="gneE41" from="gneJ30" to="gneJ31" priority="-1" type="rail" spreadType="center" bidi="-gneE41">
        <lane id="gneE41_0" index="0" allow="rail" speed="13.89" length="327.86" shape="-18.12,-130.00 309.74,-130.00"/>
    </edge>
    <edge id="gneE42" from="gneJ31" to="gneJ29" priority="-1" type="rail" spreadType="center" bidi="-gneE42">
        <lane id="gneE42_0" index="0" allow="rail" speed="13.89" length="51.63" shape="310.25,-130.08 359.22,-146.41"/>
    </edge>
    <edge id="gneE43" from="gneJ22" to="gneJ30" priority="-1" type="rail" spreadType="center" bidi="-gneE43">
        <lane id="gneE43_0" index="0" allow="rail" speed="13.89" length="38.98" shape="-60.89,-113.64 -24.70,-128.12"/>
    </edge>
    <edge id="gneE6" from="gneJ4" to="gneJ25" priority="-1" type="rail" spreadType="center" shape="-200.00,0.00 -198.77,-20.99 -195.06,-39.51 -188.89,-55.56 -180.25,-69.14" bidi="-gneE6.88">
        <lane id="gneE6_0" index="0" allow="rail" speed="13.89" length="71.53" shape="-200.00,0.00 -198.77,-20.99 -195.06,-39.51 -188.89,-55.56 -181.15,-67.73"/>
    </edge>
    <edge id="gneE6.73" from="gneJ25" to="gneJ7" priority="-1" type="rail" spreadType="center" shape="-180.25,-69.14 -169.14,-80.25 -155.56,-88.89 -139.51,-95.06 -120.99,-98.77 -100.00,-100.00" bidi="-gneE6">
        <lane id="gneE6.73_0" index="0" allow="rail" speed="13.89" length="68.83" shape="-166.90,-81.68 -155.56,-88.89 -139.51,-95.06 -120.99,-98.77 -101.71,-99.90"/>
    </edge>
    <edge id="gneE7" from="gneJ7" to="gneJ8" priority="-1" type="rail" spreadType="center" bidi="-gneE7">
        <lane id="gneE7_0" index="0" allow="rail" speed="13.89" length="88.64" shape="-88.64,-100.00 0.00,-100.00"/>
    </edge>
    <edge id="gneE8" from="gneJ8" to="gneJ9" priority="-1" type="rail" spreadType="center" bidi="-gneE8">
        <lane id="gneE8_0" index="0" allow="rail" speed="13.89" length="100.00" shape="0.00,-100.00 100.00,-100.00"/>
    </edge>
    <edge id="gneE9" from="gneJ9" to="gneJ10" priority="-1" type="rail" spreadType="center" bidi="-gneE9">
        <lane id="gneE9_0" index="0" allow="rail" speed="13.89" length="99.59" shape="100.00,-100.00 199.59,-100.00"/>
    </edge>

    <junction id="A0" type="priority" x="0.00" y="0.00" incLanes="B0A0_0 gneE28_0 A1A0_0" intLanes=":A0_0_0 :A0_1_0 :A0_2_0 :A0_3_0" shape="1.91,1.60 1.91,-1.60 -8.59,-1.10 -8.41,2.10 -8.22,2.74 -6.67,5.53 -4.93,4.45 -3.66,3.49 -2.60,2.71 -1.49,2.11 -0.07,1.73">
        <request index="0" response="0000" foes="0000" cont="0"/>
        <request index="1" response="0000" foes="1000" cont="0"/>
        <request index="2" response="0000" foes="1000" cont="0"/>
        <request index="3" response="0110" foes="0110" cont="0"/>
    </junction>
    <junction id="A1" type="priority" x="0.00" y="100.00" incLanes="-gneE24_0 B1A1_0 -A1A0_0" intLanes=":A1_0_0 :A1_1_0 :A1_2_0 :A1_3_0" shape="6.37,105.13 7.85,102.29 8.02,101.60 8.02,98.40 4.59,98.69 3.35,98.85 2.16,98.83 0.81,98.48 -0.90,97.67 -2.45,100.47">
        <request index="0" response="0000" foes="0010" cont="0"/>
        <request index="1" response="1001" foes="1001" cont="0"/>
        <request index="2" response="0000" foes="0000" cont="0"/>
        <request index="3" response="0000" foes="0010" cont="0"/>
    </junction>
    <junction id="B0" type="priority" x="100.00" y="0.00" incLanes="C0B0_0 A0B0_0 B1B0_0" intLanes=":B0_0_0 :B0_1_0 :B0_2_0 :B0_3_0" shape="101.91,1.60 101.91,-1.60 92.33,-1.60 92.33,1.60 92.51,2.33 94.07,5.13 96.82,3.28 97.79,2.58 98.80,2.05 100.10,1.72">
        <request index="0" response="0000" foes="0000" cont="0"/>
        <request index="1" response="0000" foes="1000" cont="0"/>
        <request index="2" response="0000" foes="1000" cont="0"/>
        <request index="3" response="0110" foes="0110" cont="0"/>
    </junction>
    <junction id="B1" type="priority" x="100.00" y="100.00" incLanes="C1B1_0 B0B1_0 A1B1_0" intLanes=":B1_0_0 :B1_1_0 :B1_2_0 :B1_3_0" shape="101.91,101.60 101.91,98.40 98.80,97.95 97.79,97.42 96.82,96.72 95.66,95.86 94.07,94.87 92.51,97.67 92.33,98.40 92.33,101.60">
        <request index="0" response="0000" foes="0000" cont="0"/>
        <request index="1" response="1000" foes="1000" cont="0"/>
        <request index="2" response="1000" foes="1000" cont="0"/>
        <request index="3" response="0000" foes="0110" cont="0"/>
    </junction>
    <junction id="C0" type="priority" x="200.00" y="0.00" incLanes="D0C0_0 gneE10_0 B0C0_0" intLanes=":C0_0_0 :C0_1_0 :C0_2_0 :C0_3_0" shape="207.67,1.60 207.67,-1.60 207.49,-2.33 205.93,-5.13 203.18,-3.28 202.21,-2.58 201.20,-2.05 199.90,-1.72 198.09,-1.60 198.09,1.60">
        <request index="0" response="0000" foes="0010" cont="0"/>
        <request index="1" response="1001" foes="1001" cont="0"/>
        <request index="2" response="0000" foes="0000" cont="0"/>
        <request index="3" response="0000" foes="0010" cont="0"/>
    </junction>
    <junction id="C1" type="priority" x="200.00" y="100.00" incLanes="D1C1_0 B1C1_0" intLanes=":C1_0_0 :C1_1_0" shape="200.00,101.60 200.00,98.40 200.00,101.60">
        <request index="0" response="00" foes="00" cont="0"/>
        <request index="1" response="00" foes="00" cont="0"/>
    </junction>
    <junction id="D0" type="priority" x="300.00" y="0.00" incLanes="E0D0_0 -gneE12_0 C0D0_0" intLanes=":D0_0_0 :D0_1_0 :D0_2_0 :D0_3_0" shape="305.36,1.60 305.36,-1.60 304.65,-1.72 304.50,-1.87 304.50,-2.07 304.64,-2.34 304.92,-2.66 302.66,-4.92 300.65,-3.08 299.79,-2.43 299.04,-1.97 298.39,-1.69 297.84,-1.60 297.84,1.60">
        <request index="0" response="0000" foes="0010" cont="0"/>
        <request index="1" response="1001" foes="1001" cont="0"/>
        <request index="2" response="0000" foes="0000" cont="0"/>
        <request index="3" response="0000" foes="0010" cont="0"/>
    </junction>
    <junction id="D1" type="priority" x="300.00" y="100.00" incLanes="E1D1_0 C1D1_0 -gneE0_0" intLanes=":D1_0_0 :D1_1_0 :D1_2_0 :D1_3_0" shape="302.16,101.60 302.16,98.40 294.64,98.40 294.64,101.60 295.35,101.72 295.50,101.87 295.50,102.07 295.36,102.34 295.08,102.66 297.34,104.92 299.35,103.08 300.21,102.43 300.96,101.97 301.61,101.69">
        <request index="0" response="0000" foes="0000" cont="0"/>
        <request index="1" response="0000" foes="1000" cont="0"/>
        <request index="2" response="0000" foes="1000" cont="0"/>
        <request index="3" response="0110" foes="0110" cont="0"/>
    </junction>
    <junction id="E0" type="priority" x="400.00" y="0.00" incLanes="E1E0_0 F0E0_0 D0E0_0" intLanes=":E0_0_0 :E0_1_0 :E0_2_0 :E0_3_0" shape="405.93,5.13 407.49,2.33 407.67,1.60 407.67,-1.60 398.09,-1.60 398.09,1.60 401.20,2.05 402.21,2.58 403.18,3.28 404.34,4.14">
        <request index="0" response="0010" foes="0010" cont="0"/>
        <request index="1" response="0000" foes="1001" cont="0"/>
        <request index="2" response="0000" foes="0000" cont="0"/>
        <request index="3" response="0010" foes="0010" cont="0"/>
    </junction>
    <junction id="E1" type="priority" x="400.00" y="100.00" incLanes="F1E1_0 E0E1_0 D1E1_0" intLanes=":E1_0_0 :E1_1_0 :E1_2_0 :E1_3_0" shape="407.67,101.60 407.67,98.40 407.49,97.67 405.93,94.87 403.18,96.72 402.21,97.42 401.20,97.95 399.90,98.28 398.09,98.40 398.09,101.60">
        <request index="0" response="0000" foes="0010" cont="0"/>
        <request index="1" response="1001" foes="1001" cont="0"/>
        <request index="2" response="0000" foes="0000" cont="0"/>
        <request index="3" response="0000" foes="0010" cont="0"/>
    </junction>
    <junction id="F0" type="priority" x="500.00" y="0.00" incLanes="F1F0_0 -gneE32_0 E0F0_0" intLanes=":F0_0_0 :F0_1_0 :F0_2_0 :F0_3_0" shape="500.90,2.33 502.45,-0.47 500.19,-1.68 498.47,-2.49 497.02,-3.07 495.53,-3.59 493.73,-4.22 491.33,-5.13 490.16,-2.15 490.05,-1.60 490.05,1.60 492.41,1.47 494.22,1.20 495.73,0.97 497.18,0.97 498.82,1.36">
        <request index="0" response="0000" foes="0000" cont="0"/>
        <request index="1" response="0000" foes="1000" cont="0"/>
        <request index="2" response="0000" foes="1000" cont="0"/>
        <request index="3" response="0110" foes="0110" cont="0"/>
    </junction>
    <junction id="F1" type="priority" x="500.00" y="100.00" incLanes="F0F1_0 E1F1_0" intLanes=":F1_0_0 :F1_1_0" shape="501.14,101.20 499.59,98.40 499.59,101.60 500.19,101.58 500.40,101.54 500.60,101.47 500.84,101.36">
        <request index="0" response="00" foes="00" cont="0"/>
        <request index="1" response="00" foes="00" cont="0"/>
    </junction>
    <junction id="gneJ1" type="priority" x="200.00" y="200.00" incLanes="gneE20_0 gneE0_0 -gneE1_0" intLanes=":gneJ1_0_0 :gneJ1_1_0 :gneJ1_2_0 :gneJ1_3_0" shape="205.36,201.60 205.36,198.40 204.65,198.28 204.50,198.13 204.50,197.93 204.64,197.66 204.92,197.34 202.66,195.08 200.65,196.92 199.79,197.57 199.04,198.03 198.39,198.31 197.84,198.40 197.84,201.60">
        <request index="0" response="0000" foes="0010" cont="0"/>
        <request index="1" response="1001" foes="1001" cont="0"/>
        <request index="2" response="0000" foes="0000" cont="0"/>
        <request index="3" response="0000" foes="0010" cont="0"/>
    </junction>
    <junction id="gneJ10" type="priority" x="200.00" y="-100.00" incLanes="-gneE10_0 gneE9_0" intLanes=":gneJ10_0_0 :gneJ10_1_0" shape="199.59,-98.40 201.14,-101.20 200.60,-101.47 200.40,-101.54 200.19,-101.58 199.93,-101.60 199.59,-101.60">
        <request index="0" response="00" foes="00" cont="0"/>
        <request index="1" response="00" foes="00" cont="0"/>
    </junction>
    <junction id="gneJ12" type="priority" x="400.00" y="-100.00" incLanes="-gneE14.122_0 gneE12_0 gneE31_0" intLanes=":gneJ12_0_0 :gneJ12_1_0 :gneJ12_2_0 :gneJ12_3_0" shape="402.70,-100.31 400.52,-102.66 395.04,-97.30 397.30,-95.04 397.89,-95.46 398.10,-95.46 398.24,-95.32 398.32,-95.03 398.35,-94.60 401.55,-94.57 401.70,-97.31 401.86,-98.37 402.08,-99.22 402.36,-99.87">
        <request index="0" response="0000" foes="0000" cont="0"/>
        <request index="1" response="0000" foes="1000" cont="0"/>
        <request index="2" response="0000" foes="1000" cont="0"/>
        <request index="3" response="0110" foes="0110" cont="0"/>
    </junction>
    <junction id="gneJ14" type="priority" x="600.00" y="-100.00" incLanes="-gneE16_0 gneE13.107_0" intLanes=":gneJ14_0_0 :gneJ14_1_0" shape="598.87,-98.87 601.22,-101.04 601.04,-101.22">
        <request index="0" response="00" foes="00" cont="0"/>
        <request index="1" response="00" foes="00" cont="0"/>
    </junction>
    <junction id="gneJ16" type="priority" x="600.00" y="100.00" incLanes="gneE15_0 -gneE18_0" intLanes=":gneJ16_0_0 :gneJ16_1_0" shape="601.21,101.05 598.86,98.88 601.07,101.19">
        <request index="0" response="00" foes="00" cont="0"/>
        <request index="1" response="00" foes="00" cont="0"/>
    </junction>
    <junction id="gneJ18" type="priority" x="400.00" y="200.00" incLanes="gneE17_0 -gneE19_0" intLanes=":gneJ18_0_0 :gneJ18_1_0" shape="400.17,201.59 400.02,198.40 399.90,198.40 399.90,201.60">
        <request index="0" response="00" foes="00" cont="0"/>
        <request index="1" response="00" foes="00" cont="0"/>
    </junction>
    <junction id="gneJ19" type="priority" x="300.00" y="200.00" incLanes="gneE19_0 -gneE20_0" intLanes=":gneJ19_0_0 :gneJ19_1_0" shape="300.00,201.60 300.00,198.40 300.00,201.60">
        <request index="0" response="00" foes="00" cont="0"/>
        <request index="1" response="00" foes="00" cont="0"/>
    </junction>
    <junction id="gneJ2" type="priority" x="-100.00" y="200.00" incLanes="gneE1_0 -gneE2_0" intLanes=":gneJ2_0_0 :gneJ2_1_0" shape="-99.95,201.60 -99.95,198.40 -100.14,201.59">
        <request index="0" response="00" foes="00" cont="0"/>
        <request index="1" response="00" foes="00" cont="0"/>
    </junction>
    <junction id="gneJ21" type="priority" x="310.00" y="-110.00" incLanes="-gneE33_0 gneE32.34_0" intLanes=":gneJ21_0_0 :gneJ21_1_0" shape="310.00,-108.40 310.00,-111.60 310.00,-108.40">
        <request index="0" response="00" foes="00" cont="0"/>
        <request index="1" response="00" foes="00" cont="0"/>
    </junction>
    <junction id="gneJ22" type="priority" x="-70.00" y="-110.00" incLanes="-gneE34_0 -gneE43_0 gneE32_0" intLanes=":gneJ22_0_0 :gneJ22_1_0 :gneJ22_2_0 :gneJ22_3_0" shape="-60.19,-108.40 -60.19,-111.60 -60.30,-112.16 -61.49,-115.13 -72.18,-110.96 -71.16,-107.93 -68.92,-108.56 -67.22,-108.82 -65.78,-108.81 -64.32,-108.66 -62.55,-108.49">
        <request index="0" response="0010" foes="0010" cont="0"/>
        <request index="1" response="0000" foes="1001" cont="0"/>
        <request index="2" response="0000" foes="0000" cont="0"/>
        <request index="3" response="0010" foes="0010" cont="0"/>
    </junction>
    <junction id="gneJ23" type="priority" x="370.00" y="-110.00" incLanes="gneE33_0" intLanes=":gneJ23_0_0" shape="370.00,-111.60 370.00,-108.40 370.00,-111.60 370.00,-108.40">
        <request index="0" response="0" foes="0" cont="0"/>
    </junction>
    <junction id="gneJ25" type="priority" x="-180.25" y="-69.14" incLanes="-gneE6_0 -gneE37_0 gneE6_0" intLanes=":gneJ25_0_0 :gneJ25_1_0 :gneJ25_2_0 :gneJ25_3_0" shape="-165.74,-80.52 -168.05,-82.84 -168.46,-83.26 -171.09,-85.09 -182.50,-68.59 -179.80,-66.87 -177.51,-70.38 -175.65,-72.91 -173.90,-74.82 -171.89,-76.48 -169.29,-78.25">
        <request index="0" response="0010" foes="0010" cont="0"/>
        <request index="1" response="0000" foes="1001" cont="0"/>
        <request index="2" response="0000" foes="0000" cont="0"/>
        <request index="3" response="0010" foes="0010" cont="0"/>
    </junction>
    <junction id="gneJ26" type="priority" x="492.31" y="-149.70" incLanes="-gneE14_0 gneE39_0 gneE13_0" intLanes=":gneJ26_0_0 :gneJ26_1_0 :gneJ26_2_0 :gneJ26_3_0" shape="493.93,-148.10 493.93,-151.30 472.61,-151.35 472.60,-148.15 472.66,-147.70 473.16,-144.51 477.46,-145.85 480.68,-146.82 483.37,-147.47 486.10,-147.86 489.43,-148.05">
        <request index="0" response="0000" foes="0000" cont="0"/>
        <request index="1" response="0000" foes="1000" cont="0"/>
        <request index="2" response="0000" foes="1000" cont="0"/>
        <request index="3" response="0110" foes="0110" cont="0"/>
    </junction>
    <junction id="gneJ28" type="priority" x="-60.00" y="-150.00" incLanes="-gneE40_0 -gneE38.389_0 gneE36_0" intLanes=":gneJ28_0_0 :gneJ28_1_0 :gneJ28_2_0 :gneJ28_3_0" shape="-53.31,-144.87 -51.88,-147.73 -51.72,-148.40 -51.72,-151.60 -53.97,-151.63 -55.63,-151.70 -57.01,-151.74 -58.37,-151.72 -60.02,-151.58 -62.24,-151.26 -61.74,-148.10 -58.47,-148.03 -57.37,-147.51 -56.30,-146.76 -55.03,-145.86">
        <request index="0" response="0010" foes="0010" cont="0"/>
        <request index="1" response="0000" foes="1001" cont="0"/>
        <request index="2" response="0000" foes="0000" cont="0"/>
        <request index="3" response="0010" foes="0010" cont="0"/>
    </junction>
    <junction id="gneJ29" type="priority" x="370.00" y="-150.00" incLanes="-gneE39_0 gneE38.370_0 gneE42_0" intLanes=":gneJ29_0_0 :gneJ29_1_0 :gneJ29_2_0 :gneJ29_3_0" shape="371.76,-148.40 371.77,-151.60 358.64,-151.60 358.64,-148.40 358.72,-147.93 359.73,-144.89 362.25,-145.84 364.10,-146.68 365.62,-147.39 367.18,-147.93 369.10,-148.28">
        <request index="0" response="0000" foes="0000" cont="0"/>
        <request index="1" response="0000" foes="1000" cont="0"/>
        <request index="2" response="0000" foes="1000" cont="0"/>
        <request index="3" response="0110" foes="0110" cont="0"/>
    </junction>
    <junction id="gneJ3" type="priority" x="-200.00" y="100.00" incLanes="gneE2_0 -gneE3_0" intLanes=":gneJ3_0_0 :gneJ3_1_0" shape="-201.59,100.14 -198.40,99.95 -201.60,99.95">
        <request index="0" response="00" foes="00" cont="0"/>
        <request index="1" response="00" foes="00" cont="0"/>
    </junction>
    <junction id="gneJ30" type="priority" x="-20.00" y="-130.00" incLanes="-gneE41_0 gneE40_0 gneE43_0" intLanes=":gneJ30_0_0 :gneJ30_1_0 :gneJ30_2_0 :gneJ30_3_0" shape="-18.12,-128.40 -18.12,-131.60 -20.34,-131.84 -21.09,-132.14 -21.81,-132.55 -22.66,-133.07 -23.81,-133.70 -25.24,-130.83 -24.65,-130.40 -24.59,-130.19 -24.67,-129.99 -24.91,-129.79 -25.30,-129.61 -24.11,-126.63 -21.20,-127.95 -20.42,-128.20 -19.45,-128.35">
        <request index="0" response="0000" foes="0000" cont="0"/>
        <request index="1" response="1000" foes="1000" cont="0"/>
        <request index="2" response="1000" foes="1000" cont="0"/>
        <request index="3" response="0000" foes="0110" cont="0"/>
    </junction>
    <junction id="gneJ31" type="priority" x="310.00" y="-130.00" incLanes="-gneE42_0 gneE41_0" intLanes=":gneJ31_0_0 :gneJ31_1_0" shape="310.75,-128.56 309.74,-131.60 309.74,-128.40 310.12,-128.41 310.26,-128.42 310.39,-128.45 310.54,-128.50">
        <request index="0" response="00" foes="00" cont="0"/>
        <request index="1" response="00" foes="00" cont="0"/>
    </junction>
    <junction id="gneJ32" type="priority" x="310.23" y="-150.00" incLanes="-gneE38_0 gneE38.308_0" intLanes=":gneJ32_0_0 :gneJ32_1_0 :gneJ32_2_0" shape="310.23,-148.40 310.23,-151.60 310.23,-148.40">
        <request index="0" response="000" foes="100" cont="0"/>
        <request index="1" response="000" foes="000" cont="0"/>
        <request index="2" response="001" foes="001" cont="0"/>
    </junction>
    <junction id="gneJ33" type="priority" x="-20.18" y="-150.00" incLanes="-gneE38.328_0 gneE38_0" intLanes=":gneJ33_0_0 :gneJ33_1_0 :gneJ33_2_0" shape="-20.18,-148.40 -20.18,-151.60 -20.18,-148.40">
        <request index="0" response="000" foes="000" cont="0"/>
        <request index="1" response="100" foes="100" cont="0"/>
        <request index="2" response="000" foes="010" cont="0"/>
    </junction>
    <junction id="gneJ34" type="priority" x="40.38" y="-150.00" incLanes="-gneE38.119_0 gneE38.39_0" intLanes=":gneJ34_0_0 :gneJ34_1_0" shape="40.38,-148.40 40.38,-151.60 40.38,-148.40">
        <request index="0" response="00" foes="00" cont="0"/>
        <request index="1" response="00" foes="00" cont="0"/>
    </junction>
    <junction id="gneJ35" type="priority" x="249.89" y="-150.00" incLanes="-gneE38.59_0 gneE38.99_0" intLanes=":gneJ35_0_0 :gneJ35_1_0" shape="249.89,-148.40 249.89,-151.60 249.89,-148.40">
        <request index="0" response="00" foes="00" cont="0"/>
        <request index="1" response="00" foes="00" cont="0"/>
    </junction>
    <junction id="gneJ4" type="priority" x="-200.00" y="0.00" incLanes="gneE3_0 -gneE6.88_0" intLanes=":gneJ4_0_0 :gneJ4_1_0" shape="-201.60,0.05 -198.40,0.05 -201.59,-0.14">
        <request index="0" response="00" foes="00" cont="0"/>
        <request index="1" response="00" foes="00" cont="0"/>
    </junction>
    <junction id="gneJ7" type="priority" x="-100.00" y="-100.00" incLanes="-gneE7_0 -gneE34.267_0 gneE6.73_0" intLanes=":gneJ7_0_0 :gneJ7_1_0 :gneJ7_2_0 :gneJ7_3_0" shape="-88.64,-98.40 -88.64,-101.60 -88.72,-102.07 -89.73,-105.11 -92.26,-104.18 -94.12,-103.37 -95.65,-102.69 -97.21,-102.15 -99.14,-101.75 -101.80,-101.50 -101.62,-98.30">
        <request index="0" response="0000" foes="0010" cont="0"/>
        <request index="1" response="1001" foes="1001" cont="0"/>
        <request index="2" response="0000" foes="0000" cont="0"/>
        <request index="3" response="0000" foes="0010" cont="0"/>
    </junction>
    <junction id="gneJ8" type="priority" x="0.00" y="-100.00" incLanes="-gneE8_0 gneE7_0" intLanes=":gneJ8_0_0 :gneJ8_1_0" shape="0.00,-98.40 0.00,-101.60 0.00,-98.40">
        <request index="0" response="00" foes="00" cont="0"/>
        <request index="1" response="00" foes="00" cont="0"/>
    </junction>
    <junction id="gneJ9" type="priority" x="100.00" y="-100.00" incLanes="-gneE9_0 gneE8_0" intLanes=":gneJ9_0_0 :gneJ9_1_0" shape="100.00,-98.40 100.00,-101.60 100.00,-98.40">
        <request index="0" response="00" foes="00" cont="0"/>
        <request index="1" response="00" foes="00" cont="0"/>
    </junction>

    <connection from="-A1A0" to="A1B1" fromLane="0" toLane="0" keepClear="0" via=":A1_2_0" dir="R" state="M"/>
    <connection from="-A1A0" to="gneE28" fromLane="0" toLane="0" keepClear="0" via=":A1_3_0" dir="s" state="M"/>
    <connection from="-gneE0" to="D1E1" fromLane="0" toLane="0" keepClear="0" via=":D1_3_0" dir="l" state="M"/>
    <connection from="-gneE1" to="-gneE0" fromLane="0" toLane="0" keepClear="0" via=":gneJ1_2_0" dir="r" state="M"/>
    <connection from="-gneE1" to="-gneE20" fromLane="0" toLane="0" keepClear="0" via=":gneJ1_3_0" dir="s" state="M"/>
    <connection from="-gneE10" to="-gneE9" fromLane="0" toLane="0" keepClear="0" via=":gneJ10_0_0" dir="s" state="M"/>
    <connection from="-gneE12" to="D0C0" fromLane="0" toLane="0" keepClear="0" via=":D0_1_0" dir="l" state="M"/>
    <connection from="-gneE14" to="-gneE14.122" fromLane="0" toLane="0" via=":gneJ26_0_0" dir="R" state="M"/>
    <connection from="-gneE14" to="-gneE39" fromLane="0" toLane="0" via=":gneJ26_1_0" dir="s" state="M"/>
    <connection from="-gneE14.122" to="-gneE32" fromLane="0" toLane="0" keepClear="0" via=":gneJ12_0_0" dir="r" state="M"/>
    <connection from="-gneE14.122" to="-gneE12" fromLane="0" toLane="0" keepClear="0" via=":gneJ12_1_0" dir="s" state="M"/>
    <connection from="-gneE16" to="-gneE14" fromLane="0" toLane="0" keepClear="0" via=":gneJ14_0_0" dir="s" state="M"/>
    <connection from="-gneE18" to="-gneE16" fromLane="0" toLane="0" keepClear="0" via=":gneJ16_1_0" dir="s" state="M"/>
    <connection from="-gneE19" to="-gneE18" fromLane="0" toLane="0" keepClear="0" via=":gneJ18_1_0" dir="s" state="M"/>
    <connection from="-gneE2" to="-gneE1" fromLane="0" toLane="0" keepClear="0" via=":gneJ2_1_0" dir="s" state="M"/>
    <connection from="-gneE20" to="-gneE19" fromLane="0" toLane="0" keepClear="0" via=":gneJ19_1_0" dir="s" state="M"/>
    <connection from="-gneE24" to="A1A0" fromLane="0" toLane="0" keepClear="0" via=":A1_0_0" dir="s" state="M"/>
    <connection from="-gneE3" to="-gneE2" fromLane="0" toLane="0" keepClear="0" via=":gneJ3_1_0" dir="s" state="M"/>
    <connection from="-gneE32" to="F0F1" fromLane="0" toLane="0" keepClear="0" via=":F0_2_0" dir="s" state="M"/>
    <connection from="-gneE33" to="-gneE34" fromLane="0" toLane="0" via=":gneJ21_0_0" dir="s" state="M"/>
    <connection from="-gneE34" to="-gneE34.267" fromLane="0" toLane="0" via=":gneJ22_0_0" dir="s" state="M"/>
    <connection from="-gneE34.267" to="-gneE6" fromLane="0" toLane="0" via=":gneJ7_1_0" dir="s" state="M"/>
    <connection from="-gneE37" to="-gneE6.88" fromLane="0" toLane="0" via=":gneJ25_1_0" dir="s" state="M"/>
    <connection from="-gneE38" to="-gneE38.59" fromLane="0" toLane="0" via=":gneJ32_0_0" dir="s" state="M"/>
    <connection from="-gneE38.119" to="-gneE38.328" fromLane="0" toLane="0" via=":gneJ34_0_0" dir="s" state="M"/>
    <connection from="-gneE38.328" to="-gneE38.389" fromLane="0" toLane="0" via=":gneJ33_0_0" dir="s" state="M"/>
    <connection from="-gneE38.328" to="gneE38.39" fromLane="0" toLane="0" via=":gneJ33_1_0" dir="t" state="M"/>
    <connection from="-gneE38.389" to="-gneE37" fromLane="0" toLane="0" via=":gneJ28_1_0" dir="s" state="M"/>
    <connection from="-gneE38.59" to="-gneE38.119" fromLane="0" toLane="0" via=":gneJ35_0_0" dir="s" state="M"/>
    <connection from="-gneE39" to="-gneE42" fromLane="0" toLane="0" via=":gneJ29_0_0" dir="R" state="M"/>
    <connection from="-gneE39" to="-gneE38" fromLane="0" toLane="0" via=":gneJ29_1_0" dir="s" state="M"/>
    <connection from="-gneE40" to="-gneE37" fromLane="0" toLane="0" via=":gneJ28_0_0" dir="s" state="M"/>
    <connection from="-gneE41" to="-gneE43" fromLane="0" toLane="0" via=":gneJ30_0_0" dir="s" state="M"/>
    <connection from="-gneE41" to="-gneE40" fromLane="0" toLane="0" via=":gneJ30_1_0" dir="L" state="M"/>
    <connection from="-gneE42" to="-gneE41" fromLane="0" toLane="0" via=":gneJ31_0_0" dir="s" state="M"/>
    <connection from="-gneE43" to="-gneE34.267" fromLane="0" toLane="0" via=":gneJ22_1_0" dir="s" state="M"/>
    <connection from="-gneE6" to="-gneE6.88" fromLane="0" toLane="0" via=":gneJ25_0_0" dir="s" state="M"/>
    <connection from="-gneE6.88" to="-gneE3" fromLane="0" toLane="0" keepClear="0" via=":gneJ4_1_0" dir="s" state="M"/>
    <connection from="-gneE7" to="-gneE6" fromLane="0" toLane="0" via=":gneJ7_0_0" dir="s" state="M"/>
    <connection from="-gneE8" to="-gneE7" fromLane="0" toLane="0" keepClear="0" via=":gneJ8_0_0" dir="s" state="M"/>
    <connection from="-gneE9" to="-gneE8" fromLane="0" toLane="0" keepClear="0" via=":gneJ9_0_0" dir="s" state="M"/>
    <connection from="A0B0" to="B0C0" fromLane="0" toLane="0" keepClear="0" via=":B0_2_0" dir="s" state="M"/>
    <connection from="A1A0" to="A0B0" fromLane="0" toLane="0" keepClear="0" via=":A0_3_0" dir="s" state="M"/>
    <connection from="A1B1" to="B1C1" fromLane="0" toLane="0" keepClear="0" via=":B1_3_0" dir="s" state="M"/>
    <connection from="B0A0" to="-A1A0" fromLane="0" toLane="0" keepClear="0" via=":A0_0_0" dir="R" state="M"/>
    <connection from="B0A0" to="-gneE24" fromLane="0" toLane="0" keepClear="0" via=":A0_1_0" dir="s" state="M"/>
    <connection from="B0B1" to="B1C1" fromLane="0" toLane="0" keepClear="0" via=":B1_2_0" dir="s" state="M"/>
    <connection from="B0C0" to="-gneE10" fromLane="0" toLane="0" keepClear="0" via=":C0_2_0" dir="R" state="M"/>
    <connection from="B0C0" to="C0D0" fromLane="0" toLane="0" keepClear="0" via=":C0_3_0" dir="s" state="M"/>
    <connection from="B1A1" to="A1A0" fromLane="0" toLane="0" keepClear="0" via=":A1_1_0" dir="s" state="M"/>
    <connection from="B1B0" to="B0C0" fromLane="0" toLane="0" keepClear="0" via=":B0_3_0" dir="s" state="M"/>
    <connection from="B1C1" to="C1D1" fromLane="0" toLane="0" keepClear="0" via=":C1_1_0" dir="s" state="M"/>
    <connection from="C0B0" to="B0B1" fromLane="0" toLane="0" keepClear="0" via=":B0_0_0" dir="R" state="M"/>
    <connection from="C0B0" to="B0A0" fromLane="0" toLane="0" keepClear="0" via=":B0_1_0" dir="s" state="M"/>
    <connection from="C0D0" to="gneE12" fromLane="0" toLane="0" keepClear="0" via=":D0_2_0" dir="r" state="M"/>
    <connection from="C0D0" to="D0E0" fromLane="0" toLane="0" keepClear="0" via=":D0_3_0" dir="s" state="M"/>
    <connection from="C1B1" to="B1A1" fromLane="0" toLane="0" keepClear="0" via=":B1_0_0" dir="s" state="M"/>
    <connection from="C1B1" to="B1B0" fromLane="0" toLane="0" keepClear="0" via=":B1_1_0" dir="L" state="M"/>
    <connection from="C1D1" to="D1E1" fromLane="0" toLane="0" keepClear="0" via=":D1_2_0" dir="s" state="M"/>
    <connection from="D0C0" to="C0B0" fromLane="0" toLane="0" keepClear="0" via=":C0_0_0" dir="s" state="M"/>
    <connection from="D0E0" to="E0F0" fromLane="0" toLane="0" keepClear="0" via=":E0_2_0" dir="s" state="M"/>
    <connection from="D0E0" to="E0E1" fromLane="0" toLane="0" keepClear="0" via=":E0_3_0" dir="L" state="M"/>
    <connection from="D1C1" to="C1B1" fromLane="0" toLane="0" keepClear="0" via=":C1_0_0" dir="s" state="M"/>
    <connection from="D1E1" to="E1E0" fromLane="0" toLane="0" keepClear="0" via=":E1_2_0" dir="R" state="M"/>
    <connection from="D1E1" to="E1F1" fromLane="0" toLane="0" keepClear="0" via=":E1_3_0" dir="s" state="M"/>
    <connection from="E0D0" to="D0C0" fromLane="0" toLane="0" keepClear="0" via=":D0_0_0" dir="s" state="M"/>
    <connection from="E0E1" to="E1D1" fromLane="0" toLane="0" keepClear="0" via=":E1_1_0" dir="s" state="M"/>
    <connection from="E0F0" to="F0F1" fromLane="0" toLane="0" keepClear="0" via=":F0_3_0" dir="s" state="M"/>
    <connection from="E1D1" to="gneE0" fromLane="0" toLane="0" keepClear="0" via=":D1_0_0" dir="r" state="M"/>
    <connection from="E1D1" to="D1C1" fromLane="0" toLane="0" keepClear="0" via=":D1_1_0" dir="s" state="M"/>
    <connection from="E1E0" to="E0D0" fromLane="0" toLane="0" keepClear="0" via=":E0_0_0" dir="s" state="M"/>
    <connection from="E1F1" to="F1F0" fromLane="0" toLane="0" keepClear="0" via=":F1_1_0" dir="s" state="M"/>
    <connection from="F0E0" to="E0D0" fromLane="0" toLane="0" keepClear="0" via=":E0_1_0" dir="s" state="M"/>
    <connection from="F0F1" to="F1E1" fromLane="0" toLane="0" keepClear="0" via=":F1_0_0" dir="s" state="M"/>
    <connection from="F1E1" to="E1D1" fromLane="0" toLane="0" keepClear="0" via=":E1_0_0" dir="s" state="M"/>
    <connection from="F1F0" to="F0E0" fromLane="0" toLane="0" keepClear="0" via=":F0_0_0" dir="R" state="M"/>
    <connection from="F1F0" to="gneE31" fromLane="0" toLane="0" keepClear="0" via=":F0_1_0" dir="s" state="M"/>
    <connection from="gneE0" to="gneE1" fromLane="0" toLane="0" keepClear="0" via=":gneJ1_1_0" dir="l" state="M"/>
    <connection from="gneE1" to="gneE2" fromLane="0" toLane="0" keepClear="0" via=":gneJ2_0_0" dir="s" state="M"/>
    <connection from="gneE10" to="C0B0" fromLane="0" toLane="0" keepClear="0" via=":C0_1_0" dir="s" state="M"/>
    <connection from="gneE12" to="gneE13" fromLane="0" toLane="0" keepClear="0" via=":gneJ12_2_0" dir="s" state="M"/>
    <connection from="gneE13" to="gneE13.107" fromLane="0" toLane="0" via=":gneJ26_3_0" dir="s" state="M"/>
    <connection from="gneE13.107" to="gneE15" fromLane="0" toLane="0" keepClear="0" via=":gneJ14_1_0" dir="s" state="M"/>
    <connection from="gneE15" to="gneE17" fromLane="0" toLane="0" keepClear="0" via=":gneJ16_0_0" dir="s" state="M"/>
    <connection from="gneE17" to="gneE19" fromLane="0" toLane="0" keepClear="0" via=":gneJ18_0_0" dir="s" state="M"/>
    <connection from="gneE19" to="gneE20" fromLane="0" toLane="0" keepClear="0" via=":gneJ19_0_0" dir="s" state="M"/>
    <connection from="gneE2" to="gneE3" fromLane="0" toLane="0" keepClear="0" via=":gneJ3_0_0" dir="s" state="M"/>
    <connection from="gneE20" to="gneE1" fromLane="0" toLane="0" keepClear="0" via=":gneJ1_0_0" dir="s" state="M"/>
    <connection from="gneE28" to="A0B0" fromLane="0" toLane="0" keepClear="0" via=":A0_2_0" dir="s" state="M"/>
    <connection from="gneE3" to="gneE6" fromLane="0" toLane="0" keepClear="0" via=":gneJ4_0_0" dir="s" state="M"/>
    <connection from="gneE31" to="gneE13" fromLane="0" toLane="0" keepClear="0" via=":gneJ12_3_0" dir="l" state="M"/>
    <connection from="gneE32" to="gneE43" fromLane="0" toLane="0" via=":gneJ22_2_0" dir="s" state="M"/>
    <connection from="gneE32" to="gneE32.34" fromLane="0" toLane="0" via=":gneJ22_3_0" dir="L" state="M"/>
    <connection from="gneE32.34" to="gneE33" fromLane="0" toLane="0" via=":gneJ21_1_0" dir="s" state="M"/>
    <connection from="gneE33" to="-gneE33" fromLane="0" toLane="0" speed="0.01" via=":gneJ23_0_0" dir="t" state="M"/>
    <connection from="gneE36" to="gneE38" fromLane="0" toLane="0" via=":gneJ28_2_0" dir="s" state="M"/>
    <connection from="gneE36" to="gneE40" fromLane="0" toLane="0" via=":gneJ28_3_0" dir="L" state="M"/>
    <connection from="gneE38" to="gneE38.39" fromLane="0" toLane="0" via=":gneJ33_2_0" dir="s" state="M"/>
    <connection from="gneE38.308" to="gneE38.370" fromLane="0" toLane="0" via=":gneJ32_1_0" dir="s" state="M"/>
    <connection from="gneE38.308" to="-gneE38.59" fromLane="0" toLane="0" via=":gneJ32_2_0" dir="t" state="M"/>
    <connection from="gneE38.370" to="gneE39" fromLane="0" toLane="0" via=":gneJ29_2_0" dir="s" state="M"/>
    <connection from="gneE38.39" to="gneE38.99" fromLane="0" toLane="0" via=":gneJ34_1_0" dir="s" state="M"/>
    <connection from="gneE38.99" to="gneE38.308" fromLane="0" toLane="0" via=":gneJ35_1_0" dir="s" state="M"/>
    <connection from="gneE39" to="gneE13.107" fromLane="0" toLane="0" via=":gneJ26_2_0" dir="s" state="M"/>
    <connection from="gneE40" to="gneE41" fromLane="0" toLane="0" via=":gneJ30_2_0" dir="s" state="M"/>
    <connection from="gneE41" to="gneE42" fromLane="0" toLane="0" via=":gneJ31_1_0" dir="s" state="M"/>
    <connection from="gneE42" to="gneE39" fromLane="0" toLane="0" via=":gneJ29_3_0" dir="s" state="M"/>
    <connection from="gneE43" to="gneE41" fromLane="0" toLane="0" via=":gneJ30_3_0" dir="s" state="M"/>
    <connection from="gneE6" to="gneE36" fromLane="0" toLane="0" via=":gneJ25_2_0" dir="s" state="M"/>
    <connection from="gneE6" to="gneE6.73" fromLane="0" toLane="0" via=":gneJ25_3_0" dir="L" state="M"/>
    <connection from="gneE6.73" to="gneE32" fromLane="0" toLane="0" via=":gneJ7_2_0" dir="R" state="M"/>
    <connection from="gneE6.73" to="gneE7" fromLane="0" toLane="0" via=":gneJ7_3_0" dir="s" state="M"/>
    <connection from="gneE7" to="gneE8" fromLane="0" toLane="0" keepClear="0" via=":gneJ8_1_0" dir="s" state="M"/>
    <connection from="gneE8" to="gneE9" fromLane="0" toLane="0" keepClear="0" via=":gneJ9_1_0" dir="s" state="M"/>
    <connection from="gneE9" to="gneE10" fromLane="0" toLane="0" keepClear="0" via=":gneJ10_1_0" dir="s" state="M"/>

    <connection from=":A0_0" to="-A1A0" fromLane="0" toLane="0" dir="R" state="M"/>
    <connection from=":A0_1" to="-gneE24" fromLane="0" toLane="0" dir="s" state="M"/>
    <connection from=":A0_2" to="A0B0" fromLane="0" toLane="0" dir="s" state="M"/>
    <connection from=":A0_3" to="A0B0" fromLane="0" toLane="0" dir="s" state="M"/>
    <connection from=":A1_0" to="A1A0" fromLane="0" toLane="0" dir="s" state="M"/>
    <connection from=":A1_1" to="A1A0" fromLane="0" toLane="0" dir="s" state="M"/>
    <connection from=":A1_2" to="A1B1" fromLane="0" toLane="0" dir="R" state="M"/>
    <connection from=":A1_3" to="gneE28" fromLane="0" toLane="0" dir="s" state="M"/>
    <connection from=":B0_0" to="B0B1" fromLane="0" toLane="0" dir="R" state="M"/>
    <connection from=":B0_1" to="B0A0" fromLane="0" toLane="0" dir="s" state="M"/>
    <connection from=":B0_2" to="B0C0" fromLane="0" toLane="0" dir="s" state="M"/>
    <connection from=":B0_3" to="B0C0" fromLane="0" toLane="0" dir="s" state="M"/>
    <connection from=":B1_0" to="B1A1" fromLane="0" toLane="0" dir="s" state="M"/>
    <connection from=":B1_1" to="B1B0" fromLane="0" toLane="0" dir="L" state="M"/>
    <connection from=":B1_2" to="B1C1" fromLane="0" toLane="0" dir="s" state="M"/>
    <connection from=":B1_3" to="B1C1" fromLane="0" toLane="0" dir="s" state="M"/>
    <connection from=":C0_0" to="C0B0" fromLane="0" toLane="0" dir="s" state="M"/>
    <connection from=":C0_1" to="C0B0" fromLane="0" toLane="0" dir="s" state="M"/>
    <connection from=":C0_2" to="-gneE10" fromLane="0" toLane="0" dir="R" state="M"/>
    <connection from=":C0_3" to="C0D0" fromLane="0" toLane="0" dir="s" state="M"/>
    <connection from=":C1_0" to="C1B1" fromLane="0" toLane="0" dir="s" state="M"/>
    <connection from=":C1_1" to="C1D1" fromLane="0" toLane="0" dir="s" state="M"/>
    <connection from=":D0_0" to="D0C0" fromLane="0" toLane="0" dir="s" state="M"/>
    <connection from=":D0_1" to="D0C0" fromLane="0" toLane="0" dir="l" state="M"/>
    <connection from=":D0_2" to="gneE12" fromLane="0" toLane="0" dir="r" state="M"/>
    <connection from=":D0_3" to="D0E0" fromLane="0" toLane="0" dir="s" state="M"/>
    <connection from=":D1_0" to="gneE0" fromLane="0" toLane="0" dir="r" state="M"/>
    <connection from=":D1_1" to="D1C1" fromLane="0" toLane="0" dir="s" state="M"/>
    <connection from=":D1_2" to="D1E1" fromLane="0" toLane="0" dir="s" state="M"/>
    <connection from=":D1_3" to="D1E1" fromLane="0" toLane="0" dir="l" state="M"/>
    <connection from=":E0_0" to="E0D0" fromLane="0" toLane="0" dir="s" state="M"/>
    <connection from=":E0_1" to="E0D0" fromLane="0" toLane="0" dir="s" state="M"/>
    <connection from=":E0_2" to="E0F0" fromLane="0" toLane="0" dir="s" state="M"/>
    <connection from=":E0_3" to="E0E1" fromLane="0" toLane="0" dir="L" state="M"/>
    <connection from=":E1_0" to="E1D1" fromLane="0" toLane="0" dir="s" state="M"/>
    <connection from=":E1_1" to="E1D1" fromLane="0" toLane="0" dir="s" state="M"/>
    <connection from=":E1_2" to="E1E0" fromLane="0" toLane="0" dir="R" state="M"/>
    <connection from=":E1_3" to="E1F1" fromLane="0" toLane="0" dir="s" state="M"/>
    <connection from=":F0_0" to="F0E0" fromLane="0" toLane="0" dir="R" state="M"/>
    <connection from=":F0_1" to="gneE31" fromLane="0" toLane="0" dir="s" state="M"/>
    <connection from=":F0_2" to="F0F1" fromLane="0" toLane="0" dir="s" state="M"/>
    <connection from=":F0_3" to="F0F1" fromLane="0" toLane="0" dir="s" state="M"/>
    <connection from=":F1_0" to="F1E1" fromLane="0" toLane="0" dir="s" state="M"/>
    <connection from=":F1_1" to="F1F0" fromLane="0" toLane="0" dir="s" state="M"/>
    <connection from=":gneJ1_0" to="gneE1" fromLane="0" toLane="0" dir="s" state="M"/>
    <connection from=":gneJ1_1" to="gneE1" fromLane="0" toLane="0" dir="l" state="M"/>
    <connection from=":gneJ1_2" to="-gneE0" fromLane="0" toLane="0" dir="r" state="M"/>
    <connection from=":gneJ1_3" to="-gneE20" fromLane="0" toLane="0" dir="s" state="M"/>
    <connection from=":gneJ10_0" to="-gneE9" fromLane="0" toLane="0" dir="s" state="M"/>
    <connection from=":gneJ10_1" to="gneE10" fromLane="0" toLane="0" dir="s" state="M"/>
    <connection from=":gneJ12_0" to="-gneE32" fromLane="0" toLane="0" dir="r" state="M"/>
    <connection from=":gneJ12_1" to="-gneE12" fromLane="0" toLane="0" dir="s" state="M"/>
    <connection from=":gneJ12_2" to="gneE13" fromLane="0" toLane="0" dir="s" state="M"/>
    <connection from=":gneJ12_3" to="gneE13" fromLane="0" toLane="0" dir="l" state="M"/>
    <connection from=":gneJ14_0" to="-gneE14" fromLane="0" toLane="0" dir="s" state="M"/>
    <connection from=":gneJ14_1" to="gneE15" fromLane="0" toLane="0" dir="s" state="M"/>
    <connection from=":gneJ16_0" to="gneE17" fromLane="0" toLane="0" dir="s" state="M"/>
    <connection from=":gneJ16_1" to="-gneE16" fromLane="0" toLane="0" dir="s" state="M"/>
    <connection from=":gneJ18_0" to="gneE19" fromLane="0" toLane="0" dir="s" state="M"/>
    <connection from=":gneJ18_1" to="-gneE18" fromLane="0" toLane="0" dir="s" state="M"/>
    <connection from=":gneJ19_0" to="gneE20" fromLane="0" toLane="0" dir="s" state="M"/>
    <connection from=":gneJ19_1" to="-gneE19" fromLane="0" toLane="0" dir="s" state="M"/>
    <connection from=":gneJ2_0" to="gneE2" fromLane="0" toLane="0" dir="s" state="M"/>
    <connection from=":gneJ2_1" to="-gneE1" fromLane="0" toLane="0" dir="s" state="M"/>
    <connection from=":gneJ21_0" to="-gneE34" fromLane="0" toLane="0" dir="s" state="M"/>
    <connection from=":gneJ21_1" to="gneE33" fromLane="0" toLane="0" dir="s" state="M"/>
    <connection from=":gneJ22_0" to="-gneE34.267" fromLane="0" toLane="0" dir="s" state="M"/>
    <connection from=":gneJ22_1" to="-gneE34.267" fromLane="0" toLane="0" dir="s" state="M"/>
    <connection from=":gneJ22_2" to="gneE43" fromLane="0" toLane="0" dir="s" state="M"/>
    <connection from=":gneJ22_3" to="gneE32.34" fromLane="0" toLane="0" dir="L" state="M"/>
    <connection from=":gneJ23_0" to="-gneE33" fromLane="0" toLane="0" dir="t" state="M"/>
    <connection from=":gneJ25_0" to="-gneE6.88" fromLane="0" toLane="0" dir="s" state="M"/>
    <connection from=":gneJ25_1" to="-gneE6.88" fromLane="0" toLane="0" dir="s" state="M"/>
    <connection from=":gneJ25_2" to="gneE36" fromLane="0" toLane="0" dir="s" state="M"/>
    <connection from=":gneJ25_3" to="gneE6.73" fromLane="0" toLane="0" dir="L" state="M"/>
    <connection from=":gneJ26_0" to="-gneE14.122" fromLane="0" toLane="0" dir="R" state="M"/>
    <connection from=":gneJ26_1" to="-gneE39" fromLane="0" toLane="0" dir="s" state="M"/>
    <connection from=":gneJ26_2" to="gneE13.107" fromLane="0" toLane="0" dir="s" state="M"/>
    <connection from=":gneJ26_3" to="gneE13.107" fromLane="0" toLane="0" dir="s" state="M"/>
    <connection from=":gneJ28_0" to="-gneE37" fromLane="0" toLane="0" dir="s" state="M"/>
    <connection from=":gneJ28_1" to="-gneE37" fromLane="0" toLane="0" dir="s" state="M"/>
    <connection from=":gneJ28_2" to="gneE38" fromLane="0" toLane="0" dir="s" state="M"/>
    <connection from=":gneJ28_3" to="gneE40" fromLane="0" toLane="0" dir="L" state="M"/>
    <connection from=":gneJ29_0" to="-gneE42" fromLane="0" toLane="0" dir="R" state="M"/>
    <connection from=":gneJ29_1" to="-gneE38" fromLane="0" toLane="0" dir="s" state="M"/>
    <connection from=":gneJ29_2" to="gneE39" fromLane="0" toLane="0" dir="s" state="M"/>
    <connection from=":gneJ29_3" to="gneE39" fromLane="0" toLane="0" dir="s" state="M"/>
    <connection from=":gneJ3_0" to="gneE3" fromLane="0" toLane="0" dir="s" state="M"/>
    <connection from=":gneJ3_1" to="-gneE2" fromLane="0" toLane="0" dir="s" state="M"/>
    <connection from=":gneJ30_0" to="-gneE43" fromLane="0" toLane="0" dir="s" state="M"/>
    <connection from=":gneJ30_1" to="-gneE40" fromLane="0" toLane="0" dir="L" state="M"/>
    <connection from=":gneJ30_2" to="gneE41" fromLane="0" toLane="0" dir="s" state="M"/>
    <connection from=":gneJ30_3" to="gneE41" fromLane="0" toLane="0" dir="s" state="M"/>
    <connection from=":gneJ31_0" to="-gneE41" fromLane="0" toLane="0" dir="s" state="M"/>
    <connection from=":gneJ31_1" to="gneE42" fromLane="0" toLane="0" dir="s" state="M"/>
    <connection from=":gneJ32_0" to="-gneE38.59" fromLane="0" toLane="0" dir="s" state="M"/>
    <connection from=":gneJ32_1" to="gneE38.370" fromLane="0" toLane="0" dir="s" state="M"/>
    <connection from=":gneJ32_2" to="-gneE38.59" fromLane="0" toLane="0" dir="t" state="M"/>
    <connection from=":gneJ33_0" to="-gneE38.389" fromLane="0" toLane="0" dir="s" state="M"/>
    <connection from=":gneJ33_1" to="gneE38.39" fromLane="0" toLane="0" dir="t" state="M"/>
    <connection from=":gneJ33_2" to="gneE38.39" fromLane="0" toLane="0" dir="s" state="M"/>
    <connection from=":gneJ34_0" to="-gneE38.328" fromLane="0" toLane="0" dir="s" state="M"/>
    <connection from=":gneJ34_1" to="gneE38.99" fromLane="0" toLane="0" dir="s" state="M"/>
    <connection from=":gneJ35_0" to="-gneE38.119" fromLane="0" toLane="0" dir="s" state="M"/>
    <connection from=":gneJ35_1" to="gneE38.308" fromLane="0" toLane="0" dir="s" state="M"/>
    <connection from=":gneJ4_0" to="gneE6" fromLane="0" toLane="0" dir="s" state="M"/>
    <connection from=":gneJ4_1" to="-gneE3" fromLane="0" toLane="0" dir="s" state="M"/>
    <connection from=":gneJ7_0" to="-gneE6" fromLane="0" toLane="0" dir="s" state="M"/>
    <connection from=":gneJ7_1" to="-gneE6" fromLane="0" toLane="0" dir="s" state="M"/>
    <connection from=":gneJ7_2" to="gneE32" fromLane="0" toLane="0" dir="R" state="M"/>
    <connection from=":gneJ7_3" to="gneE7" fromLane="0" toLane="0" dir="s" state="M"/>
    <connection from=":gneJ8_0" to="-gneE7" fromLane="0" toLane="0" dir="s" state="M"/>
    <connection from=":gneJ8_1" to="gneE8" fromLane="0" toLane="0" dir="s" state="M"/>
    <connection from=":gneJ9_0" to="-gneE8" fromLane="0" toLane="0" dir="s" state="M"/>
    <connection from=":gneJ9_1" to="gneE9" fromLane="0" toLane="0" dir="s" state="M"/>

</net>
